Customer_ID,Cluster_ID,FO_Requirement_Predicted
Customer1,Cluster1,34.251466666666666
Customer10,Cluster10,34.30983333333333
Customer100,Cluster100,34.16343333333334
Customer1000,Cluster100,31.63370000000002
Customer1001,Cluster1,28.3151
Customer1003,Cluster3,33.6726
Customer1004,Cluster4,28.401366666666664
Customer1005,Cluster5,29.35769999999999
Customer1006,Cluster6,31.381799999999984
Customer1007,Cluster7,31.23279999999997
Customer1008,Cluster8,30.10275
Customer1009,Cluster9,29.958075
Customer101,Cluster1,30.811699999999995
Customer1010,Cluster10,31.603566666666662
Customer1011,Cluster11,25.285299999999996
Customer1012,Cluster12,31.505699999999997
Customer1013,Cluster13,31.884899999999995
Customer1014,Cluster14,32.153800000000004
Customer1015,Cluster15,32.061099999999996
Customer1016,Cluster16,35.440149999999996
Customer1017,Cluster17,33.39503333333332
Customer1018,Cluster18,34.18392499999999
Customer1019,Cluster19,23.90770000000001
Customer102,Cluster2,31.13166666666666
Customer1020,Cluster20,30.819433333333336
Customer1021,Cluster21,36.043299999999995
Customer1022,Cluster22,31.626900000000006
Customer1023,Cluster23,32.79155
Customer1024,Cluster24,33.3427
Customer1025,Cluster25,33.033
Customer1026,Cluster26,33.45675
Customer1027,Cluster27,32.9113
Customer1028,Cluster28,30.469150000000006
Customer103,Cluster3,24.320300000000003
Customer1030,Cluster30,31.174449999999993
Customer1032,Cluster32,38.89719999999999
Customer1033,Cluster33,29.184000000000005
Customer1034,Cluster34,28.982899999999997
Customer1035,Cluster35,29.138533333333324
Customer1036,Cluster36,31.247699999999995
Customer1037,Cluster37,31.543625
Customer1038,Cluster38,27.366833333333332
Customer1039,Cluster39,33.56359999999998
Customer104,Cluster4,31.297300000000007
Customer1040,Cluster40,29.992350000000002
Customer1041,Cluster41,32.613800000000005
Customer1042,Cluster42,30.550699999999996
Customer1044,Cluster44,27.12825
Customer1045,Cluster45,32.24600000000001
Customer1046,Cluster46,29.679149999999993
Customer1047,Cluster47,33.45445000000001
Customer1049,Cluster49,30.983366666666665
Customer105,Cluster5,30.852399999999992
Customer1050,Cluster50,31.254375
Customer1051,Cluster51,31.0676
Customer1052,Cluster52,28.637900000000002
Customer1053,Cluster53,33.15610000000001
Customer1054,Cluster54,33.58195
Customer1055,Cluster55,31.0104
Customer1056,Cluster56,26.965150000000015
Customer1057,Cluster57,28.64529999999999
Customer1058,Cluster58,32.287049999999994
Customer1059,Cluster59,30.744700000000005
Customer106,Cluster6,30.296699999999994
Customer1060,Cluster60,32.89419999999999
Customer1061,Cluster61,28.502300000000005
Customer1062,Cluster62,28.630699999999997
Customer1064,Cluster64,26.863100000000014
Customer1065,Cluster65,33.207199999999986
Customer1066,Cluster66,29.330675000000003
Customer1067,Cluster67,30.090400000000017
Customer1068,Cluster68,26.913700000000002
Customer1069,Cluster69,28.9934
Customer107,Cluster7,30.014799999999994
Customer1070,Cluster70,32.03189999999999
Customer1071,Cluster71,28.73476666666666
Customer1072,Cluster72,32.16860000000001
Customer1073,Cluster73,30.014
Customer1074,Cluster74,31.254599999999968
Customer1075,Cluster75,28.32825
Customer1076,Cluster76,31.397999999999996
Customer1077,Cluster77,31.227520000000005
Customer108,Cluster8,29.033024999999995
Customer1080,Cluster80,29.731550000000006
Customer1082,Cluster82,33.44276666666666
Customer1083,Cluster83,31.541599999999995
Customer1084,Cluster84,27.50915
Customer1085,Cluster85,29.69809999999999
Customer1086,Cluster86,27.90410000000001
Customer1087,Cluster87,28.805049999999987
Customer1088,Cluster88,26.508999999999983
Customer1089,Cluster89,31.877100000000006
Customer109,Cluster9,29.751999999999995
Customer1091,Cluster91,30.287449999999993
Customer1092,Cluster92,28.807824999999998
Customer1094,Cluster94,27.34209999999999
Customer1095,Cluster95,28.116766666666667
Customer1097,Cluster97,29.895800000000012
Customer1098,Cluster98,32.182999999999986
Customer1099,Cluster99,35.69909999999999
Customer11,Cluster11,31.4492
Customer110,Cluster10,33.72313333333333
Customer1102,Cluster2,29.041333333333327
Customer1103,Cluster3,34.564200000000014
Customer1104,Cluster4,31.805400000000002
Customer1105,Cluster5,32.2804
Customer1106,Cluster6,29.897099999999988
Customer1107,Cluster7,29.72835
Customer1108,Cluster8,31.034850000000002
Customer1109,Cluster9,30.720800000000004
Customer111,Cluster11,33.52176666666667
Customer1110,Cluster10,29.094499999999993
Customer1111,Cluster11,24.348000000000006
Customer1112,Cluster12,22.793300000000002
Customer1113,Cluster13,29.63009999999998
Customer1114,Cluster14,33.85409999999999
Customer1116,Cluster16,31.160633333333323
Customer1117,Cluster17,30.681400000000004
Customer1118,Cluster18,33.198799999999984
Customer1119,Cluster19,29.810933333333328
Customer112,Cluster12,32.777966666666664
Customer1120,Cluster20,32.625433333333326
Customer1121,Cluster21,32.728874999999995
Customer1122,Cluster22,31.40375000000001
Customer1123,Cluster23,32.23910000000001
Customer1124,Cluster24,29.504099999999983
Customer1125,Cluster25,31.855199999999996
Customer1126,Cluster26,31.582850000000015
Customer1127,Cluster27,31.915666666666663
Customer1128,Cluster28,32.48494999999999
Customer1129,Cluster29,33.69929999999999
Customer113,Cluster13,34.80510000000001
Customer1130,Cluster30,31.079299999999996
Customer1131,Cluster31,30.017149999999987
Customer1132,Cluster32,29.0147
Customer1134,Cluster34,29.300250000000013
Customer1136,Cluster36,29.823866666666664
Customer1137,Cluster37,29.274449999999995
Customer1139,Cluster39,31.51479999999999
Customer114,Cluster14,30.022399999999998
Customer1141,Cluster41,29.68216666666667
Customer1144,Cluster44,31.98790000000002
Customer1145,Cluster45,30.583350000000006
Customer1146,Cluster46,27.87324999999999
Customer1147,Cluster47,28.782549999999997
Customer1148,Cluster48,28.025666666666666
Customer1149,Cluster49,28.88165
Customer115,Cluster15,32.54179999999999
Customer1151,Cluster51,32.949400000000004
Customer1152,Cluster52,29.655699999999996
Customer1153,Cluster53,28.512600000000006
Customer1154,Cluster54,29.916200000000007
Customer1155,Cluster55,27.559599999999993
Customer1156,Cluster56,25.915299999999988
Customer1157,Cluster57,29.244400000000002
Customer1158,Cluster58,33.893900000000016
Customer1159,Cluster59,28.149199999999997
Customer116,Cluster16,32.7063
Customer1160,Cluster60,30.59770000000001
Customer1161,Cluster61,30.869399999999988
Customer1162,Cluster62,27.52725000000001
Customer1164,Cluster64,24.015400000000003
Customer1165,Cluster65,27.634633333333344
Customer1166,Cluster66,29.2087
Customer1167,Cluster67,30.40250000000001
Customer1168,Cluster68,32.9412
Customer1169,Cluster69,26.562099999999997
Customer117,Cluster17,29.861949999999993
Customer1170,Cluster70,27.54383333333333
Customer1172,Cluster72,29.74973333333334
Customer1173,Cluster73,30.275099999999995
Customer1174,Cluster74,23.314900000000012
Customer1176,Cluster76,30.15655
Customer1177,Cluster77,32.087233333333344
Customer1178,Cluster78,26.922850000000004
Customer1179,Cluster79,28.7735
Customer118,Cluster18,30.37265
Customer1180,Cluster80,28.930366666666668
Customer1182,Cluster82,22.5107
Customer1183,Cluster83,29.5554
Customer1184,Cluster84,28.533366666666666
Customer1185,Cluster85,30.428049999999992
Customer1186,Cluster86,33.70229999999999
Customer1187,Cluster87,27.09004999999999
Customer1188,Cluster88,26.72189999999999
Customer1189,Cluster89,31.126450000000006
Customer119,Cluster19,28.3748
Customer1190,Cluster90,29.5631
Customer1192,Cluster92,32.73970000000001
Customer1193,Cluster93,29.225099999999998
Customer1194,Cluster94,30.742700000000003
Customer1195,Cluster95,33.15922499999999
Customer1196,Cluster96,26.09959999999999
Customer1197,Cluster97,28.480266666666676
Customer1198,Cluster98,27.4248
Customer1199,Cluster99,27.48815
Customer12,Cluster12,32.392699999999984
Customer120,Cluster20,33.129149999999996
Customer1200,Cluster100,27.945066666666662
Customer1201,Cluster1,28.29185000000001
Customer1202,Cluster2,34.1136
Customer1203,Cluster3,29.128550000000004
Customer1204,Cluster4,28.884766666666668
Customer1205,Cluster5,30.88986666666666
Customer1206,Cluster6,30.417300000000004
Customer1207,Cluster7,28.85416666666667
Customer1208,Cluster8,29.802899999999994
Customer1209,Cluster9,25.322699999999998
Customer121,Cluster21,32.621399999999994
Customer1213,Cluster13,31.265699999999995
Customer1215,Cluster15,29.76345
Customer1216,Cluster16,32.40186666666666
Customer1218,Cluster18,32.450275
Customer1219,Cluster19,30.420933333333327
Customer122,Cluster22,27.32720000000002
Customer1220,Cluster20,33.785579999999996
Customer1221,Cluster21,31.461750000000002
Customer1222,Cluster22,32.788899999999984
Customer1223,Cluster23,27.522199999999987
Customer1224,Cluster24,30.66669999999999
Customer1225,Cluster25,25.566799999999994
Customer1226,Cluster26,26.38959999999999
Customer1227,Cluster27,34.25253333333333
Customer1228,Cluster28,31.04436666666666
Customer1229,Cluster29,32.71926666666667
Customer123,Cluster23,32.2966
Customer1230,Cluster30,22.276200000000003
Customer1231,Cluster31,32.18176666666667
Customer1232,Cluster32,35.04445
Customer1233,Cluster33,30.13745000000001
Customer1234,Cluster34,31.236549999999994
Customer1235,Cluster35,32.394099999999995
Customer1236,Cluster36,30.537499999999994
Customer1237,Cluster37,31.680199999999985
Customer1238,Cluster38,32.057
Customer1239,Cluster39,30.970049999999983
Customer1240,Cluster40,28.821824999999997
Customer1241,Cluster41,30.59024999999999
Customer1242,Cluster42,32.07029999999999
Customer1243,Cluster43,33.80513333333334
Customer1244,Cluster44,29.76845000000001
Customer1245,Cluster45,34.46779999999998
Customer1246,Cluster46,31.34826666666666
Customer1248,Cluster48,28.63025000000001
Customer1249,Cluster49,24.361000000000004
Customer1250,Cluster50,33.09105
Customer1251,Cluster51,30.244900000000005
Customer1252,Cluster52,24.735300000000002
Customer1253,Cluster53,31.489324999999997
Customer1254,Cluster54,26.029200000000003
Customer1256,Cluster56,29.88115000000001
Customer1257,Cluster57,29.558299999999992
Customer1258,Cluster58,28.06053333333334
Customer1259,Cluster59,31.322375
Customer126,Cluster26,32.89129999999999
Customer1260,Cluster60,29.907966666666653
Customer1261,Cluster61,24.00243333333334
Customer1262,Cluster62,27.404200000000003
Customer1263,Cluster63,28.855999999999995
Customer1264,Cluster64,26.36540000000001
Customer1265,Cluster65,30.559300000000004
Customer1266,Cluster66,30.08413333333333
Customer1267,Cluster67,27.24340000000001
Customer1268,Cluster68,28.017900000000004
Customer1269,Cluster69,29.179200000000005
Customer127,Cluster27,29.33279999999999
Customer1270,Cluster70,26.887549999999997
Customer1271,Cluster71,30.31740000000001
Customer1272,Cluster72,32.65283333333333
Customer1273,Cluster73,29.783500000000004
Customer1274,Cluster74,31.576750000000004
Customer1275,Cluster75,24.771600000000014
Customer1276,Cluster76,27.615924999999997
Customer1277,Cluster77,30.07219999999999
Customer1278,Cluster78,32.2211
Customer128,Cluster28,34.782349999999994
Customer1280,Cluster80,30.381100000000014
Customer1281,Cluster81,31.899650000000005
Customer1282,Cluster82,29.882600000000004
Customer1283,Cluster83,25.7031
Customer1284,Cluster84,31.128350000000008
Customer1285,Cluster85,30.71459999999999
Customer1286,Cluster86,27.175149999999995
Customer1287,Cluster87,29.27440000000001
Customer1288,Cluster88,29.342625000000005
Customer1289,Cluster89,28.148899999999994
Customer1290,Cluster90,27.599850000000007
Customer1291,Cluster91,28.768600000000003
Customer1292,Cluster92,29.96699999999999
Customer1293,Cluster93,30.358549999999994
Customer1294,Cluster94,30.4578
Customer1295,Cluster95,28.362999999999992
Customer1296,Cluster96,28.507299999999997
Customer1297,Cluster97,28.248025
Customer1298,Cluster98,25.359400000000015
Customer1299,Cluster99,30.2111
Customer13,Cluster13,33.101166666666664
Customer130,Cluster30,31.169766666666664
Customer1300,Cluster100,32.18973333333333
Customer1301,Cluster1,34.959300000000006
Customer1302,Cluster2,33.770833333333336
Customer1304,Cluster4,31.990900000000007
Customer1305,Cluster5,33.13660000000001
Customer1306,Cluster6,28.97740000000002
Customer1307,Cluster7,26.764950000000006
Customer1308,Cluster8,30.283900000000013
Customer1309,Cluster9,31.930000000000003
Customer131,Cluster31,31.0134
Customer1310,Cluster10,30.909799999999997
Customer1311,Cluster11,31.58005
Customer1312,Cluster12,26.852750000000007
Customer1313,Cluster13,31.220399999999998
Customer1314,Cluster14,30.282699999999995
Customer1315,Cluster15,30.82899999999998
Customer1316,Cluster16,25.828450000000004
Customer1317,Cluster17,31.205099999999998
Customer1318,Cluster18,30.836933333333334
Customer1319,Cluster19,27.232349999999993
Customer132,Cluster32,29.4674
Customer1320,Cluster20,32.12533333333333
Customer1321,Cluster21,20.537900000000008
Customer1322,Cluster22,29.080099999999995
Customer1323,Cluster23,32.96289999999999
Customer1325,Cluster25,26.371699999999997
Customer1326,Cluster26,31.700900000000004
Customer1327,Cluster27,32.0779
Customer1329,Cluster29,28.56675
Customer133,Cluster33,30.558674999999997
Customer1330,Cluster30,29.204700000000003
Customer1331,Cluster31,30.4684
Customer1332,Cluster32,30.597199999999994
Customer1333,Cluster33,33.66494999999999
Customer1334,Cluster34,30.489599999999996
Customer1335,Cluster35,28.355100000000004
Customer1336,Cluster36,27.971399999999996
Customer1337,Cluster37,29.591700000000003
Customer1338,Cluster38,30.208999999999993
Customer1339,Cluster39,31.09479999999999
Customer134,Cluster34,33.77633333333333
Customer1340,Cluster40,29.1226
Customer1341,Cluster41,23.450700000000005
Customer1342,Cluster42,29.529300000000006
Customer1343,Cluster43,29.279249999999983
Customer1344,Cluster44,27.7309
Customer1345,Cluster45,28.488500000000002
Customer1346,Cluster46,27.921833333333336
Customer1347,Cluster47,26.641566666666673
Customer1349,Cluster49,32.85475
Customer135,Cluster35,30.096599999999988
Customer1350,Cluster50,30.8152
Customer1353,Cluster53,25.702700000000007
Customer1354,Cluster54,29.448466666666665
Customer1355,Cluster55,28.260100000000016
Customer1356,Cluster56,24.337099999999996
Customer1358,Cluster58,29.549774999999993
Customer1359,Cluster59,28.369033333333338
Customer136,Cluster36,30.848599999999994
Customer1360,Cluster60,33.70720000000002
Customer1361,Cluster61,27.144499999999997
Customer1362,Cluster62,30.461799999999997
Customer1363,Cluster63,27.960699999999992
Customer1365,Cluster65,27.482599999999994
Customer1366,Cluster66,27.939299999999992
Customer1367,Cluster67,30.34
Customer1368,Cluster68,30.401300000000006
Customer1369,Cluster69,36.01409999999999
Customer137,Cluster37,34.82164999999999
Customer1370,Cluster70,30.4472
Customer1371,Cluster71,32.442
Customer1372,Cluster72,28.371199999999998
Customer1373,Cluster73,28.2304
Customer1374,Cluster74,32.4213
Customer1375,Cluster75,30.356466666666666
Customer1376,Cluster76,31.161050000000003
Customer1377,Cluster77,27.6384
Customer1378,Cluster78,32.50055
Customer1379,Cluster79,31.090799999999994
Customer138,Cluster38,30.46156666666667
Customer1380,Cluster80,31.9837
Customer1381,Cluster81,30.952
Customer1382,Cluster82,33.151399999999995
Customer1383,Cluster83,32.472999999999985
Customer1384,Cluster84,31.701599999999992
Customer1385,Cluster85,31.186799999999995
Customer1386,Cluster86,25.974000000000025
Customer1387,Cluster87,31.579900000000002
Customer1388,Cluster88,28.700050000000008
Customer1389,Cluster89,30.761149999999994
Customer139,Cluster39,28.098966666666666
Customer1390,Cluster90,30.141133333333325
Customer1391,Cluster91,33.53340000000001
Customer1392,Cluster92,32.94450000000002
Customer1393,Cluster93,30.199999999999996
Customer1394,Cluster94,30.8256
Customer1395,Cluster95,28.496700000000004
Customer1396,Cluster96,29.713849999999994
Customer1397,Cluster97,30.823
Customer1399,Cluster99,32.524300000000004
Customer140,Cluster40,28.503440000000005
Customer1400,Cluster100,32.4456
Customer1401,Cluster1,35.4139
Customer1402,Cluster2,30.75999999999999
Customer1403,Cluster3,33.04800000000001
Customer1404,Cluster4,34.53069999999999
Customer1405,Cluster5,31.402833333333334
Customer1408,Cluster8,35.46485
Customer1409,Cluster9,28.320299999999985
Customer1410,Cluster10,30.336266666666663
Customer1411,Cluster11,28.86966666666666
Customer1412,Cluster12,26.655599999999993
Customer1413,Cluster13,30.8796
Customer1414,Cluster14,30.411925000000007
Customer1415,Cluster15,34.5064
Customer1416,Cluster16,32.09619999999999
Customer1417,Cluster17,28.395249999999987
Customer1418,Cluster18,33.07939999999999
Customer1419,Cluster19,31.355833333333333
Customer142,Cluster42,34.8769
Customer1420,Cluster20,25.91199999999999
Customer1421,Cluster21,32.1322
Customer1422,Cluster22,30.192599999999995
Customer1423,Cluster23,28.1058
Customer1424,Cluster24,27.888300000000005
Customer1425,Cluster25,32.03229999999999
Customer1426,Cluster26,27.066733333333335
Customer1428,Cluster28,28.879399999999993
Customer1429,Cluster29,35.04933333333333
Customer1430,Cluster30,26.889200000000013
Customer1431,Cluster31,28.548699999999993
Customer1432,Cluster32,28.921900000000015
Customer1433,Cluster33,32.30085
Customer1434,Cluster34,30.180766666666674
Customer1435,Cluster35,31.27109999999998
Customer1437,Cluster37,29.887024999999994
Customer1438,Cluster38,26.90639999999999
Customer1439,Cluster39,29.7442
Customer144,Cluster44,26.0158
Customer1440,Cluster40,33.51010000000001
Customer1441,Cluster41,27.82400000000001
Customer1442,Cluster42,29.238949999999996
Customer1443,Cluster43,30.0252
Customer1444,Cluster44,29.6236
Customer1445,Cluster45,30.3734
Customer1446,Cluster46,25.88443333333333
Customer1447,Cluster47,31.583233333333336
Customer1448,Cluster48,29.646649999999994
Customer1449,Cluster49,29.010150000000003
Customer1450,Cluster50,28.9471
Customer1451,Cluster51,30.927966666666663
Customer1452,Cluster52,25.814699999999995
Customer1453,Cluster53,31.72119999999999
Customer1455,Cluster55,30.05109999999999
Customer1456,Cluster56,28.75575
Customer1457,Cluster57,24.150100000000002
Customer1458,Cluster58,31.34465
Customer1459,Cluster59,24.405700000000007
Customer146,Cluster46,27.167149999999992
Customer1462,Cluster62,29.97535000000001
Customer1463,Cluster63,29.262750000000004
Customer1464,Cluster64,29.11739999999999
Customer1465,Cluster65,32.9123
Customer1466,Cluster66,29.37599999999999
Customer1467,Cluster67,28.57246666666667
Customer1468,Cluster68,28.8005
Customer147,Cluster47,29.421233333333333
Customer1470,Cluster70,29.89058
Customer1471,Cluster71,25.025000000000006
Customer1472,Cluster72,27.60726666666666
Customer1473,Cluster73,30.777199999999997
Customer1474,Cluster74,22.876799999999992
Customer1475,Cluster75,24.961299999999998
Customer1476,Cluster76,26.52366666666666
Customer1477,Cluster77,33.36519999999999
Customer1479,Cluster79,34.2815
Customer148,Cluster48,27.672799999999995
Customer1481,Cluster81,29.103966666666665
Customer1482,Cluster82,27.163650000000004
Customer1484,Cluster84,32.0972
Customer1485,Cluster85,29.829800000000002
Customer1486,Cluster86,32.46240000000001
Customer1488,Cluster88,31.711349999999996
Customer1489,Cluster89,32.38410000000001
Customer149,Cluster49,29.21025
Customer1490,Cluster90,30.239699999999992
Customer1492,Cluster92,30.379499999999997
Customer1494,Cluster94,32.073800000000006
Customer1495,Cluster95,28.860450000000014
Customer1496,Cluster96,29.580349999999996
Customer1497,Cluster97,35.9424
Customer1498,Cluster98,28.879299999999997
Customer1499,Cluster99,30.843400000000006
Customer15,Cluster15,26.360400000000006
Customer150,Cluster50,30.766999999999996
Customer1500,Cluster100,32.008799999999994
Customer1501,Cluster1,29.511599999999987
Customer1502,Cluster2,30.82539999999999
Customer1503,Cluster3,29.583799999999993
Customer1504,Cluster4,29.934850000000004
Customer1505,Cluster5,26.128100000000007
Customer1506,Cluster6,30.480499999999992
Customer1507,Cluster7,30.584499999999995
Customer1508,Cluster8,26.708800000000007
Customer151,Cluster51,30.218
Customer1510,Cluster10,25.47294999999999
Customer1511,Cluster11,29.38463333333333
Customer1513,Cluster13,29.153349999999996
Customer1514,Cluster14,31.405200000000033
Customer1515,Cluster15,28.032049999999995
Customer1516,Cluster16,30.67094999999999
Customer1517,Cluster17,26.683949999999996
Customer1518,Cluster18,29.094066666666667
Customer1519,Cluster19,26.912899999999997
Customer152,Cluster52,28.05279999999999
Customer1520,Cluster20,32.53710000000001
Customer1522,Cluster22,33.09210000000001
Customer1524,Cluster24,28.71941666666667
Customer1525,Cluster25,30.49763333333333
Customer1526,Cluster26,34.05759999999999
Customer1527,Cluster27,28.790700000000005
Customer1528,Cluster28,31.449999999999996
Customer1529,Cluster29,29.19325
Customer153,Cluster53,30.82585
Customer1530,Cluster30,30.921640000000004
Customer1531,Cluster31,30.165650000000007
Customer1532,Cluster32,29.0067
Customer1533,Cluster33,30.285739999999997
Customer1534,Cluster34,32.976800000000004
Customer1535,Cluster35,31.578900000000004
Customer1537,Cluster37,34.41489999999999
Customer1539,Cluster39,30.547733333333337
Customer154,Cluster54,26.7386
Customer1540,Cluster40,26.516299999999998
Customer1541,Cluster41,27.108100000000007
Customer1542,Cluster42,28.9736
Customer1543,Cluster43,32.265
Customer1544,Cluster44,30.143949999999997
Customer1546,Cluster46,28.30599999999999
Customer1547,Cluster47,35.8982
Customer1548,Cluster48,28.26305
Customer1549,Cluster49,28.46473333333333
Customer155,Cluster55,30.64706666666667
Customer1550,Cluster50,32.028800000000004
Customer1552,Cluster52,30.28385
Customer1553,Cluster53,28.44270000000001
Customer1554,Cluster54,29.17956666666667
Customer1555,Cluster55,30.687300000000008
Customer1556,Cluster56,32.729833333333325
Customer1559,Cluster59,28.03096666666667
Customer156,Cluster56,31.525266666666663
Customer1560,Cluster60,27.89606666666666
Customer1561,Cluster61,30.939399999999996
Customer1564,Cluster64,32.2539
Customer1565,Cluster65,29.677599999999998
Customer1566,Cluster66,37.4746
Customer1568,Cluster68,26.329599999999996
Customer1569,Cluster69,30.73730000000002
Customer157,Cluster57,31.20313333333333
Customer1570,Cluster70,33.86970000000001
Customer1571,Cluster71,33.6742
Customer1572,Cluster72,29.32844
Customer1573,Cluster73,28.22320000000001
Customer1574,Cluster74,27.077099999999973
Customer1577,Cluster77,28.299400000000002
Customer1578,Cluster78,30.955450000000006
Customer1579,Cluster79,29.47444999999999
Customer158,Cluster58,31.82923333333333
Customer1580,Cluster80,27.979733333333343
Customer1581,Cluster81,30.596899999999987
Customer1582,Cluster82,33.4873
Customer1583,Cluster83,29.613750000000003
Customer1584,Cluster84,27.805499999999995
Customer1585,Cluster85,30.444499999999998
Customer1586,Cluster86,30.6609
Customer1587,Cluster87,24.8061
Customer1588,Cluster88,28.16995
Customer1589,Cluster89,31.952799999999993
Customer159,Cluster59,29.3799
Customer1590,Cluster90,27.72629999999999
Customer1591,Cluster91,33.05740000000001
Customer1592,Cluster92,27.684900000000006
Customer1593,Cluster93,28.2988
Customer1594,Cluster94,28.171000000000003
Customer1595,Cluster95,30.653650000000006
Customer1596,Cluster96,29.5133
Customer1597,Cluster97,28.766433333333335
Customer1598,Cluster98,29.554833333333335
Customer1599,Cluster99,28.281000000000017
Customer16,Cluster16,30.867000000000004
Customer1600,Cluster100,32.50625000000001
Customer1601,Cluster1,30.97599999999999
Customer1603,Cluster3,28.268400000000007
Customer1604,Cluster4,29.872425
Customer1605,Cluster5,30.480499999999996
Customer1606,Cluster6,30.9784
Customer1607,Cluster7,31.158199999999997
Customer1608,Cluster8,31.15813333333333
Customer1609,Cluster9,35.064499999999995
Customer161,Cluster61,25.93895000000001
Customer1610,Cluster10,32.169025
Customer1611,Cluster11,23.936499999999988
Customer1612,Cluster12,29.2239
Customer1613,Cluster13,28.167366666666666
Customer1614,Cluster14,32.139200000000024
Customer1615,Cluster15,29.269950000000012
Customer1616,Cluster16,29.80870000000001
Customer1617,Cluster17,28.508633333333336
Customer1618,Cluster18,29.852649999999997
Customer1619,Cluster19,32.607033333333334
Customer162,Cluster62,30.300600000000003
Customer1620,Cluster20,24.626300000000004
Customer1621,Cluster21,30.06885
Customer1622,Cluster22,34.251000000000005
Customer1623,Cluster23,30.676433333333332
Customer1625,Cluster25,32.207166666666666
Customer1627,Cluster27,29.0445
Customer1628,Cluster28,34.06479999999999
Customer1629,Cluster29,28.913549999999994
Customer1631,Cluster31,29.552199999999985
Customer1632,Cluster32,31.496300000000012
Customer1633,Cluster33,34.12329999999999
Customer1634,Cluster34,28.399250000000002
Customer1635,Cluster35,29.516650000000006
Customer1636,Cluster36,28.880650000000003
Customer1637,Cluster37,31.41145
Customer1639,Cluster39,26.909480000000002
Customer164,Cluster64,23.099800000000002
Customer1640,Cluster40,29.789250000000006
Customer1641,Cluster41,33.07026666666667
Customer1642,Cluster42,29.379900000000006
Customer1643,Cluster43,28.433699999999998
Customer1644,Cluster44,28.586166666666674
Customer1645,Cluster45,29.346999999999994
Customer1646,Cluster46,27.318250000000003
Customer1647,Cluster47,29.48324999999999
Customer1648,Cluster48,29.008300000000002
Customer1649,Cluster49,31.443399999999993
Customer165,Cluster65,33.12679999999998
Customer1650,Cluster50,31.66159999999999
Customer1651,Cluster51,30.0407
Customer1652,Cluster52,32.31930000000003
Customer1653,Cluster53,31.622599999999995
Customer1654,Cluster54,31.693849999999983
Customer1655,Cluster55,30.072700000000005
Customer1656,Cluster56,31.473499999999998
Customer1657,Cluster57,31.216099999999997
Customer1658,Cluster58,28.579620000000013
Customer1659,Cluster59,27.239599999999996
Customer166,Cluster66,32.64673333333334
Customer1660,Cluster60,28.184399999999986
Customer1661,Cluster61,30.15990000000001
Customer1662,Cluster62,28.089000000000013
Customer1663,Cluster63,28.582800000000006
Customer1664,Cluster64,29.249249999999996
Customer1665,Cluster65,28.349999999999994
Customer1667,Cluster67,29.909366666666667
Customer1668,Cluster68,31.073500000000003
Customer1669,Cluster69,26.799666666666667
Customer1670,Cluster70,32.356700000000004
Customer1671,Cluster71,31.565099999999987
Customer1672,Cluster72,30.300900000000006
Customer1673,Cluster73,32.120450000000005
Customer1674,Cluster74,30.74545
Customer1675,Cluster75,27.5361
Customer1676,Cluster76,31.646500000000014
Customer1677,Cluster77,33.900949999999995
Customer1678,Cluster78,30.565275
Customer168,Cluster68,30.03584
Customer1680,Cluster80,24.10639999999999
Customer1681,Cluster81,33.42424999999998
Customer1682,Cluster82,29.551299999999998
Customer1683,Cluster83,35.480300000000014
Customer1684,Cluster84,26.698100000000004
Customer1685,Cluster85,29.48335
Customer1686,Cluster86,26.133800000000004
Customer1687,Cluster87,26.635999999999996
Customer1688,Cluster88,26.600000000000005
Customer1689,Cluster89,29.556699999999992
Customer169,Cluster69,25.91665
Customer1690,Cluster90,27.583799999999993
Customer1691,Cluster91,28.698999999999998
Customer1693,Cluster93,31.176000000000013
Customer1694,Cluster94,31.117300000000007
Customer1695,Cluster95,22.508099999999985
Customer1696,Cluster96,30.141175
Customer1698,Cluster98,25.864733333333334
Customer1699,Cluster99,30.109250000000003
Customer17,Cluster17,26.738699999999994
Customer170,Cluster70,28.318433333333335
Customer1700,Cluster100,29.910900000000016
Customer1701,Cluster1,29.677999999999997
Customer1702,Cluster2,28.231349999999996
Customer1703,Cluster3,33.605300000000035
Customer1704,Cluster4,29.237099999999987
Customer1705,Cluster5,32.502549999999985
Customer1706,Cluster6,26.63300000000001
Customer1707,Cluster7,25.64819999999999
Customer1708,Cluster8,29.285200000000003
Customer171,Cluster71,29.66685
Customer1710,Cluster10,29.72352499999998
Customer1711,Cluster11,27.839000000000002
Customer1712,Cluster12,30.566000000000003
Customer1713,Cluster13,31.403299999999994
Customer1714,Cluster14,27.60765
Customer1715,Cluster15,29.739566666666676
Customer1717,Cluster17,37.4685
Customer1718,Cluster18,30.816799999999994
Customer1719,Cluster19,31.91053333333333
Customer1721,Cluster21,28.67000000000001
Customer1722,Cluster22,30.564000000000004
Customer1723,Cluster23,32.2956
Customer1724,Cluster24,33.57400000000003
Customer1725,Cluster25,31.11700000000001
Customer1726,Cluster26,27.740300000000005
Customer1727,Cluster27,31.557200000000016
Customer1728,Cluster28,26.534299999999995
Customer1729,Cluster29,30.769666666666662
Customer173,Cluster73,26.33365
Customer1730,Cluster30,32.55096666666665
Customer1731,Cluster31,33.7047
Customer1732,Cluster32,30.347
Customer1733,Cluster33,27.19420000000001
Customer1735,Cluster35,34.128049999999995
Customer1736,Cluster36,29.20116666666667
Customer1738,Cluster38,29.0442
Customer1739,Cluster39,30.819900000000004
Customer174,Cluster74,33.09534999999999
Customer1740,Cluster40,30.264900000000008
Customer1741,Cluster41,27.96193333333333
Customer1742,Cluster42,28.617971428571426
Customer1743,Cluster43,29.678400000000007
Customer1744,Cluster44,29.677049999999998
Customer1746,Cluster46,29.67276666666667
Customer1747,Cluster47,27.197100000000002
Customer1748,Cluster48,30.323349999999998
Customer1749,Cluster49,30.258066666666668
Customer1750,Cluster50,29.668250000000008
Customer1751,Cluster51,33.637600000000006
Customer1752,Cluster52,32.151833333333336
Customer1753,Cluster53,34.10460000000001
Customer1754,Cluster54,31.139599999999994
Customer1756,Cluster56,29.893433333333338
Customer1757,Cluster57,32.1303
Customer1758,Cluster58,27.899900000000002
Customer1759,Cluster59,30.849925000000006
Customer176,Cluster76,29.38170000000001
Customer1760,Cluster60,29.849999999999994
Customer1761,Cluster61,28.54243333333333
Customer1762,Cluster62,30.725433333333342
Customer1763,Cluster63,26.880100000000013
Customer1764,Cluster64,33.17070000000001
Customer1765,Cluster65,28.085224999999994
Customer1766,Cluster66,30.42979999999999
Customer1767,Cluster67,29.322000000000013
Customer1768,Cluster68,29.15176666666666
Customer1769,Cluster69,32.02473333333333
Customer177,Cluster77,26.671299999999988
Customer1770,Cluster70,30.939733333333326
Customer1771,Cluster71,29.514799999999994
Customer1774,Cluster74,28.70216666666666
Customer1775,Cluster75,27.594249999999995
Customer1776,Cluster76,31.8742
Customer1779,Cluster79,29.13975
Customer178,Cluster78,30.860799999999994
Customer1780,Cluster80,34.855
Customer1781,Cluster81,29.09986666666666
Customer1782,Cluster82,29.667299999999994
Customer1784,Cluster84,32.969699999999996
Customer1785,Cluster85,30.4629
Customer1786,Cluster86,30.016066666666664
Customer1788,Cluster88,28.838
Customer1789,Cluster89,29.124866666666662
Customer179,Cluster79,29.641650000000002
Customer1790,Cluster90,28.281999999999996
Customer1791,Cluster91,25.19749999999999
Customer1792,Cluster92,29.348600000000005
Customer1793,Cluster93,25.80079999999999
Customer1794,Cluster94,29.1072
Customer1797,Cluster97,29.874325000000002
Customer1799,Cluster99,26.817699999999995
Customer18,Cluster18,29.02711999999999
Customer180,Cluster80,36.50489999999999
Customer1800,Cluster100,30.63289999999999
Customer1801,Cluster1,29.986924999999992
Customer1802,Cluster2,31.1419
Customer1804,Cluster4,30.79896666666667
Customer1805,Cluster5,28.652940000000008
Customer1806,Cluster6,25.93360000000001
Customer1807,Cluster7,31.700549999999993
Customer1808,Cluster8,29.488899999999994
Customer1809,Cluster9,32.805399999999985
Customer181,Cluster81,27.953866666666666
Customer1810,Cluster10,29.57729999999999
Customer1811,Cluster11,31.311700000000002
Customer1812,Cluster12,28.39779999999999
Customer1813,Cluster13,29.431199999999993
Customer1814,Cluster14,28.1064
Customer1815,Cluster15,27.35830000000001
Customer1816,Cluster16,31.06959999999998
Customer1817,Cluster17,26.154099999999993
Customer1818,Cluster18,31.249449999999992
Customer1819,Cluster19,28.374499999999998
Customer182,Cluster82,31.565699999999996
Customer1820,Cluster20,26.612199999999998
Customer1821,Cluster21,27.627549999999992
Customer1822,Cluster22,29.1309
Customer1823,Cluster23,35.15929999999998
Customer1824,Cluster24,30.45020000000001
Customer1825,Cluster25,36.68860000000001
Customer1826,Cluster26,28.40525000000001
Customer1827,Cluster27,26.992299999999982
Customer1828,Cluster28,27.686366666666668
Customer1829,Cluster29,29.93092499999999
Customer183,Cluster83,28.147599999999994
Customer1830,Cluster30,31.401099999999996
Customer1833,Cluster33,30.791600000000006
Customer1834,Cluster34,30.348499999999998
Customer1835,Cluster35,27.689449999999997
Customer1836,Cluster36,29.217466666666667
Customer1837,Cluster37,30.315366666666662
Customer1838,Cluster38,30.313900000000007
Customer1839,Cluster39,29.650999999999993
Customer184,Cluster84,28.071550000000002
Customer1840,Cluster40,30.53080000000001
Customer1841,Cluster41,33.28925
Customer1842,Cluster42,32.4397
Customer1843,Cluster43,30.63513333333334
Customer1844,Cluster44,29.035725000000003
Customer1845,Cluster45,24.416000000000004
Customer1847,Cluster47,26.121066666666668
Customer1848,Cluster48,28.67895
Customer1849,Cluster49,28.449250000000006
Customer185,Cluster85,35.317300000000024
Customer1850,Cluster50,32.90355
Customer1853,Cluster53,31.271349999999995
Customer1855,Cluster55,26.1495
Customer1856,Cluster56,31.200599999999987
Customer1858,Cluster58,33.787000000000006
Customer1859,Cluster59,31.5175
Customer186,Cluster86,30.975399999999993
Customer1860,Cluster60,27.174000000000003
Customer1861,Cluster61,27.873899999999992
Customer1862,Cluster62,30.767999999999994
Customer1863,Cluster63,31.873274999999996
Customer1864,Cluster64,26.80575
Customer1865,Cluster65,29.681900000000002
Customer1866,Cluster66,27.948600000000006
Customer1867,Cluster67,32.3151
Customer1868,Cluster68,31.341099999999994
Customer1869,Cluster69,28.83144999999999
Customer187,Cluster87,25.57726666666666
Customer1870,Cluster70,28.3648
Customer1871,Cluster71,27.012499999999996
Customer1872,Cluster72,29.915966666666666
Customer1873,Cluster73,26.377049999999993
Customer1874,Cluster74,28.45109999999999
Customer1875,Cluster75,32.155800000000006
Customer1876,Cluster76,33.38750000000002
Customer1877,Cluster77,32.583225
Customer1878,Cluster78,30.085950000000004
Customer1879,Cluster79,29.790599999999998
Customer188,Cluster88,28.790399999999995
Customer1880,Cluster80,28.135599999999982
Customer1881,Cluster81,35.40080000000001
Customer1882,Cluster82,29.204399999999996
Customer1884,Cluster84,29.0532
Customer1885,Cluster85,35.22560000000001
Customer1886,Cluster86,31.390400000000003
Customer1887,Cluster87,28.51296666666667
Customer189,Cluster89,31.295799999999996
Customer1890,Cluster90,30.9903
Customer1891,Cluster91,24.79889999999999
Customer1892,Cluster92,28.2081
Customer1893,Cluster93,25.515549999999994
Customer1894,Cluster94,32.657199999999996
Customer1895,Cluster95,31.011199999999988
Customer1897,Cluster97,28.02245
Customer1898,Cluster98,28.827200000000012
Customer1899,Cluster99,29.679300000000012
Customer19,Cluster19,30.665550000000007
Customer190,Cluster90,26.309800000000006
Customer1900,Cluster100,28.226899999999997
Customer1901,Cluster1,37.15989999999999
Customer1902,Cluster2,33.150000000000006
Customer1904,Cluster4,26.819900000000004
Customer1906,Cluster6,31.437600000000014
Customer1907,Cluster7,29.052000000000007
Customer1909,Cluster9,28.691799999999994
Customer191,Cluster91,29.73550000000001
Customer1910,Cluster10,32.108
Customer1913,Cluster13,31.51464999999999
Customer1914,Cluster14,33.690775
Customer1915,Cluster15,29.20705
Customer1916,Cluster16,29.7988
Customer1918,Cluster18,28.18629999999998
Customer1919,Cluster19,33.49139999999999
Customer1920,Cluster20,30.766166666666653
Customer1921,Cluster21,29.28946666666667
Customer1922,Cluster22,29.17876666666667
Customer1923,Cluster23,33.917500000000004
Customer1924,Cluster24,31.5751
Customer1925,Cluster25,32.26865
Customer1926,Cluster26,26.030399999999986
Customer1927,Cluster27,29.888399999999987
Customer1928,Cluster28,28.155425000000008
Customer1929,Cluster29,31.908350000000006
Customer1930,Cluster30,29.764799999999997
Customer1931,Cluster31,30.941233333333333
Customer1932,Cluster32,29.152299999999997
Customer1934,Cluster34,34.0201
Customer1936,Cluster36,33.907399999999996
Customer1937,Cluster37,30.998533333333313
Customer1938,Cluster38,28.92645000000001
Customer1939,Cluster39,32.444
Customer194,Cluster94,32.409099999999995
Customer1941,Cluster41,29.855150000000002
Customer1942,Cluster42,28.372899999999998
Customer1943,Cluster43,33.89589999999998
Customer1944,Cluster44,30.391200000000005
Customer1945,Cluster45,24.772199999999994
Customer1946,Cluster46,35.39289999999998
Customer1947,Cluster47,25.765650000000008
Customer1949,Cluster49,31.877950000000006
Customer195,Cluster95,31.501499999999993
Customer1950,Cluster50,29.71750000000002
Customer1952,Cluster52,27.716099999999997
Customer1953,Cluster53,29.64796666666666
Customer1955,Cluster55,28.4645
Customer1956,Cluster56,29.473350000000003
Customer1957,Cluster57,27.584500000000006
Customer1958,Cluster58,30.43609999999999
Customer1959,Cluster59,29.00160000000001
Customer196,Cluster96,26.10729999999999
Customer1960,Cluster60,27.66995
Customer1961,Cluster61,29.426249999999992
Customer1962,Cluster62,32.389500000000005
Customer1963,Cluster63,29.05954999999999
Customer1964,Cluster64,28.470599999999997
Customer1965,Cluster65,27.30120000000001
Customer1966,Cluster66,28.4831
Customer1967,Cluster67,31.2042
Customer1968,Cluster68,30.392200000000006
Customer1969,Cluster69,29.75093333333334
Customer197,Cluster97,28.817400000000003
Customer1970,Cluster70,26.965499999999988
Customer1971,Cluster71,32.28310000000001
Customer1972,Cluster72,31.868699999999997
Customer1973,Cluster73,29.537249999999993
Customer1974,Cluster74,34.275499999999994
Customer1975,Cluster75,27.80865
Customer1976,Cluster76,31.716200000000015
Customer1977,Cluster77,27.464060000000007
Customer1978,Cluster78,33.93315
Customer1979,Cluster79,29.3517
Customer198,Cluster98,35.22999999999998
Customer1981,Cluster81,29.683600000000002
Customer1982,Cluster82,31.8579
Customer1984,Cluster84,27.37290000000001
Customer1985,Cluster85,28.245633333333334
Customer1986,Cluster86,32.333899999999986
Customer1987,Cluster87,28.297399999999993
Customer1988,Cluster88,31.453950000000006
Customer1989,Cluster89,30.818399999999997
Customer1990,Cluster90,32.222800000000014
Customer1991,Cluster91,28.904125
Customer1992,Cluster92,29.897999999999996
Customer1993,Cluster93,31.215833333333336
Customer1994,Cluster94,30.909900000000015
Customer1995,Cluster95,27.283949999999997
Customer1996,Cluster96,28.9782
Customer1998,Cluster98,27.469100000000005
Customer1999,Cluster99,25.25420000000001
Customer2,Cluster2,30.367925000000003
Customer20,Cluster20,31.34013333333334
Customer200,Cluster100,29.554000000000016
Customer2000,Cluster100,28.212166666666665
Customer201,Cluster1,28.890649999999994
Customer202,Cluster2,24.0057
Customer203,Cluster3,29.08307499999999
Customer204,Cluster4,29.1105
Customer205,Cluster5,31.6451
Customer206,Cluster6,28.06866666666667
Customer207,Cluster7,29.2624
Customer208,Cluster8,28.06780000000001
Customer21,Cluster21,34.065999999999995
Customer210,Cluster10,32.901333333333326
Customer211,Cluster11,30.5842
Customer212,Cluster12,30.102933333333336
Customer213,Cluster13,33.9307
Customer214,Cluster14,37.00600000000001
Customer215,Cluster15,29.172166666666666
Customer216,Cluster16,30.268249999999995
Customer217,Cluster17,28.947366666666667
Customer219,Cluster19,25.45600000000001
Customer22,Cluster22,31.182200000000012
Customer220,Cluster20,33.52080000000001
Customer221,Cluster21,30.291099999999997
Customer222,Cluster22,25.512000000000004
Customer223,Cluster23,28.680149999999994
Customer224,Cluster24,26.100499999999993
Customer225,Cluster25,29.792700000000018
Customer226,Cluster26,32.9749
Customer228,Cluster28,29.792999999999992
Customer229,Cluster29,27.240700000000007
Customer230,Cluster30,30.022799999999982
Customer231,Cluster31,30.902333333333342
Customer232,Cluster32,31.887799999999988
Customer233,Cluster33,31.097400000000025
Customer234,Cluster34,33.03694999999999
Customer235,Cluster35,30.3264
Customer236,Cluster36,31.537000000000006
Customer237,Cluster37,27.001199999999987
Customer238,Cluster38,30.835949999999993
Customer239,Cluster39,32.54515
Customer24,Cluster24,27.658
Customer240,Cluster40,31.637249999999995
Customer241,Cluster41,30.1404
Customer242,Cluster42,27.753099999999993
Customer243,Cluster43,30.6594
Customer244,Cluster44,28.32677499999999
Customer245,Cluster45,27.620849999999997
Customer246,Cluster46,30.598400000000012
Customer247,Cluster47,28.321900000000007
Customer248,Cluster48,31.386900000000004
Customer249,Cluster49,28.5749
Customer25,Cluster25,28.790799999999997
Customer250,Cluster50,33.435
Customer251,Cluster51,29.857999999999997
Customer252,Cluster52,32.7117
Customer253,Cluster53,30.33044
Customer254,Cluster54,28.118650000000006
Customer255,Cluster55,28.190900000000006
Customer256,Cluster56,27.257375000000007
Customer257,Cluster57,30.51199999999999
Customer258,Cluster58,25.508499999999994
Customer259,Cluster59,27.646433333333334
Customer26,Cluster26,29.99179999999999
Customer260,Cluster60,31.475900000000017
Customer261,Cluster61,32.3159
Customer262,Cluster62,32.687
Customer264,Cluster64,26.78125
Customer266,Cluster66,32.989433333333324
Customer267,Cluster67,30.417750000000005
Customer27,Cluster27,31.396799999999995
Customer270,Cluster70,29.866350000000004
Customer271,Cluster71,29.536049999999996
Customer272,Cluster72,31.513649999999995
Customer273,Cluster73,26.772750000000002
Customer274,Cluster74,26.423999999999996
Customer275,Cluster75,28.252149999999993
Customer276,Cluster76,27.7408
Customer277,Cluster77,30.341175000000007
Customer278,Cluster78,25.1737
Customer279,Cluster79,28.026300000000024
Customer28,Cluster28,29.9966
Customer280,Cluster80,28.532099999999996
Customer281,Cluster81,26.77125
Customer283,Cluster83,27.3169
Customer284,Cluster84,28.193199999999997
Customer285,Cluster85,30.152949999999997
Customer286,Cluster86,35.03930000000001
Customer287,Cluster87,28.599399999999996
Customer288,Cluster88,26.30943333333333
Customer289,Cluster89,28.588249999999995
Customer29,Cluster29,31.010799999999993
Customer290,Cluster90,32.57139999999999
Customer291,Cluster91,28.582500000000003
Customer292,Cluster92,32.57790000000001
Customer293,Cluster93,30.45304999999999
Customer295,Cluster95,29.54275000000001
Customer298,Cluster98,29.034000000000002
Customer299,Cluster99,25.841799999999992
Customer3,Cluster3,29.56779999999999
Customer30,Cluster30,30.332966666666664
Customer300,Cluster100,27.502499999999998
Customer301,Cluster1,30.622299999999985
Customer303,Cluster3,29.279300000000006
Customer304,Cluster4,29.200560000000007
Customer305,Cluster5,32.045
Customer306,Cluster6,29.558066666666672
Customer307,Cluster7,32.33760000000001
Customer308,Cluster8,27.609275000000004
Customer31,Cluster31,34.432299999999984
Customer310,Cluster10,30.96703333333332
Customer311,Cluster11,28.358266666666662
Customer312,Cluster12,29.566950000000002
Customer313,Cluster13,33.37373333333333
Customer314,Cluster14,32.602499999999985
Customer315,Cluster15,26.672599999999992
Customer316,Cluster16,31.31615
Customer317,Cluster17,28.952850000000005
Customer318,Cluster18,26.8503
Customer319,Cluster19,30.13836666666667
Customer32,Cluster32,29.23972500000001
Customer320,Cluster20,26.72735
Customer321,Cluster21,29.0531
Customer322,Cluster22,28.59175
Customer323,Cluster23,29.92855
Customer324,Cluster24,29.78885000000001
Customer325,Cluster25,28.991433333333337
Customer327,Cluster27,31.73184
Customer328,Cluster28,28.956874999999997
Customer329,Cluster29,34.289500000000004
Customer33,Cluster33,31.236174999999996
Customer330,Cluster30,30.999650000000006
Customer331,Cluster31,29.666149999999995
Customer332,Cluster32,30.073433333333337
Customer333,Cluster33,28.481400000000004
Customer335,Cluster35,33.19896666666667
Customer336,Cluster36,29.519366666666674
Customer337,Cluster37,30.654099999999993
Customer339,Cluster39,26.974425000000004
Customer34,Cluster34,21.97009999999999
Customer340,Cluster40,27.300533333333334
Customer341,Cluster41,30.18264999999999
Customer343,Cluster43,30.13919999999998
Customer344,Cluster44,27.5796
Customer345,Cluster45,29.944699999999994
Customer346,Cluster46,30.311000000000003
Customer347,Cluster47,27.5246
Customer348,Cluster48,28.717549999999996
Customer349,Cluster49,29.837299999999995
Customer35,Cluster35,29.015600000000003
Customer350,Cluster50,34.69189999999999
Customer351,Cluster51,24.89833333333333
Customer352,Cluster52,26.7402
Customer353,Cluster53,28.353133333333336
Customer354,Cluster54,31.468275
Customer355,Cluster55,31.3772
Customer356,Cluster56,34.4688
Customer357,Cluster57,29.26045
Customer358,Cluster58,32.32929999999999
Customer359,Cluster59,27.557550000000013
Customer36,Cluster36,33.36959999999999
Customer362,Cluster62,35.69219999999999
Customer364,Cluster64,29.185899999999997
Customer365,Cluster65,28.72995000000001
Customer367,Cluster67,33.41480000000001
Customer368,Cluster68,31.758300000000006
Customer369,Cluster69,28.186900000000005
Customer37,Cluster37,30.08388
Customer370,Cluster70,32.318400000000004
Customer371,Cluster71,25.687649999999998
Customer372,Cluster72,32.9057
Customer373,Cluster73,27.2453
Customer375,Cluster75,30.111066666666662
Customer377,Cluster77,29.65700000000001
Customer378,Cluster78,30.296933333333328
Customer379,Cluster79,28.9523
Customer38,Cluster38,28.937200000000004
Customer380,Cluster80,28.681149999999995
Customer381,Cluster81,33.386399999999995
Customer382,Cluster82,28.696349999999995
Customer383,Cluster83,28.878500000000013
Customer384,Cluster84,27.276700000000005
Customer385,Cluster85,29.69505000000001
Customer387,Cluster87,28.891050000000003
Customer388,Cluster88,30.619999999999994
Customer389,Cluster89,30.88452
Customer39,Cluster39,32.57090000000001
Customer390,Cluster90,31.417399999999997
Customer391,Cluster91,31.629450000000006
Customer392,Cluster92,31.230799999999995
Customer393,Cluster93,26.54869999999999
Customer394,Cluster94,32.28780000000001
Customer395,Cluster95,30.61623333333334
Customer397,Cluster97,35.5668
Customer398,Cluster98,26.280700000000007
Customer399,Cluster99,27.999875
Customer4,Cluster4,32.06940000000001
Customer40,Cluster40,28.72903333333333
Customer400,Cluster100,31.54910000000001
Customer401,Cluster1,31.51376666666668
Customer402,Cluster2,30.034100000000002
Customer403,Cluster3,28.407500000000006
Customer404,Cluster4,32.13199999999999
Customer405,Cluster5,30.148500000000013
Customer406,Cluster6,31.81283333333333
Customer407,Cluster7,27.030450000000002
Customer409,Cluster9,28.958266666666674
Customer41,Cluster41,30.176200000000005
Customer410,Cluster10,33.780166666666666
Customer411,Cluster11,24.666599999999995
Customer412,Cluster12,32.85985
Customer413,Cluster13,31.74472500000001
Customer414,Cluster14,30.4382
Customer416,Cluster16,30.120150000000017
Customer417,Cluster17,31.134299999999993
Customer42,Cluster42,27.917999999999996
Customer420,Cluster20,30.116999999999997
Customer422,Cluster22,26.50504999999999
Customer423,Cluster23,30.246900000000004
Customer424,Cluster24,28.86863333333334
Customer425,Cluster25,29.8686
Customer426,Cluster26,30.173774999999992
Customer427,Cluster27,28.860699999999994
Customer429,Cluster29,31.775433333333336
Customer43,Cluster43,31.563649999999992
Customer430,Cluster30,32.801300000000005
Customer431,Cluster31,32.42376666666667
Customer432,Cluster32,32.22043333333333
Customer434,Cluster34,28.094799999999992
Customer436,Cluster36,32.5046
Customer438,Cluster38,30.352133333333327
Customer439,Cluster39,32.43545
Customer440,Cluster40,30.938599999999997
Customer441,Cluster41,29.659350000000003
Customer442,Cluster42,27.001899999999996
Customer443,Cluster43,29.724300000000017
Customer444,Cluster44,28.91119999999999
Customer445,Cluster45,27.921200000000002
Customer446,Cluster46,31.771199999999975
Customer447,Cluster47,29.040139999999997
Customer448,Cluster48,28.25940000000001
Customer45,Cluster45,28.04886666666667
Customer451,Cluster51,29.71215
Customer452,Cluster52,28.915000000000003
Customer453,Cluster53,28.653300000000005
Customer455,Cluster55,28.0689
Customer456,Cluster56,29.507099999999998
Customer458,Cluster58,29.45179999999999
Customer459,Cluster59,29.41836666666667
Customer46,Cluster46,28.245149999999988
Customer460,Cluster60,27.306466666666665
Customer461,Cluster61,30.1164
Customer462,Cluster62,28.06435
Customer463,Cluster63,33.81749999999999
Customer464,Cluster64,31.739600000000006
Customer466,Cluster66,28.7974
Customer467,Cluster67,29.70023333333333
Customer468,Cluster68,29.82655
Customer469,Cluster69,29.46439999999999
Customer47,Cluster47,30.42675
Customer470,Cluster70,28.838999999999995
Customer471,Cluster71,30.550499999999992
Customer472,Cluster72,30.35390000000001
Customer473,Cluster73,28.172299999999993
Customer474,Cluster74,25.98166666666666
Customer475,Cluster75,30.71784999999999
Customer476,Cluster76,30.035060000000005
Customer477,Cluster77,27.11755000000001
Customer478,Cluster78,28.81629999999999
Customer479,Cluster79,33.15123333333333
Customer48,Cluster48,27.560500000000008
Customer480,Cluster80,28.842199999999995
Customer482,Cluster82,33.64075
Customer483,Cluster83,28.01910000000001
Customer484,Cluster84,29.080650000000013
Customer485,Cluster85,31.41519999999999
Customer486,Cluster86,28.2631
Customer487,Cluster87,25.500900000000012
Customer489,Cluster89,30.53665
Customer49,Cluster49,36.6955
Customer490,Cluster90,28.218266666666675
Customer491,Cluster91,29.723499999999994
Customer494,Cluster94,31.528500000000005
Customer495,Cluster95,31.029550000000008
Customer496,Cluster96,31.656899999999993
Customer497,Cluster97,29.123833333333334
Customer498,Cluster98,30.307000000000006
Customer499,Cluster99,32.50605
Customer5,Cluster5,29.232066666666665
Customer50,Cluster50,25.190499999999997
Customer500,Cluster100,29.18485
Customer502,Cluster2,30.552800000000005
Customer504,Cluster4,32.74386666666666
Customer505,Cluster5,30.971749999999993
Customer506,Cluster6,28.002466666666663
Customer507,Cluster7,30.046699999999998
Customer508,Cluster8,30.10289999999999
Customer509,Cluster9,29.160500000000017
Customer510,Cluster10,29.9463
Customer511,Cluster11,29.830900000000003
Customer512,Cluster12,31.098850000000013
Customer513,Cluster13,34.073800000000006
Customer514,Cluster14,28.792375
Customer515,Cluster15,31.017200000000003
Customer516,Cluster16,28.0542
Customer518,Cluster18,29.792700000000014
Customer519,Cluster19,27.51570000000001
Customer52,Cluster52,28.927033333333338
Customer520,Cluster20,28.78446666666667
Customer521,Cluster21,30.463799999999992
Customer522,Cluster22,29.073300000000017
Customer523,Cluster23,33.068675
Customer524,Cluster24,30.95740000000001
Customer525,Cluster25,31.76297499999999
Customer526,Cluster26,30.5193
Customer527,Cluster27,27.999799999999993
Customer528,Cluster28,27.701699999999988
Customer529,Cluster29,30.881699999999988
Customer53,Cluster53,32.05829999999999
Customer530,Cluster30,29.788700000000002
Customer531,Cluster31,29.872749999999996
Customer532,Cluster32,30.830450000000006
Customer533,Cluster33,29.105850000000004
Customer535,Cluster35,27.002900000000018
Customer536,Cluster36,30.80859999999999
Customer537,Cluster37,30.248949999999994
Customer538,Cluster38,27.744800000000005
Customer54,Cluster54,27.957300000000004
Customer541,Cluster41,27.462900000000005
Customer542,Cluster42,27.71324999999999
Customer543,Cluster43,30.724000000000004
Customer544,Cluster44,29.37729999999999
Customer545,Cluster45,30.50043333333332
Customer546,Cluster46,28.42855
Customer548,Cluster48,29.15979999999999
Customer549,Cluster49,27.369949999999992
Customer55,Cluster55,26.39965
Customer550,Cluster50,27.275425
Customer551,Cluster51,28.655166666666673
Customer552,Cluster52,28.2232
Customer553,Cluster53,27.815600000000003
Customer554,Cluster54,26.634666666666664
Customer556,Cluster56,29.839799999999997
Customer557,Cluster57,29.262075000000003
Customer56,Cluster56,30.25749999999999
Customer560,Cluster60,28.76019999999999
Customer561,Cluster61,23.28059999999999
Customer563,Cluster63,28.6308
Customer564,Cluster64,29.333766666666666
Customer565,Cluster65,26.42080000000001
Customer566,Cluster66,30.558066666666665
Customer567,Cluster67,29.515749999999997
Customer568,Cluster68,29.705200000000005
Customer569,Cluster69,28.069599999999994
Customer57,Cluster57,30.342199999999984
Customer570,Cluster70,29.323266666666665
Customer571,Cluster71,29.28915
Customer572,Cluster72,28.95909999999999
Customer573,Cluster73,30.65923333333333
Customer574,Cluster74,30.391149999999996
Customer575,Cluster75,31.527449999999995
Customer576,Cluster76,29.943
Customer577,Cluster77,29.532150000000005
Customer578,Cluster78,28.811100000000014
Customer579,Cluster79,27.72375
Customer58,Cluster58,27.2147
Customer580,Cluster80,30.95946666666667
Customer581,Cluster81,32.13533333333333
Customer582,Cluster82,30.915600000000005
Customer583,Cluster83,34.756600000000006
Customer584,Cluster84,30.611750000000004
Customer585,Cluster85,25.055500000000002
Customer586,Cluster86,32.490775000000006
Customer587,Cluster87,32.02436666666666
Customer588,Cluster88,25.566099999999988
Customer589,Cluster89,31.290799999999987
Customer591,Cluster91,30.248450000000002
Customer592,Cluster92,30.9215
Customer593,Cluster93,30.530899999999995
Customer594,Cluster94,29.9859
Customer595,Cluster95,33.622600000000006
Customer597,Cluster97,30.879233333333335
Customer599,Cluster99,29.46865
Customer6,Cluster6,32.3536
Customer60,Cluster60,29.82760000000001
Customer600,Cluster100,32.606500000000004
Customer601,Cluster1,27.99729999999999
Customer602,Cluster2,31.172966666666657
Customer603,Cluster3,26.7457
Customer604,Cluster4,29.224700000000002
Customer605,Cluster5,33.05400000000003
Customer606,Cluster6,31.48980000000001
Customer608,Cluster8,29.000766666666653
Customer609,Cluster9,28.076333333333334
Customer61,Cluster61,28.742433333333338
Customer610,Cluster10,34.55549999999999
Customer612,Cluster12,30.239499999999992
Customer613,Cluster13,31.229049999999987
Customer615,Cluster15,26.9504
Customer616,Cluster16,23.708200000000012
Customer619,Cluster19,26.219749999999998
Customer62,Cluster62,30.39515
Customer620,Cluster20,28.184533333333334
Customer621,Cluster21,29.629699999999993
Customer622,Cluster22,29.586933333333334
Customer623,Cluster23,28.951799999999995
Customer624,Cluster24,27.9546
Customer626,Cluster26,26.2001
Customer627,Cluster27,27.41525
Customer629,Cluster29,29.63826666666667
Customer63,Cluster63,27.6081
Customer630,Cluster30,28.975649999999995
Customer632,Cluster32,25.493150000000014
Customer633,Cluster33,32.7473
Customer634,Cluster34,30.62235000000001
Customer635,Cluster35,31.8566
Customer636,Cluster36,31.671900000000008
Customer637,Cluster37,29.438200000000002
Customer638,Cluster38,32.64330000000001
Customer639,Cluster39,31.975399999999993
Customer64,Cluster64,29.185666666666663
Customer640,Cluster40,31.92584999999999
Customer641,Cluster41,33.305099999999996
Customer643,Cluster43,28.449350000000006
Customer645,Cluster45,29.50935
Customer646,Cluster46,29.35269999999999
Customer647,Cluster47,30.150800000000004
Customer648,Cluster48,27.54976666666666
Customer649,Cluster49,29.03654999999999
Customer65,Cluster65,25.581900000000005
Customer650,Cluster50,30.582449999999994
Customer651,Cluster51,29.89765
Customer652,Cluster52,36.8369
Customer653,Cluster53,28.73909999999999
Customer654,Cluster54,30.948200000000014
Customer655,Cluster55,29.6912
Customer656,Cluster56,33.40729999999999
Customer657,Cluster57,27.416049999999995
Customer658,Cluster58,29.920666666666666
Customer659,Cluster59,31.404799999999998
Customer660,Cluster60,29.323550000000004
Customer661,Cluster61,36.09560000000001
Customer662,Cluster62,27.082500000000003
Customer665,Cluster65,31.748599999999996
Customer666,Cluster66,33.468900000000005
Customer667,Cluster67,28.952600000000025
Customer669,Cluster69,32.255849999999995
Customer67,Cluster67,33.518550000000005
Customer670,Cluster70,30.885499999999993
Customer672,Cluster72,31.003249999999998
Customer673,Cluster73,29.1778
Customer674,Cluster74,29.357000000000003
Customer675,Cluster75,30.477839999999997
Customer677,Cluster77,35.977599999999995
Customer678,Cluster78,32.64959999999999
Customer679,Cluster79,28.71529999999999
Customer68,Cluster68,29.538299999999982
Customer681,Cluster81,32.31840000000001
Customer682,Cluster82,29.6226
Customer683,Cluster83,29.815950000000008
Customer684,Cluster84,35.0966
Customer686,Cluster86,31.511699999999998
Customer688,Cluster88,30.57639999999999
Customer690,Cluster90,28.683033333333327
Customer691,Cluster91,29.235580000000006
Customer692,Cluster92,26.5588
Customer693,Cluster93,20.879099999999998
Customer695,Cluster95,30.889966666666666
Customer696,Cluster96,29.36390000000001
Customer697,Cluster97,28.9844
Customer698,Cluster98,31.275800000000004
Customer700,Cluster100,29.084549999999993
Customer701,Cluster1,33.83230000000002
Customer702,Cluster2,33.82910000000002
Customer703,Cluster3,32.21760000000001
Customer705,Cluster5,30.7134
Customer706,Cluster6,31.135500000000008
Customer707,Cluster7,32.91885000000001
Customer708,Cluster8,26.916199999999993
Customer71,Cluster71,28.072050000000004
Customer710,Cluster10,30.114499999999996
Customer712,Cluster12,29.837350000000004
Customer713,Cluster13,32.459599999999995
Customer714,Cluster14,29.00545
Customer716,Cluster16,32.055350000000004
Customer717,Cluster17,25.4955
Customer718,Cluster18,38.3264
Customer719,Cluster19,28.823699999999988
Customer72,Cluster72,28.177199999999992
Customer720,Cluster20,28.981500000000008
Customer722,Cluster22,33.4848
Customer723,Cluster23,31.7284
Customer724,Cluster24,29.80490000000001
Customer725,Cluster25,29.714100000000016
Customer726,Cluster26,30.521
Customer727,Cluster27,30.8913
Customer728,Cluster28,32.55695
Customer729,Cluster29,31.489899999999988
Customer73,Cluster73,26.290400000000012
Customer730,Cluster30,29.569249999999997
Customer731,Cluster31,28.470000000000002
Customer732,Cluster32,30.29970000000001
Customer733,Cluster33,29.137879999999996
Customer734,Cluster34,27.9659
Customer735,Cluster35,27.743600000000004
Customer736,Cluster36,27.36214999999999
Customer737,Cluster37,28.3926
Customer738,Cluster38,30.526899999999998
Customer739,Cluster39,31.814750000000004
Customer74,Cluster74,28.173700000000007
Customer741,Cluster41,31.652899999999978
Customer742,Cluster42,30.416566666666668
Customer743,Cluster43,26.96649999999999
Customer744,Cluster44,27.2461
Customer745,Cluster45,29.154799999999998
Customer746,Cluster46,30.629300000000008
Customer747,Cluster47,26.248600000000003
Customer748,Cluster48,22.865200000000005
Customer749,Cluster49,27.78069999999998
Customer75,Cluster75,28.871424999999995
Customer750,Cluster50,30.34893333333333
Customer751,Cluster51,30.330833333333327
Customer752,Cluster52,28.133733333333335
Customer753,Cluster53,31.037199999999995
Customer754,Cluster54,30.80583333333334
Customer755,Cluster55,25.308500000000013
Customer756,Cluster56,27.543700000000022
Customer757,Cluster57,29.317200000000017
Customer759,Cluster59,30.07035000000001
Customer76,Cluster76,32.1681
Customer760,Cluster60,30.126474999999992
Customer761,Cluster61,33.4243
Customer762,Cluster62,29.571
Customer763,Cluster63,30.615600000000015
Customer764,Cluster64,29.81055
Customer765,Cluster65,27.327699999999997
Customer766,Cluster66,30.03619999999999
Customer769,Cluster69,28.562899999999996
Customer77,Cluster77,27.63390000000001
Customer770,Cluster70,33.893249999999995
Customer771,Cluster71,31.3639
Customer772,Cluster72,30.034249999999997
Customer773,Cluster73,31.2308
Customer774,Cluster74,29.154133333333316
Customer777,Cluster77,28.814199999999992
Customer778,Cluster78,31.420740000000006
Customer779,Cluster79,31.1278
Customer78,Cluster78,28.608200000000014
Customer780,Cluster80,29.900299999999987
Customer781,Cluster81,35.41200000000001
Customer782,Cluster82,30.947400000000012
Customer783,Cluster83,31.58730000000001
Customer784,Cluster84,30.204199999999986
Customer785,Cluster85,31.95856666666667
Customer786,Cluster86,32.3617
Customer787,Cluster87,31.691249999999997
Customer788,Cluster88,32.357699999999994
Customer789,Cluster89,32.4324
Customer79,Cluster79,30.924633333333336
Customer790,Cluster90,32.080899999999986
Customer791,Cluster91,29.447200000000006
Customer792,Cluster92,32.95295
Customer793,Cluster93,25.484299999999998
Customer794,Cluster94,28.145349999999986
Customer795,Cluster95,31.603300000000004
Customer797,Cluster97,28.840833333333336
Customer798,Cluster98,32.4183
Customer799,Cluster99,31.4031
Customer8,Cluster8,28.243699999999993
Customer800,Cluster100,28.811549999999997
Customer801,Cluster1,30.795100000000005
Customer803,Cluster3,32.90284999999999
Customer804,Cluster4,32.67430000000001
Customer805,Cluster5,37.850100000000005
Customer806,Cluster6,28.363599999999987
Customer807,Cluster7,30.967099999999995
Customer808,Cluster8,28.585200000000018
Customer809,Cluster9,31.283833333333323
Customer81,Cluster81,30.03765
Customer811,Cluster11,27.95635
Customer812,Cluster12,31.512033333333335
Customer814,Cluster14,30.949533333333335
Customer815,Cluster15,34.68846666666667
Customer816,Cluster16,29.4055
Customer817,Cluster17,31.396299999999993
Customer818,Cluster18,32.22040000000001
Customer819,Cluster19,38.97770000000001
Customer820,Cluster20,31.179466666666674
Customer822,Cluster22,29.047200000000004
Customer823,Cluster23,28.373525000000004
Customer825,Cluster25,32.4345
Customer826,Cluster26,31.24529999999999
Customer827,Cluster27,29.916500000000006
Customer828,Cluster28,32.49711666666666
Customer829,Cluster29,28.54379999999999
Customer83,Cluster83,31.336900000000004
Customer830,Cluster30,24.76550000000001
Customer831,Cluster31,31.269049999999996
Customer833,Cluster33,30.449399999999997
Customer834,Cluster34,31.52154999999999
Customer835,Cluster35,30.175499999999992
Customer837,Cluster37,28.776125
Customer838,Cluster38,28.325366666666667
Customer84,Cluster84,29.935000000000002
Customer840,Cluster40,28.3803
Customer841,Cluster41,28.705966666666665
Customer842,Cluster42,27.403049999999993
Customer843,Cluster43,28.447349999999986
Customer844,Cluster44,26.39095
Customer845,Cluster45,26.888224999999995
Customer846,Cluster46,31.0385
Customer847,Cluster47,33.9807
Customer848,Cluster48,29.595599999999994
Customer849,Cluster49,29.341400000000007
Customer85,Cluster85,29.889999999999997
Customer850,Cluster50,30.724325
Customer851,Cluster51,28.729999999999993
Customer852,Cluster52,28.257699999999996
Customer853,Cluster53,31.782099999999993
Customer854,Cluster54,26.744199999999996
Customer855,Cluster55,30.85079999999999
Customer857,Cluster57,29.958599999999983
Customer858,Cluster58,29.705000000000005
Customer86,Cluster86,30.462450000000004
Customer860,Cluster60,31.618999999999996
Customer861,Cluster61,28.161900000000006
Customer862,Cluster62,29.574949999999994
Customer864,Cluster64,30.90175
Customer865,Cluster65,28.943700000000007
Customer866,Cluster66,28.2559
Customer867,Cluster67,26.960099999999997
Customer868,Cluster68,28.952275
Customer869,Cluster69,29.608900000000006
Customer87,Cluster87,32.845200000000006
Customer871,Cluster71,27.135133333333332
Customer872,Cluster72,26.2647
Customer873,Cluster73,31.753400000000006
Customer874,Cluster74,30.714249999999993
Customer875,Cluster75,28.125799999999998
Customer876,Cluster76,28.6348
Customer877,Cluster77,24.883125000000003
Customer878,Cluster78,29.224700000000002
Customer879,Cluster79,28.876299999999993
Customer88,Cluster88,29.395599999999998
Customer880,Cluster80,28.476699999999987
Customer883,Cluster83,24.02215
Customer885,Cluster85,29.348166666666668
Customer886,Cluster86,27.06155
Customer887,Cluster87,26.311124999999997
Customer888,Cluster88,29.25094999999999
Customer889,Cluster89,30.57649999999999
Customer89,Cluster89,22.954166666666666
Customer890,Cluster90,26.370499999999993
Customer892,Cluster92,28.255366666666664
Customer893,Cluster93,28.058466666666675
Customer894,Cluster94,25.97496666666667
Customer896,Cluster96,30.963100000000008
Customer899,Cluster99,31.076800000000006
Customer9,Cluster9,26.177850000000007
Customer90,Cluster90,29.280433333333335
Customer902,Cluster2,30.1256
Customer903,Cluster3,27.080566666666666
Customer904,Cluster4,26.72419999999999
Customer906,Cluster6,28.79715
Customer907,Cluster7,26.36789999999999
Customer908,Cluster8,28.39580000000002
Customer91,Cluster91,29.04953333333333
Customer910,Cluster10,28.204424999999997
Customer911,Cluster11,28.966999999999995
Customer912,Cluster12,31.163033333333335
Customer913,Cluster13,24.532299999999996
Customer915,Cluster15,28.587566666666675
Customer917,Cluster17,29.516899999999993
Customer918,Cluster18,29.368775000000007
Customer919,Cluster19,25.491500000000002
Customer92,Cluster92,28.621600000000008
Customer920,Cluster20,30.47589999999999
Customer921,Cluster21,29.509000000000004
Customer922,Cluster22,30.934000000000005
Customer923,Cluster23,29.162299999999995
Customer924,Cluster24,26.80679999999999
Customer925,Cluster25,30.935900000000007
Customer926,Cluster26,24.11729999999999
Customer927,Cluster27,28.726450000000007
Customer928,Cluster28,24.243900000000004
Customer929,Cluster29,27.534799999999997
Customer93,Cluster93,29.753149999999998
Customer931,Cluster31,28.027599999999996
Customer932,Cluster32,24.94309999999999
Customer933,Cluster33,26.8028
Customer934,Cluster34,33.18486666666667
Customer935,Cluster35,27.86354999999999
Customer936,Cluster36,26.636850000000003
Customer937,Cluster37,25.439249999999998
Customer938,Cluster38,28.46019999999999
Customer939,Cluster39,28.097899999999996
Customer94,Cluster94,27.540459999999996
Customer940,Cluster40,28.555399999999995
Customer943,Cluster43,28.629800000000014
Customer945,Cluster45,26.24265
Customer948,Cluster48,26.968799999999998
Customer949,Cluster49,30.509233333333327
Customer95,Cluster95,31.52763333333334
Customer950,Cluster50,32.054849999999995
Customer951,Cluster51,29.930699999999998
Customer952,Cluster52,31.963499999999975
Customer953,Cluster53,36.6941
Customer954,Cluster54,31.443133333333336
Customer955,Cluster55,32.19985000000001
Customer957,Cluster57,30.66956666666667
Customer96,Cluster96,31.853066666666667
Customer960,Cluster60,32.7294
Customer961,Cluster61,30.310600000000004
Customer962,Cluster62,28.71495
Customer963,Cluster63,27.850266666666666
Customer964,Cluster64,25.489199999999993
Customer965,Cluster65,35.535199999999996
Customer966,Cluster66,29.10126666666667
Customer967,Cluster67,30.944000000000027
Customer968,Cluster68,27.290333333333336
Customer969,Cluster69,30.461833333333328
Customer97,Cluster97,30.381133333333327
Customer970,Cluster70,32.78049999999999
Customer972,Cluster72,26.637
Customer973,Cluster73,26.298700000000007
Customer974,Cluster74,30.917500000000004
Customer975,Cluster75,26.573399999999992
Customer976,Cluster76,28.223033333333333
Customer977,Cluster77,28.06676666666667
Customer978,Cluster78,28.5073
Customer979,Cluster79,28.519450000000006
Customer98,Cluster98,31.614900000000002
Customer980,Cluster80,26.9521
Customer981,Cluster81,28.289200000000005
Customer983,Cluster83,27.423199999999998
Customer984,Cluster84,28.01546666666667
Customer985,Cluster85,27.515299999999993
Customer986,Cluster86,23.4745
Customer988,Cluster88,24.764299999999988
Customer989,Cluster89,31.35770000000001
Customer99,Cluster99,28.967799999999993
Customer990,Cluster90,32.88339999999999
Customer992,Cluster92,27.284033333333337
Customer993,Cluster93,30.236299999999975
Customer994,Cluster94,27.688149999999993
Customer995,Cluster95,31.5952
Customer996,Cluster96,30.609499999999993
Customer998,Cluster98,27.166400000000003
Customer999,Cluster99,28.803599999999996
