Date,Customer_IDs
03-01-2021,Customer1443
03-01-2021,Customer1693
03-01-2021,Customer1357
03-01-2021,Customer1784
03-01-2021,Customer1018
03-01-2021,Customer1
03-01-2021,Customer422
03-01-2021,Customer870
03-01-2021,Customer1267
03-01-2021,Customer810
03-01-2021,Customer346
03-01-2021,Customer967
03-01-2021,Customer1017
10-01-2021,Customer762
10-01-2021,Customer1544
10-01-2021,Customer1923
10-01-2021,Customer278
10-01-2021,Customer106
10-01-2021,Customer1969
10-01-2021,Customer182
10-01-2021,Customer172
10-01-2021,Customer129
10-01-2021,Customer499
10-01-2021,Customer957
10-01-2021,Customer1311
10-01-2021,Customer604
17-01-2021,Customer1720
17-01-2021,Customer622
17-01-2021,Customer82
17-01-2021,Customer459
17-01-2021,Customer1062
17-01-2021,Customer296
17-01-2021,Customer493
17-01-2021,Customer596
17-01-2021,Customer878
17-01-2021,Customer134
17-01-2021,Customer555
17-01-2021,Customer1664
17-01-2021,Customer548
24-01-2021,Customer1039
24-01-2021,Customer629
24-01-2021,Customer1307
24-01-2021,Customer637
24-01-2021,Customer610
24-01-2021,Customer932
24-01-2021,Customer1171
24-01-2021,Customer1460
24-01-2021,Customer1131
24-01-2021,Customer1289
24-01-2021,Customer1086
24-01-2021,Customer1370
24-01-2021,Customer1056
31-01-2021,Customer16
31-01-2021,Customer865
31-01-2021,Customer160
31-01-2021,Customer575
31-01-2021,Customer236
31-01-2021,Customer662
31-01-2021,Customer1022
31-01-2021,Customer912
31-01-2021,Customer228
31-01-2021,Customer861
31-01-2021,Customer1006
31-01-2021,Customer1126
31-01-2021,Customer159
07-02-2021,Customer1916
07-02-2021,Customer1776
07-02-2021,Customer863
07-02-2021,Customer1310
07-02-2021,Customer785
07-02-2021,Customer996
07-02-2021,Customer854
07-02-2021,Customer263
07-02-2021,Customer534
07-02-2021,Customer561
07-02-2021,Customer1877
07-02-2021,Customer178
07-02-2021,Customer1274
14-02-2021,Customer1929
14-02-2021,Customer1432
14-02-2021,Customer1509
14-02-2021,Customer1620
14-02-2021,Customer1828
14-02-2021,Customer1681
14-02-2021,Customer1103
14-02-2021,Customer1164
14-02-2021,Customer334
14-02-2021,Customer1160
14-02-2021,Customer1073
14-02-2021,Customer1399
14-02-2021,Customer1087
21-02-2021,Customer1909
21-02-2021,Customer289
21-02-2021,Customer998
21-02-2021,Customer153
21-02-2021,Customer717
21-02-2021,Customer37
21-02-2021,Customer257
21-02-2021,Customer1682
21-02-2021,Customer1989
21-02-2021,Customer1433
21-02-2021,Customer1736
21-02-2021,Customer1208
28-02-2021,Customer440
28-02-2021,Customer710
28-02-2021,Customer1187
28-02-2021,Customer1617
28-02-2021,Customer1941
28-02-2021,Customer585
28-02-2021,Customer1794
28-02-2021,Customer147
28-02-2021,Customer1199
28-02-2021,Customer1702
28-02-2021,Customer1826
28-02-2021,Customer964
28-02-2021,Customer195
07-03-2021,Customer149
07-03-2021,Customer1995
07-03-2021,Customer808
07-03-2021,Customer1064
07-03-2021,Customer1536
07-03-2021,Customer761
07-03-2021,Customer1928
07-03-2021,Customer1992
07-03-2021,Customer1912
07-03-2021,Customer965
07-03-2021,Customer92
07-03-2021,Customer494
07-03-2021,Customer192
14-03-2021,Customer1001
14-03-2021,Customer1750
14-03-2021,Customer206
14-03-2021,Customer1125
14-03-2021,Customer849
14-03-2021,Customer83
14-03-2021,Customer391
14-03-2021,Customer322
14-03-2021,Customer198
14-03-2021,Customer549
14-03-2021,Customer973
14-03-2021,Customer325
14-03-2021,Customer2000
21-03-2021,Customer208
21-03-2021,Customer485
21-03-2021,Customer1218
21-03-2021,Customer685
21-03-2021,Customer226
21-03-2021,Customer1727
21-03-2021,Customer1197
21-03-2021,Customer1413
21-03-2021,Customer1722
21-03-2021,Customer1291
21-03-2021,Customer288
21-03-2021,Customer1829
21-03-2021,Customer1461
28-03-2021,Customer1566
28-03-2021,Customer660
28-03-2021,Customer227
28-03-2021,Customer1601
28-03-2021,Customer1944
28-03-2021,Customer791
28-03-2021,Customer1074
28-03-2021,Customer364
28-03-2021,Customer1731
28-03-2021,Customer181
28-03-2021,Customer524
28-03-2021,Customer1798
28-03-2021,Customer1359
04-04-2021,Customer71
04-04-2021,Customer738
04-04-2021,Customer1911
04-04-2021,Customer1512
04-04-2021,Customer446
04-04-2021,Customer763
04-04-2021,Customer838
04-04-2021,Customer75
04-04-2021,Customer1276
04-04-2021,Customer215
04-04-2021,Customer340
04-04-2021,Customer1583
11-04-2021,Customer947
11-04-2021,Customer1613
11-04-2021,Customer1718
11-04-2021,Customer1535
11-04-2021,Customer1361
11-04-2021,Customer59
11-04-2021,Customer209
11-04-2021,Customer385
11-04-2021,Customer1765
11-04-2021,Customer1488
11-04-2021,Customer121
11-04-2021,Customer94
11-04-2021,Customer1706
18-04-2021,Customer1669
18-04-2021,Customer1400
18-04-2021,Customer539
18-04-2021,Customer1691
18-04-2021,Customer1374
18-04-2021,Customer1207
18-04-2021,Customer551
18-04-2021,Customer1091
18-04-2021,Customer1805
18-04-2021,Customer1918
18-04-2021,Customer1993
18-04-2021,Customer1721
18-04-2021,Customer1075
25-04-2021,Customer1204
25-04-2021,Customer186
25-04-2021,Customer599
25-04-2021,Customer1782
25-04-2021,Customer1522
25-04-2021,Customer1279
25-04-2021,Customer1953
25-04-2021,Customer1175
25-04-2021,Customer835
25-04-2021,Customer1575
25-04-2021,Customer1089
25-04-2021,Customer1219
25-04-2021,Customer1810
02-05-2021,Customer721
02-05-2021,Customer1244
02-05-2021,Customer1272
02-05-2021,Customer884
02-05-2021,Customer1265
02-05-2021,Customer369
02-05-2021,Customer55
02-05-2021,Customer484
02-05-2021,Customer1578
02-05-2021,Customer1135
02-05-2021,Customer982
02-05-2021,Customer252
09-05-2021,Customer1343
09-05-2021,Customer1067
09-05-2021,Customer619
09-05-2021,Customer60
09-05-2021,Customer1137
09-05-2021,Customer1857
09-05-2021,Customer1147
09-05-2021,Customer233
09-05-2021,Customer587
09-05-2021,Customer1783
09-05-2021,Customer1570
09-05-2021,Customer31
16-05-2021,Customer362
16-05-2021,Customer39
16-05-2021,Customer1919
16-05-2021,Customer1960
16-05-2021,Customer285
16-05-2021,Customer22
16-05-2021,Customer1703
16-05-2021,Customer479
16-05-2021,Customer872
16-05-2021,Customer18
16-05-2021,Customer902
16-05-2021,Customer1474
16-05-2021,Customer12
23-05-2021,Customer552
23-05-2021,Customer1492
23-05-2021,Customer1257
23-05-2021,Customer1102
23-05-2021,Customer474
23-05-2021,Customer1531
23-05-2021,Customer1506
23-05-2021,Customer1281
23-05-2021,Customer318
23-05-2021,Customer324
23-05-2021,Customer1211
23-05-2021,Customer1158
23-05-2021,Customer131
30-05-2021,Customer470
30-05-2021,Customer792
30-05-2021,Customer893
30-05-2021,Customer1848
30-05-2021,Customer1683
30-05-2021,Customer1200
30-05-2021,Customer1159
30-05-2021,Customer715
30-05-2021,Customer1261
30-05-2021,Customer1633
30-05-2021,Customer1105
30-05-2021,Customer1372
30-05-2021,Customer986
06-06-2021,Customer469
06-06-2021,Customer1608
06-06-2021,Customer1632
06-06-2021,Customer1066
06-06-2021,Customer1730
06-06-2021,Customer179
06-06-2021,Customer197
06-06-2021,Customer333
06-06-2021,Customer1455
06-06-2021,Customer1381
06-06-2021,Customer1534
06-06-2021,Customer210
13-06-2021,Customer1725
13-06-2021,Customer374
13-06-2021,Customer895
13-06-2021,Customer1163
13-06-2021,Customer742
13-06-2021,Customer1871
13-06-2021,Customer190
13-06-2021,Customer166
13-06-2021,Customer1331
13-06-2021,Customer727
13-06-2021,Customer993
13-06-2021,Customer788
13-06-2021,Customer348
20-06-2021,Customer268
20-06-2021,Customer167
20-06-2021,Customer421
20-06-2021,Customer1104
20-06-2021,Customer766
20-06-2021,Customer1356
20-06-2021,Customer50
20-06-2021,Customer1627
20-06-2021,Customer636
20-06-2021,Customer589
20-06-2021,Customer1249
20-06-2021,Customer1046
27-06-2021,Customer592
27-06-2021,Customer827
27-06-2021,Customer300
27-06-2021,Customer1804
27-06-2021,Customer1623
27-06-2021,Customer1854
27-06-2021,Customer223
27-06-2021,Customer212
27-06-2021,Customer1020
27-06-2021,Customer1642
27-06-2021,Customer1546
27-06-2021,Customer1196
27-06-2021,Customer1872
04-07-2021,Customer1844
04-07-2021,Customer675
04-07-2021,Customer1317
04-07-2021,Customer63
04-07-2021,Customer214
04-07-2021,Customer601
04-07-2021,Customer177
04-07-2021,Customer1360
04-07-2021,Customer527
04-07-2021,Customer681
04-07-2021,Customer702
04-07-2021,Customer513
04-07-2021,Customer1422
11-07-2021,Customer818
11-07-2021,Customer1907
11-07-2021,Customer1622
11-07-2021,Customer80
11-07-2021,Customer488
11-07-2021,Customer1975
11-07-2021,Customer435
11-07-2021,Customer892
11-07-2021,Customer162
11-07-2021,Customer577
11-07-2021,Customer489
11-07-2021,Customer1394
11-07-2021,Customer528
18-07-2021,Customer401
18-07-2021,Customer917
18-07-2021,Customer543
18-07-2021,Customer1037
18-07-2021,Customer1496
18-07-2021,Customer1542
18-07-2021,Customer773
18-07-2021,Customer1606
18-07-2021,Customer1029
18-07-2021,Customer752
18-07-2021,Customer1396
18-07-2021,Customer1065
25-07-2021,Customer796
25-07-2021,Customer734
25-07-2021,Customer1735
25-07-2021,Customer682
25-07-2021,Customer240
25-07-2021,Customer1503
25-07-2021,Customer1404
25-07-2021,Customer1482
25-07-2021,Customer267
25-07-2021,Customer455
25-07-2021,Customer1156
25-07-2021,Customer1870
01-08-2021,Customer201
01-08-2021,Customer683
01-08-2021,Customer366
01-08-2021,Customer737
01-08-2021,Customer1203
01-08-2021,Customer1931
01-08-2021,Customer933
01-08-2021,Customer1650
01-08-2021,Customer1603
01-08-2021,Customer1379
01-08-2021,Customer269
01-08-2021,Customer91
01-08-2021,Customer111
08-08-2021,Customer1674
08-08-2021,Customer805
08-08-2021,Customer1983
08-08-2021,Customer564
08-08-2021,Customer280
08-08-2021,Customer960
08-08-2021,Customer311
08-08-2021,Customer1407
08-08-2021,Customer1497
08-08-2021,Customer1838
08-08-2021,Customer36
08-08-2021,Customer772
08-08-2021,Customer1222
15-08-2021,Customer1444
15-08-2021,Customer1773
15-08-2021,Customer1323
15-08-2021,Customer764
15-08-2021,Customer1856
15-08-2021,Customer85
15-08-2021,Customer323
15-08-2021,Customer1807
15-08-2021,Customer799
15-08-2021,Customer107
15-08-2021,Customer1708
15-08-2021,Customer991
15-08-2021,Customer1100
22-08-2021,Customer319
22-08-2021,Customer1442
22-08-2021,Customer1648
22-08-2021,Customer115
22-08-2021,Customer123
22-08-2021,Customer1758
22-08-2021,Customer245
22-08-2021,Customer927
22-08-2021,Customer398
22-08-2021,Customer1342
22-08-2021,Customer1384
22-08-2021,Customer1684
22-08-2021,Customer65
29-08-2021,Customer504
29-08-2021,Customer807
29-08-2021,Customer1220
29-08-2021,Customer573
29-08-2021,Customer769
29-08-2021,Customer180
29-08-2021,Customer888
29-08-2021,Customer293
29-08-2021,Customer916
29-08-2021,Customer406
29-08-2021,Customer1053
29-08-2021,Customer433
29-08-2021,Customer711
05-09-2021,Customer1532
05-09-2021,Customer1366
05-09-2021,Customer510
05-09-2021,Customer72
05-09-2021,Customer954
05-09-2021,Customer1700
05-09-2021,Customer612
05-09-2021,Customer1588
05-09-2021,Customer402
05-09-2021,Customer1779
05-09-2021,Customer1112
05-09-2021,Customer128
12-09-2021,Customer1336
12-09-2021,Customer1068
12-09-2021,Customer735
12-09-2021,Customer2
12-09-2021,Customer1182
12-09-2021,Customer956
12-09-2021,Customer1879
12-09-2021,Customer1044
12-09-2021,Customer1449
12-09-2021,Customer1271
12-09-2021,Customer1436
12-09-2021,Customer290
12-09-2021,Customer822
19-09-2021,Customer1831
19-09-2021,Customer707
19-09-2021,Customer842
19-09-2021,Customer1612
19-09-2021,Customer591
19-09-2021,Customer1654
19-09-2021,Customer77
19-09-2021,Customer1806
19-09-2021,Customer1793
19-09-2021,Customer921
19-09-2021,Customer1524
19-09-2021,Customer460
26-09-2021,Customer64
26-09-2021,Customer1694
26-09-2021,Customer102
26-09-2021,Customer112
26-09-2021,Customer1940
26-09-2021,Customer780
26-09-2021,Customer1859
26-09-2021,Customer869
26-09-2021,Customer171
26-09-2021,Customer335
26-09-2021,Customer1475
26-09-2021,Customer1638
26-09-2021,Customer386
03-10-2021,Customer1280
03-10-2021,Customer1685
03-10-2021,Customer748
03-10-2021,Customer1316
03-10-2021,Customer1932
03-10-2021,Customer1010
03-10-2021,Customer1248
03-10-2021,Customer1042
03-10-2021,Customer1978
03-10-2021,Customer1084
03-10-2021,Customer1775
03-10-2021,Customer1576
03-10-2021,Customer1061
10-10-2021,Customer558
10-10-2021,Customer1710
10-10-2021,Customer360
10-10-2021,Customer1625
10-10-2021,Customer1637
10-10-2021,Customer1012
10-10-2021,Customer722
10-10-2021,Customer125
10-10-2021,Customer1388
10-10-2021,Customer481
10-10-2021,Customer1628
10-10-2021,Customer1657
10-10-2021,Customer1507
17-10-2021,Customer399
17-10-2021,Customer981
17-10-2021,Customer806
17-10-2021,Customer900
17-10-2021,Customer1847
17-10-2021,Customer857
17-10-2021,Customer448
17-10-2021,Customer1043
17-10-2021,Customer1096
17-10-2021,Customer260
17-10-2021,Customer1732
17-10-2021,Customer1328
17-10-2021,Customer1713
24-10-2021,Customer1188
24-10-2021,Customer418
24-10-2021,Customer908
24-10-2021,Customer959
24-10-2021,Customer370
24-10-2021,Customer1377
24-10-2021,Customer307
24-10-2021,Customer1971
24-10-2021,Customer1785
24-10-2021,Customer1631
24-10-2021,Customer1305
24-10-2021,Customer1771
24-10-2021,Customer1997
31-10-2021,Customer1231
31-10-2021,Customer887
31-10-2021,Customer1585
31-10-2021,Customer49
31-10-2021,Customer1748
31-10-2021,Customer344
31-10-2021,Customer1841
31-10-2021,Customer1935
31-10-2021,Customer138
31-10-2021,Customer320
31-10-2021,Customer673
31-10-2021,Customer157
07-11-2021,Customer438
07-11-2021,Customer1129
07-11-2021,Customer1007
07-11-2021,Customer218
07-11-2021,Customer1186
07-11-2021,Customer266
07-11-2021,Customer679
07-11-2021,Customer1724
07-11-2021,Customer1874
07-11-2021,Customer946
07-11-2021,Customer99
07-11-2021,Customer1253
07-11-2021,Customer1095
14-11-2021,Customer89
14-11-2021,Customer274
14-11-2021,Customer1592
14-11-2021,Customer1060
14-11-2021,Customer1167
14-11-2021,Customer656
14-11-2021,Customer1298
14-11-2021,Customer1553
14-11-2021,Customer787
14-11-2021,Customer1114
14-11-2021,Customer1390
14-11-2021,Customer1984
14-11-2021,Customer1373
21-11-2021,Customer817
21-11-2021,Customer1251
21-11-2021,Customer396
21-11-2021,Customer1905
21-11-2021,Customer353
21-11-2021,Customer350
21-11-2021,Customer1673
21-11-2021,Customer1016
21-11-2021,Customer1454
21-11-2021,Customer1753
21-11-2021,Customer1025
21-11-2021,Customer514
21-11-2021,Customer397
28-11-2021,Customer1741
28-11-2021,Customer1313
28-11-2021,Customer723
28-11-2021,Customer1151
28-11-2021,Customer387
28-11-2021,Customer1269
28-11-2021,Customer714
28-11-2021,Customer1041
28-11-2021,Customer1028
28-11-2021,Customer651
28-11-2021,Customer1148
28-11-2021,Customer1584
28-11-2021,Customer1173
05-12-2021,Customer1956
05-12-2021,Customer11
05-12-2021,Customer554
05-12-2021,Customer1346
05-12-2021,Customer1982
05-12-2021,Customer509
05-12-2021,Customer23
05-12-2021,Customer924
05-12-2021,Customer1232
05-12-2021,Customer1942
05-12-2021,Customer801
05-12-2021,Customer1352
05-12-2021,Customer241
12-12-2021,Customer709
12-12-2021,Customer1526
12-12-2021,Customer1646
12-12-2021,Customer1537
12-12-2021,Customer1314
12-12-2021,Customer1013
12-12-2021,Customer1707
12-12-2021,Customer583
12-12-2021,Customer1421
12-12-2021,Customer1797
12-12-2021,Customer1930
12-12-2021,Customer1462
12-12-2021,Customer725
19-12-2021,Customer730
19-12-2021,Customer355
19-12-2021,Customer1414
19-12-2021,Customer1217
19-12-2021,Customer1318
19-12-2021,Customer1966
19-12-2021,Customer1855
19-12-2021,Customer1926
19-12-2021,Customer1922
19-12-2021,Customer1285
19-12-2021,Customer643
19-12-2021,Customer853
19-12-2021,Customer17
26-12-2021,Customer1185
26-12-2021,Customer359
26-12-2021,Customer1052
26-12-2021,Customer1598
26-12-2021,Customer1426
26-12-2021,Customer242
26-12-2021,Customer466
26-12-2021,Customer445
26-12-2021,Customer35
26-12-2021,Customer648
26-12-2021,Customer1004
26-12-2021,Customer1977
26-12-2021,Customer1986
02-01-2022,Customer1832
02-01-2022,Customer217
02-01-2022,Customer746
02-01-2022,Customer1897
02-01-2022,Customer1416
02-01-2022,Customer1769
02-01-2022,Customer4
02-01-2022,Customer237
02-01-2022,Customer183
02-01-2022,Customer1701
02-01-2022,Customer813
02-01-2022,Customer826
02-01-2022,Customer1115
09-01-2022,Customer1904
09-01-2022,Customer1293
09-01-2022,Customer1473
09-01-2022,Customer1827
09-01-2022,Customer871
09-01-2022,Customer96
09-01-2022,Customer733
09-01-2022,Customer1746
09-01-2022,Customer1649
09-01-2022,Customer1809
09-01-2022,Customer1896
09-01-2022,Customer663
09-01-2022,Customer1795
16-01-2022,Customer165
16-01-2022,Customer1533
16-01-2022,Customer1853
16-01-2022,Customer885
16-01-2022,Customer859
16-01-2022,Customer1663
16-01-2022,Customer1820
16-01-2022,Customer1149
16-01-2022,Customer1723
16-01-2022,Customer848
16-01-2022,Customer992
16-01-2022,Customer1224
23-01-2022,Customer926
23-01-2022,Customer354
23-01-2022,Customer247
23-01-2022,Customer1447
23-01-2022,Customer1791
23-01-2022,Customer1036
23-01-2022,Customer423
23-01-2022,Customer1235
23-01-2022,Customer739
23-01-2022,Customer1545
23-01-2022,Customer1024
23-01-2022,Customer1551
23-01-2022,Customer1760
30-01-2022,Customer1729
30-01-2022,Customer775
30-01-2022,Customer929
30-01-2022,Customer1117
30-01-2022,Customer1656
30-01-2022,Customer941
30-01-2022,Customer1624
30-01-2022,Customer184
30-01-2022,Customer273
30-01-2022,Customer1875
30-01-2022,Customer983
30-01-2022,Customer303
06-02-2022,Customer997
06-02-2022,Customer1552
06-02-2022,Customer1392
06-02-2022,Customer1772
06-02-2022,Customer1739
06-02-2022,Customer677
06-02-2022,Customer616
06-02-2022,Customer841
06-02-2022,Customer969
06-02-2022,Customer850
06-02-2022,Customer255
06-02-2022,Customer650
06-02-2022,Customer1425
13-02-2022,Customer590
13-02-2022,Customer1636
13-02-2022,Customer839
13-02-2022,Customer1788
13-02-2022,Customer765
13-02-2022,Customer1180
13-02-2022,Customer136
13-02-2022,Customer1958
13-02-2022,Customer19
13-02-2022,Customer478
13-02-2022,Customer942
13-02-2022,Customer100
20-02-2022,Customer744
20-02-2022,Customer1335
20-02-2022,Customer1234
20-02-2022,Customer1569
20-02-2022,Customer1153
20-02-2022,Customer1324
20-02-2022,Customer490
20-02-2022,Customer5
20-02-2022,Customer1734
20-02-2022,Customer803
20-02-2022,Customer1973
20-02-2022,Customer451
20-02-2022,Customer73
27-02-2022,Customer1550
27-02-2022,Customer357
27-02-2022,Customer562
27-02-2022,Customer580
27-02-2022,Customer655
27-02-2022,Customer1892
27-02-2022,Customer1123
27-02-2022,Customer38
27-02-2022,Customer1063
27-02-2022,Customer1678
27-02-2022,Customer1687
27-02-2022,Customer28
27-02-2022,Customer113
06-03-2022,Customer46
06-03-2022,Customer1358
06-03-2022,Customer980
06-03-2022,Customer949
06-03-2022,Customer570
06-03-2022,Customer1106
06-03-2022,Customer1445
06-03-2022,Customer952
06-03-2022,Customer1839
06-03-2022,Customer434
06-03-2022,Customer1437
06-03-2022,Customer1970
13-03-2022,Customer376
13-03-2022,Customer175
13-03-2022,Customer1842
13-03-2022,Customer501
13-03-2022,Customer1354
13-03-2022,Customer1538
13-03-2022,Customer886
13-03-2022,Customer1391
13-03-2022,Customer358
13-03-2022,Customer1031
13-03-2022,Customer1759
13-03-2022,Customer985
20-03-2022,Customer944
20-03-2022,Customer1259
20-03-2022,Customer145
20-03-2022,Customer1548
20-03-2022,Customer1027
20-03-2022,Customer1347
20-03-2022,Customer416
20-03-2022,Customer1138
20-03-2022,Customer1667
20-03-2022,Customer1344
20-03-2022,Customer68
20-03-2022,Customer1471
20-03-2022,Customer1677
27-03-2022,Customer1284
27-03-2022,Customer1959
27-03-2022,Customer1385
27-03-2022,Customer1516
27-03-2022,Customer1523
27-03-2022,Customer611
27-03-2022,Customer1968
27-03-2022,Customer51
27-03-2022,Customer1556
27-03-2022,Customer47
27-03-2022,Customer21
27-03-2022,Customer253
27-03-2022,Customer1906
03-04-2022,Customer337
03-04-2022,Customer365
03-04-2022,Customer824
03-04-2022,Customer371
03-04-2022,Customer476
03-04-2022,Customer420
03-04-2022,Customer1078
03-04-2022,Customer811
03-04-2022,Customer384
03-04-2022,Customer1350
03-04-2022,Customer1580
03-04-2022,Customer349
03-04-2022,Customer1038
10-04-2022,Customer1511
10-04-2022,Customer837
10-04-2022,Customer301
10-04-2022,Customer103
10-04-2022,Customer1101
10-04-2022,Customer970
10-04-2022,Customer626
10-04-2022,Customer1387
10-04-2022,Customer1168
10-04-2022,Customer633
10-04-2022,Customer676
10-04-2022,Customer665
10-04-2022,Customer794
17-04-2022,Customer825
17-04-2022,Customer624
17-04-2022,Customer299
17-04-2022,Customer1976
17-04-2022,Customer694
17-04-2022,Customer457
17-04-2022,Customer659
17-04-2022,Customer1191
17-04-2022,Customer1150
17-04-2022,Customer69
17-04-2022,Customer645
17-04-2022,Customer631
17-04-2022,Customer821
24-04-2022,Customer1486
24-04-2022,Customer341
24-04-2022,Customer286
24-04-2022,Customer1972
24-04-2022,Customer1386
24-04-2022,Customer1889
24-04-2022,Customer745
24-04-2022,Customer1563
24-04-2022,Customer1465
24-04-2022,Customer97
24-04-2022,Customer41
24-04-2022,Customer1547
01-05-2022,Customer204
01-05-2022,Customer1408
01-05-2022,Customer1816
01-05-2022,Customer698
01-05-2022,Customer1339
01-05-2022,Customer1934
01-05-2022,Customer225
01-05-2022,Customer1895
01-05-2022,Customer1254
01-05-2022,Customer609
01-05-2022,Customer1695
01-05-2022,Customer407
01-05-2022,Customer70
08-05-2022,Customer486
08-05-2022,Customer740
08-05-2022,Customer1947
08-05-2022,Customer1555
08-05-2022,Customer1011
08-05-2022,Customer719
08-05-2022,Customer1494
08-05-2022,Customer378
08-05-2022,Customer188
08-05-2022,Customer1263
08-05-2022,Customer1070
08-05-2022,Customer1457
08-05-2022,Customer151
15-05-2022,Customer1378
15-05-2022,Customer1709
15-05-2022,Customer338
15-05-2022,Customer1851
15-05-2022,Customer472
15-05-2022,Customer155
15-05-2022,Customer812
15-05-2022,Customer747
15-05-2022,Customer294
15-05-2022,Customer244
15-05-2022,Customer639
15-05-2022,Customer876
22-05-2022,Customer1712
22-05-2022,Customer1865
22-05-2022,Customer250
22-05-2022,Customer569
22-05-2022,Customer1363
22-05-2022,Customer1529
22-05-2022,Customer961
22-05-2022,Customer213
22-05-2022,Customer1790
22-05-2022,Customer427
22-05-2022,Customer1644
22-05-2022,Customer1643
22-05-2022,Customer1380
29-05-2022,Customer120
29-05-2022,Customer1405
29-05-2022,Customer1430
29-05-2022,Customer1602
29-05-2022,Customer277
29-05-2022,Customer1264
29-05-2022,Customer1319
29-05-2022,Customer706
29-05-2022,Customer1495
29-05-2022,Customer1618
29-05-2022,Customer647
29-05-2022,Customer259
29-05-2022,Customer417
05-06-2022,Customer287
05-06-2022,Customer883
05-06-2022,Customer1309
05-06-2022,Customer297
05-06-2022,Customer1981
05-06-2022,Customer823
05-06-2022,Customer1937
05-06-2022,Customer1818
05-06-2022,Customer597
05-06-2022,Customer1094
05-06-2022,Customer584
05-06-2022,Customer220
12-06-2022,Customer1456
12-06-2022,Customer1901
12-06-2022,Customer797
12-06-2022,Customer505
12-06-2022,Customer664
12-06-2022,Customer1252
12-06-2022,Customer898
12-06-2022,Customer1008
12-06-2022,Customer1917
12-06-2022,Customer503
12-06-2022,Customer254
12-06-2022,Customer644
12-06-2022,Customer1589
19-06-2022,Customer173
19-06-2022,Customer234
19-06-2022,Customer1241
19-06-2022,Customer1967
19-06-2022,Customer1283
19-06-2022,Customer1382
19-06-2022,Customer1574
19-06-2022,Customer246
19-06-2022,Customer108
19-06-2022,Customer1501
19-06-2022,Customer1858
19-06-2022,Customer1476
19-06-2022,Customer410
26-06-2022,Customer1338
26-06-2022,Customer790
26-06-2022,Customer1743
26-06-2022,Customer1600
26-06-2022,Customer116
26-06-2022,Customer545
26-06-2022,Customer317
26-06-2022,Customer897
26-06-2022,Customer976
26-06-2022,Customer1697
26-06-2022,Customer966
26-06-2022,Customer1192
26-06-2022,Customer1921
03-07-2022,Customer603
03-07-2022,Customer1485
03-07-2022,Customer412
03-07-2022,Customer1393
03-07-2022,Customer716
03-07-2022,Customer1679
03-07-2022,Customer1686
03-07-2022,Customer1015
03-07-2022,Customer1040
03-07-2022,Customer216
03-07-2022,Customer1260
03-07-2022,Customer13
10-07-2022,Customer1076
10-07-2022,Customer1216
10-07-2022,Customer1893
10-07-2022,Customer389
10-07-2022,Customer168
10-07-2022,Customer743
10-07-2022,Customer140
10-07-2022,Customer1572
10-07-2022,Customer306
10-07-2022,Customer701
10-07-2022,Customer450
10-07-2022,Customer3
17-07-2022,Customer1152
17-07-2022,Customer829
17-07-2022,Customer625
17-07-2022,Customer1676
17-07-2022,Customer962
17-07-2022,Customer809
17-07-2022,Customer482
17-07-2022,Customer271
17-07-2022,Customer804
17-07-2022,Customer1605
17-07-2022,Customer531
17-07-2022,Customer877
17-07-2022,Customer814
24-07-2022,Customer1801
24-07-2022,Customer1412
24-07-2022,Customer1778
24-07-2022,Customer1639
24-07-2022,Customer1903
24-07-2022,Customer1728
24-07-2022,Customer202
24-07-2022,Customer598
24-07-2022,Customer532
24-07-2022,Customer1867
24-07-2022,Customer1287
24-07-2022,Customer1116
24-07-2022,Customer1980
31-07-2022,Customer1376
31-07-2022,Customer52
31-07-2022,Customer1564
31-07-2022,Customer640
31-07-2022,Customer235
31-07-2022,Customer76
31-07-2022,Customer1048
31-07-2022,Customer1850
31-07-2022,Customer158
31-07-2022,Customer1571
31-07-2022,Customer467
31-07-2022,Customer48
07-08-2022,Customer1802
07-08-2022,Customer1952
07-08-2022,Customer1458
07-08-2022,Customer1714
07-08-2022,Customer45
07-08-2022,Customer1215
07-08-2022,Customer1484
07-08-2022,Customer380
07-08-2022,Customer1591
07-08-2022,Customer1878
07-08-2022,Customer95
07-08-2022,Customer326
07-08-2022,Customer1332
14-08-2022,Customer79
14-08-2022,Customer1698
14-08-2022,Customer1751
14-08-2022,Customer316
14-08-2022,Customer777
14-08-2022,Customer231
14-08-2022,Customer653
14-08-2022,Customer1397
14-08-2022,Customer945
14-08-2022,Customer1351
14-08-2022,Customer641
14-08-2022,Customer1688
21-08-2022,Customer154
21-08-2022,Customer356
21-08-2022,Customer1987
21-08-2022,Customer1927
21-08-2022,Customer1843
21-08-2022,Customer1813
21-08-2022,Customer1747
21-08-2022,Customer1860
21-08-2022,Customer565
21-08-2022,Customer920
21-08-2022,Customer388
21-08-2022,Customer864
21-08-2022,Customer968
28-08-2022,Customer1398
28-08-2022,Customer1295
28-08-2022,Customer1964
28-08-2022,Customer1985
28-08-2022,Customer778
28-08-2022,Customer1738
28-08-2022,Customer1071
28-08-2022,Customer646
28-08-2022,Customer239
28-08-2022,Customer820
28-08-2022,Customer937
28-08-2022,Customer1665
28-08-2022,Customer974
04-09-2022,Customer1195
04-09-2022,Customer729
04-09-2022,Customer1098
04-09-2022,Customer343
04-09-2022,Customer556
04-09-2022,Customer1369
04-09-2022,Customer1256
04-09-2022,Customer1258
04-09-2022,Customer1236
04-09-2022,Customer1237
04-09-2022,Customer1438
04-09-2022,Customer339
04-09-2022,Customer1817
11-09-2022,Customer1950
11-09-2022,Customer1763
11-09-2022,Customer1755
11-09-2022,Customer336
11-09-2022,Customer1541
11-09-2022,Customer533
11-09-2022,Customer1634
11-09-2022,Customer1081
11-09-2022,Customer1979
11-09-2022,Customer582
11-09-2022,Customer1069
11-09-2022,Customer1051
18-09-2022,Customer615
18-09-2022,Customer404
18-09-2022,Customer315
18-09-2022,Customer914
18-09-2022,Customer923
18-09-2022,Customer332
18-09-2022,Customer1560
18-09-2022,Customer882
18-09-2022,Customer689
18-09-2022,Customer483
18-09-2022,Customer1540
18-09-2022,Customer1766
18-09-2022,Customer1652
25-09-2022,Customer1050
25-09-2022,Customer1014
25-09-2022,Customer1635
25-09-2022,Customer938
25-09-2022,Customer375
25-09-2022,Customer918
25-09-2022,Customer1611
25-09-2022,Customer164
25-09-2022,Customer1653
25-09-2022,Customer272
25-09-2022,Customer1110
25-09-2022,Customer667
02-10-2022,Customer463
02-10-2022,Customer1745
02-10-2022,Customer10
02-10-2022,Customer1757
02-10-2022,Customer1539
02-10-2022,Customer1821
02-10-2022,Customer90
02-10-2022,Customer1225
02-10-2022,Customer1908
02-10-2022,Customer1411
02-10-2022,Customer525
02-10-2022,Customer1417
02-10-2022,Customer104
09-10-2022,Customer1752
09-10-2022,Customer1239
09-10-2022,Customer506
09-10-2022,Customer1440
09-10-2022,Customer196
09-10-2022,Customer328
09-10-2022,Customer453
09-10-2022,Customer1415
09-10-2022,Customer1409
09-10-2022,Customer1302
09-10-2022,Customer1337
09-10-2022,Customer1172
09-10-2022,Customer574
16-10-2022,Customer1092
16-10-2022,Customer512
16-10-2022,Customer1936
16-10-2022,Customer1450
16-10-2022,Customer1796
16-10-2022,Customer409
16-10-2022,Customer553
16-10-2022,Customer1209
16-10-2022,Customer731
16-10-2022,Customer498
16-10-2022,Customer432
16-10-2022,Customer256
23-10-2022,Customer1452
23-10-2022,Customer1961
23-10-2022,Customer1133
23-10-2022,Customer1270
23-10-2022,Customer1518
23-10-2022,Customer1517
23-10-2022,Customer1214
23-10-2022,Customer618
23-10-2022,Customer395
23-10-2022,Customer1402
23-10-2022,Customer1401
23-10-2022,Customer1910
23-10-2022,Customer907
30-10-2022,Customer977
30-10-2022,Customer230
30-10-2022,Customer1297
30-10-2022,Customer347
30-10-2022,Customer1726
30-10-2022,Customer1565
30-10-2022,Customer176
30-10-2022,Customer57
30-10-2022,Customer905
30-10-2022,Customer607
30-10-2022,Customer1080
30-10-2022,Customer497
30-10-2022,Customer127
06-11-2022,Customer414
06-11-2022,Customer118
06-11-2022,Customer1662
06-11-2022,Customer1549
06-11-2022,Customer143
06-11-2022,Customer867
06-11-2022,Customer680
06-11-2022,Customer1292
06-11-2022,Customer649
06-11-2022,Customer275
06-11-2022,Customer713
06-11-2022,Customer313
06-11-2022,Customer492
13-11-2022,Customer1661
13-11-2022,Customer922
13-11-2022,Customer1502
13-11-2022,Customer1362
13-11-2022,Customer1815
13-11-2022,Customer480
13-11-2022,Customer1201
13-11-2022,Customer400
13-11-2022,Customer595
13-11-2022,Customer1262
13-11-2022,Customer836
13-11-2022,Customer830
13-11-2022,Customer774
20-11-2022,Customer1321
20-11-2022,Customer1768
20-11-2022,Customer519
20-11-2022,Customer1227
20-11-2022,Customer428
20-11-2022,Customer1329
20-11-2022,Customer978
20-11-2022,Customer9
20-11-2022,Customer943
20-11-2022,Customer868
20-11-2022,Customer1325
20-11-2022,Customer1428
27-11-2022,Customer1933
27-11-2022,Customer468
27-11-2022,Customer1891
27-11-2022,Customer394
27-11-2022,Customer530
27-11-2022,Customer1120
27-11-2022,Customer1749
27-11-2022,Customer1111
27-11-2022,Customer1277
27-11-2022,Customer891
27-11-2022,Customer305
27-11-2022,Customer308
27-11-2022,Customer1273
04-12-2022,Customer1194
04-12-2022,Customer540
04-12-2022,Customer86
04-12-2022,Customer444
04-12-2022,Customer666
04-12-2022,Customer189
04-12-2022,Customer779
04-12-2022,Customer29
04-12-2022,Customer1403
04-12-2022,Customer1561
04-12-2022,Customer1049
04-12-2022,Customer1543
04-12-2022,Customer1830
11-12-2022,Customer1003
11-12-2022,Customer586
11-12-2022,Customer972
11-12-2022,Customer906
11-12-2022,Customer1202
11-12-2022,Customer1823
11-12-2022,Customer568
11-12-2022,Customer875
11-12-2022,Customer361
11-12-2022,Customer879
11-12-2022,Customer312
11-12-2022,Customer1991
18-12-2022,Customer1886
18-12-2022,Customer327
18-12-2022,Customer522
18-12-2022,Customer447
18-12-2022,Customer381
18-12-2022,Customer1161
18-12-2022,Customer1410
18-12-2022,Customer617
18-12-2022,Customer1250
18-12-2022,Customer559
18-12-2022,Customer999
18-12-2022,Customer516
18-12-2022,Customer441
25-12-2022,Customer1178
25-12-2022,Customer1431
25-12-2022,Customer1157
25-12-2022,Customer1924
25-12-2022,Customer1055
25-12-2022,Customer1744
25-12-2022,Customer642
25-12-2022,Customer691
25-12-2022,Customer529
25-12-2022,Customer1742
25-12-2022,Customer526
25-12-2022,Customer507
25-12-2022,Customer542
01-01-2023,Customer437
01-01-2023,Customer517
01-01-2023,Customer1470
01-01-2023,Customer874
01-01-2023,Customer1898
01-01-2023,Customer1047
01-01-2023,Customer989
01-01-2023,Customer40
01-01-2023,Customer298
01-01-2023,Customer783
01-01-2023,Customer1594
01-01-2023,Customer475
01-01-2023,Customer1689
08-01-2023,Customer1990
08-01-2023,Customer1334
08-01-2023,Customer1579
08-01-2023,Customer990
08-01-2023,Customer1705
08-01-2023,Customer351
08-01-2023,Customer846
08-01-2023,Customer1032
08-01-2023,Customer708
08-01-2023,Customer199
08-01-2023,Customer634
08-01-2023,Customer613
08-01-2023,Customer281
15-01-2023,Customer840
15-01-2023,Customer309
15-01-2023,Customer1176
15-01-2023,Customer1406
15-01-2023,Customer759
15-01-2023,Customer1333
15-01-2023,Customer1505
15-01-2023,Customer14
15-01-2023,Customer1822
15-01-2023,Customer43
15-01-2023,Customer620
15-01-2023,Customer258
15-01-2023,Customer720
22-01-2023,Customer1846
22-01-2023,Customer1441
22-01-2023,Customer7
22-01-2023,Customer403
22-01-2023,Customer368
22-01-2023,Customer1586
22-01-2023,Customer1035
22-01-2023,Customer1021
22-01-2023,Customer392
22-01-2023,Customer671
22-01-2023,Customer1999
22-01-2023,Customer899
22-01-2023,Customer511
29-01-2023,Customer415
29-01-2023,Customer1326
29-01-2023,Customer1837
29-01-2023,Customer424
29-01-2023,Customer1888
29-01-2023,Customer1479
29-01-2023,Customer1019
29-01-2023,Customer1487
29-01-2023,Customer291
29-01-2023,Customer1093
29-01-2023,Customer1762
29-01-2023,Customer1233
29-01-2023,Customer1615
05-02-2023,Customer1946
05-02-2023,Customer1582
05-02-2023,Customer1143
05-02-2023,Customer705
05-02-2023,Customer42
05-02-2023,Customer1887
05-02-2023,Customer163
05-02-2023,Customer1170
05-02-2023,Customer1193
05-02-2023,Customer718
05-02-2023,Customer1670
05-02-2023,Customer1306
12-02-2023,Customer1863
12-02-2023,Customer623
12-02-2023,Customer1478
12-02-2023,Customer521
12-02-2023,Customer67
12-02-2023,Customer114
12-02-2023,Customer54
12-02-2023,Customer571
12-02-2023,Customer1641
12-02-2023,Customer1573
12-02-2023,Customer1000
12-02-2023,Customer1238
19-02-2023,Customer831
19-02-2023,Customer431
19-02-2023,Customer1243
19-02-2023,Customer1246
19-02-2023,Customer1090
19-02-2023,Customer1290
19-02-2023,Customer654
19-02-2023,Customer1864
19-02-2023,Customer800
19-02-2023,Customer1800
19-02-2023,Customer137
19-02-2023,Customer934
19-02-2023,Customer495
26-02-2023,Customer948
26-02-2023,Customer1174
26-02-2023,Customer1680
26-02-2023,Customer1520
26-02-2023,Customer696
26-02-2023,Customer174
26-02-2023,Customer1355
26-02-2023,Customer1468
26-02-2023,Customer755
26-02-2023,Customer200
26-02-2023,Customer515
26-02-2023,Customer1463
26-02-2023,Customer1764
05-03-2023,Customer34
05-03-2023,Customer909
05-03-2023,Customer222
05-03-2023,Customer1423
05-03-2023,Customer187
05-03-2023,Customer1696
05-03-2023,Customer987
05-03-2023,Customer1626
05-03-2023,Customer919
05-03-2023,Customer1467
05-03-2023,Customer894
05-03-2023,Customer605
12-03-2023,Customer928
12-03-2023,Customer632
12-03-2023,Customer1083
12-03-2023,Customer363
12-03-2023,Customer1873
12-03-2023,Customer988
12-03-2023,Customer330
12-03-2023,Customer1770
12-03-2023,Customer1183
12-03-2023,Customer951
12-03-2023,Customer1383
12-03-2023,Customer704
12-03-2023,Customer295
19-03-2023,Customer84
19-03-2023,Customer1108
19-03-2023,Customer904
19-03-2023,Customer1554
19-03-2023,Customer1528
19-03-2023,Customer53
19-03-2023,Customer1559
19-03-2023,Customer1957
19-03-2023,Customer1880
19-03-2023,Customer1962
19-03-2023,Customer1900
19-03-2023,Customer1597
26-03-2023,Customer760
26-03-2023,Customer1130
26-03-2023,Customer537
26-03-2023,Customer1420
26-03-2023,Customer1303
26-03-2023,Customer606
26-03-2023,Customer630
26-03-2023,Customer249
26-03-2023,Customer1213
26-03-2023,Customer1119
26-03-2023,Customer1113
26-03-2023,Customer1434
26-03-2023,Customer1127
02-04-2023,Customer786
02-04-2023,Customer1489
02-04-2023,Customer270
02-04-2023,Customer1567
02-04-2023,Customer1206
02-04-2023,Customer32
02-04-2023,Customer1009
02-04-2023,Customer473
02-04-2023,Customer156
02-04-2023,Customer1005
02-04-2023,Customer1894
02-04-2023,Customer1568
02-04-2023,Customer925
09-04-2023,Customer844
09-04-2023,Customer782
09-04-2023,Customer110
09-04-2023,Customer508
09-04-2023,Customer1229
09-04-2023,Customer1132
09-04-2023,Customer170
09-04-2023,Customer373
09-04-2023,Customer544
09-04-2023,Customer749
09-04-2023,Customer1121
09-04-2023,Customer1951
09-04-2023,Customer1581
16-04-2023,Customer1247
16-04-2023,Customer87
16-04-2023,Customer1030
16-04-2023,Customer1198
16-04-2023,Customer367
16-04-2023,Customer292
16-04-2023,Customer1812
16-04-2023,Customer194
16-04-2023,Customer1659
16-04-2023,Customer248
16-04-2023,Customer1834
16-04-2023,Customer1884
16-04-2023,Customer1833
23-04-2023,Customer1787
23-04-2023,Customer1510
23-04-2023,Customer866
23-04-2023,Customer62
23-04-2023,Customer169
23-04-2023,Customer1002
23-04-2023,Customer382
23-04-2023,Customer1429
23-04-2023,Customer1814
23-04-2023,Customer1282
23-04-2023,Customer940
23-04-2023,Customer1155
23-04-2023,Customer238
30-04-2023,Customer132
30-04-2023,Customer576
30-04-2023,Customer1435
30-04-2023,Customer1716
30-04-2023,Customer901
30-04-2023,Customer1301
30-04-2023,Customer784
30-04-2023,Customer1308
30-04-2023,Customer855
30-04-2023,Customer1368
30-04-2023,Customer443
30-04-2023,Customer302
30-04-2023,Customer1424
07-05-2023,Customer500
07-05-2023,Customer578
07-05-2023,Customer1472
07-05-2023,Customer98
07-05-2023,Customer1144
07-05-2023,Customer1210
07-05-2023,Customer1672
07-05-2023,Customer674
07-05-2023,Customer122
07-05-2023,Customer994
07-05-2023,Customer1146
07-05-2023,Customer88
07-05-2023,Customer78
14-05-2023,Customer1530
14-05-2023,Customer1072
14-05-2023,Customer658
14-05-2023,Customer672
14-05-2023,Customer1058
14-05-2023,Customer538
14-05-2023,Customer828
14-05-2023,Customer1974
14-05-2023,Customer101
14-05-2023,Customer847
14-05-2023,Customer724
14-05-2023,Customer550
14-05-2023,Customer819
21-05-2023,Customer635
21-05-2023,Customer135
21-05-2023,Customer1181
21-05-2023,Customer520
21-05-2023,Customer1737
21-05-2023,Customer1169
21-05-2023,Customer458
21-05-2023,Customer74
21-05-2023,Customer1666
21-05-2023,Customer975
21-05-2023,Customer1184
21-05-2023,Customer880
21-05-2023,Customer1965
28-05-2023,Customer750
28-05-2023,Customer1340
28-05-2023,Customer224
28-05-2023,Customer1266
28-05-2023,Customer1140
28-05-2023,Customer430
28-05-2023,Customer1943
28-05-2023,Customer310
28-05-2023,Customer913
28-05-2023,Customer1348
28-05-2023,Customer454
28-05-2023,Customer1519
28-05-2023,Customer1166
04-06-2023,Customer413
04-06-2023,Customer465
04-06-2023,Customer628
04-06-2023,Customer1996
04-06-2023,Customer579
04-06-2023,Customer1609
04-06-2023,Customer638
04-06-2023,Customer1498
04-06-2023,Customer1122
04-06-2023,Customer1868
04-06-2023,Customer1448
04-06-2023,Customer1629
11-06-2023,Customer1777
11-06-2023,Customer61
11-06-2023,Customer1630
11-06-2023,Customer754
11-06-2023,Customer669
11-06-2023,Customer314
11-06-2023,Customer1491
11-06-2023,Customer1861
11-06-2023,Customer678
11-06-2023,Customer221
11-06-2023,Customer1451
11-06-2023,Customer1389
11-06-2023,Customer1671
18-06-2023,Customer251
18-06-2023,Customer429
18-06-2023,Customer1240
18-06-2023,Customer1515
18-06-2023,Customer726
18-06-2023,Customer1118
18-06-2023,Customer816
18-06-2023,Customer1059
18-06-2023,Customer105
18-06-2023,Customer1500
18-06-2023,Customer1998
18-06-2023,Customer1079
18-06-2023,Customer657
25-06-2023,Customer331
25-06-2023,Customer408
25-06-2023,Customer1439
25-06-2023,Customer699
25-06-2023,Customer1212
25-06-2023,Customer452
25-06-2023,Customer546
25-06-2023,Customer126
25-06-2023,Customer243
25-06-2023,Customer856
25-06-2023,Customer462
25-06-2023,Customer141
02-07-2023,Customer1819
02-07-2023,Customer563
02-07-2023,Customer1945
02-07-2023,Customer1341
02-07-2023,Customer261
02-07-2023,Customer411
02-07-2023,Customer1525
02-07-2023,Customer1154
02-07-2023,Customer1915
02-07-2023,Customer1312
02-07-2023,Customer1294
02-07-2023,Customer523
02-07-2023,Customer30
09-07-2023,Customer119
09-07-2023,Customer26
09-07-2023,Customer834
09-07-2023,Customer1756
09-07-2023,Customer1349
09-07-2023,Customer889
09-07-2023,Customer1808
09-07-2023,Customer767
09-07-2023,Customer461
09-07-2023,Customer1881
09-07-2023,Customer693
09-07-2023,Customer1057
09-07-2023,Customer1840
16-07-2023,Customer1836
16-07-2023,Customer776
16-07-2023,Customer751
16-07-2023,Customer502
16-07-2023,Customer851
16-07-2023,Customer1045
16-07-2023,Customer44
16-07-2023,Customer614
16-07-2023,Customer1845
16-07-2023,Customer152
16-07-2023,Customer58
16-07-2023,Customer1640
23-07-2023,Customer1242
23-07-2023,Customer802
23-07-2023,Customer728
23-07-2023,Customer815
23-07-2023,Customer1655
23-07-2023,Customer1645
23-07-2023,Customer1876
23-07-2023,Customer1668
23-07-2023,Customer1938
23-07-2023,Customer1353
23-07-2023,Customer15
23-07-2023,Customer1221
23-07-2023,Customer1994
30-07-2023,Customer229
30-07-2023,Customer442
30-07-2023,Customer203
30-07-2023,Customer1367
30-07-2023,Customer1920
30-07-2023,Customer1375
30-07-2023,Customer1604
30-07-2023,Customer1767
30-07-2023,Customer593
30-07-2023,Customer1781
30-07-2023,Customer283
30-07-2023,Customer1300
30-07-2023,Customer146
06-08-2023,Customer1395
06-08-2023,Customer1023
06-08-2023,Customer1955
06-08-2023,Customer1869
06-08-2023,Customer1165
06-08-2023,Customer1660
06-08-2023,Customer547
06-08-2023,Customer963
06-08-2023,Customer456
06-08-2023,Customer1490
06-08-2023,Customer602
06-08-2023,Customer1740
06-08-2023,Customer935
13-08-2023,Customer1464
13-08-2023,Customer1508
13-08-2023,Customer276
13-08-2023,Customer1275
13-08-2023,Customer1278
13-08-2023,Customer262
13-08-2023,Customer1245
13-08-2023,Customer594
13-08-2023,Customer1866
13-08-2023,Customer1418
13-08-2023,Customer670
13-08-2023,Customer1504
20-08-2023,Customer1205
20-08-2023,Customer193
20-08-2023,Customer1228
20-08-2023,Customer939
20-08-2023,Customer1499
20-08-2023,Customer1230
20-08-2023,Customer910
20-08-2023,Customer833
20-08-2023,Customer1082
20-08-2023,Customer81
20-08-2023,Customer1419
20-08-2023,Customer1792
20-08-2023,Customer687
27-08-2023,Customer700
27-08-2023,Customer419
27-08-2023,Customer1835
27-08-2023,Customer858
27-08-2023,Customer377
27-08-2023,Customer93
27-08-2023,Customer279
27-08-2023,Customer789
27-08-2023,Customer345
27-08-2023,Customer1320
27-08-2023,Customer936
27-08-2023,Customer732
27-08-2023,Customer133
03-09-2023,Customer1099
03-09-2023,Customer1179
03-09-2023,Customer191
03-09-2023,Customer1786
03-09-2023,Customer264
03-09-2023,Customer1177
03-09-2023,Customer1480
03-09-2023,Customer572
03-09-2023,Customer852
03-09-2023,Customer1189
03-09-2023,Customer845
03-09-2023,Customer668
03-09-2023,Customer1780
10-09-2023,Customer1890
10-09-2023,Customer6
10-09-2023,Customer1557
10-09-2023,Customer1558
10-09-2023,Customer352
10-09-2023,Customer1477
10-09-2023,Customer150
10-09-2023,Customer1527
10-09-2023,Customer1446
10-09-2023,Customer1088
10-09-2023,Customer142
10-09-2023,Customer771
10-09-2023,Customer1914
17-09-2023,Customer1651
17-09-2023,Customer1190
17-09-2023,Customer1493
17-09-2023,Customer688
17-09-2023,Customer1514
17-09-2023,Customer1141
17-09-2023,Customer1107
17-09-2023,Customer971
17-09-2023,Customer27
17-09-2023,Customer1481
17-09-2023,Customer1136
17-09-2023,Customer1761
24-09-2023,Customer915
24-09-2023,Customer496
24-09-2023,Customer757
24-09-2023,Customer518
24-09-2023,Customer109
24-09-2023,Customer896
24-09-2023,Customer781
24-09-2023,Customer953
24-09-2023,Customer1322
24-09-2023,Customer1085
24-09-2023,Customer1789
24-09-2023,Customer1939
24-09-2023,Customer1610
01-10-2023,Customer1899
01-10-2023,Customer390
01-10-2023,Customer697
01-10-2023,Customer491
01-10-2023,Customer1599
01-10-2023,Customer1034
01-10-2023,Customer1268
01-10-2023,Customer1315
01-10-2023,Customer1466
01-10-2023,Customer1811
01-10-2023,Customer832
01-10-2023,Customer1913
08-10-2023,Customer1124
08-10-2023,Customer684
08-10-2023,Customer911
08-10-2023,Customer1054
08-10-2023,Customer1824
08-10-2023,Customer535
08-10-2023,Customer1614
08-10-2023,Customer1513
08-10-2023,Customer1026
08-10-2023,Customer383
08-10-2023,Customer1145
08-10-2023,Customer1849
08-10-2023,Customer1715
15-10-2023,Customer798
15-10-2023,Customer843
15-10-2023,Customer600
15-10-2023,Customer557
15-10-2023,Customer1719
15-10-2023,Customer741
15-10-2023,Customer282
15-10-2023,Customer1852
15-10-2023,Customer1988
15-10-2023,Customer1799
15-10-2023,Customer207
15-10-2023,Customer768
22-10-2023,Customer219
22-10-2023,Customer695
22-10-2023,Customer608
22-10-2023,Customer1562
22-10-2023,Customer1223
22-10-2023,Customer471
22-10-2023,Customer1621
22-10-2023,Customer930
22-10-2023,Customer1754
22-10-2023,Customer232
22-10-2023,Customer1162
22-10-2023,Customer652
29-10-2023,Customer881
29-10-2023,Customer756
29-10-2023,Customer24
29-10-2023,Customer690
29-10-2023,Customer265
29-10-2023,Customer793
29-10-2023,Customer560
29-10-2023,Customer1595
29-10-2023,Customer1226
29-10-2023,Customer1593
29-10-2023,Customer1733
29-10-2023,Customer1453
29-10-2023,Customer426
05-11-2023,Customer950
05-11-2023,Customer1330
05-11-2023,Customer588
05-11-2023,Customer464
05-11-2023,Customer958
05-11-2023,Customer1862
05-11-2023,Customer439
05-11-2023,Customer1469
05-11-2023,Customer1925
05-11-2023,Customer379
05-11-2023,Customer1902
05-11-2023,Customer1949
12-11-2023,Customer661
12-11-2023,Customer692
12-11-2023,Customer1142
12-11-2023,Customer1882
12-11-2023,Customer1304
12-11-2023,Customer185
12-11-2023,Customer372
12-11-2023,Customer567
12-11-2023,Customer1690
12-11-2023,Customer117
12-11-2023,Customer144
12-11-2023,Customer703
12-11-2023,Customer1948
19-11-2023,Customer1134
19-11-2023,Customer1607
19-11-2023,Customer1692
19-11-2023,Customer1590
19-11-2023,Customer33
19-11-2023,Customer1371
19-11-2023,Customer1699
19-11-2023,Customer393
19-11-2023,Customer211
19-11-2023,Customer1299
19-11-2023,Customer284
19-11-2023,Customer1255
19-11-2023,Customer686
26-11-2023,Customer1459
26-11-2023,Customer1327
26-11-2023,Customer758
26-11-2023,Customer955
26-11-2023,Customer449
26-11-2023,Customer205
26-11-2023,Customer995
26-11-2023,Customer304
26-11-2023,Customer770
26-11-2023,Customer753
26-11-2023,Customer1577
26-11-2023,Customer487
26-11-2023,Customer425
03-12-2023,Customer1963
03-12-2023,Customer541
03-12-2023,Customer1033
03-12-2023,Customer1521
03-12-2023,Customer621
03-12-2023,Customer1658
03-12-2023,Customer1483
03-12-2023,Customer161
03-12-2023,Customer860
03-12-2023,Customer124
03-12-2023,Customer1296
03-12-2023,Customer1704
03-12-2023,Customer1427
10-12-2023,Customer1345
10-12-2023,Customer1619
10-12-2023,Customer321
10-12-2023,Customer1711
10-12-2023,Customer873
10-12-2023,Customer436
10-12-2023,Customer8
10-12-2023,Customer342
10-12-2023,Customer1717
10-12-2023,Customer1109
10-12-2023,Customer1097
10-12-2023,Customer795
10-12-2023,Customer1288
17-12-2023,Customer1774
17-12-2023,Customer712
17-12-2023,Customer566
17-12-2023,Customer139
17-12-2023,Customer148
17-12-2023,Customer627
17-12-2023,Customer1883
17-12-2023,Customer25
17-12-2023,Customer736
17-12-2023,Customer66
17-12-2023,Customer1616
17-12-2023,Customer1885
17-12-2023,Customer1825
24-12-2023,Customer931
24-12-2023,Customer56
24-12-2023,Customer1286
24-12-2023,Customer862
24-12-2023,Customer477
24-12-2023,Customer1803
24-12-2023,Customer1365
24-12-2023,Customer1596
24-12-2023,Customer130
24-12-2023,Customer1128
24-12-2023,Customer890
24-12-2023,Customer1647
24-12-2023,Customer536
31-12-2023,Customer1364
31-12-2023,Customer1675
31-12-2023,Customer984
31-12-2023,Customer903
31-12-2023,Customer405
31-12-2023,Customer1954
31-12-2023,Customer1587
31-12-2023,Customer20
31-12-2023,Customer1139
31-12-2023,Customer1077
31-12-2023,Customer329
31-12-2023,Customer581
31-12-2023,Customer979
