Customer_ID,Cluster_ID,HSD_Requirement_Predicted
Customer1,Cluster1,31.66313333333333
Customer10,Cluster10,30.110766666666663
Customer100,Cluster100,30.760833333333327
Customer1000,Cluster100,27.279700000000002
Customer1001,Cluster1,32.341150000000006
Customer1003,Cluster3,34.010699999999986
Customer1004,Cluster4,28.76613333333334
Customer1005,Cluster5,30.92020000000001
Customer1006,Cluster6,30.4619
Customer1007,Cluster7,25.502899999999997
Customer1008,Cluster8,30.691899999999997
Customer1009,Cluster9,28.056974999999998
Customer101,Cluster1,34.67630000000002
Customer1010,Cluster10,29.237133333333333
Customer1011,Cluster11,24.879300000000015
Customer1012,Cluster12,19.256900000000005
Customer1013,Cluster13,32.78965000000001
Customer1014,Cluster14,27.909900000000004
Customer1015,Cluster15,31.485399999999988
Customer1016,Cluster16,26.94720000000001
Customer1017,Cluster17,30.18196666666668
Customer1018,Cluster18,32.27447500000001
Customer1019,Cluster19,29.485300000000002
Customer102,Cluster2,33.35283333333334
Customer1020,Cluster20,29.255033333333344
Customer1021,Cluster21,30.18235000000001
Customer1022,Cluster22,31.00559999999999
Customer1023,Cluster23,29.9113
Customer1024,Cluster24,27.676066666666667
Customer1025,Cluster25,33.563900000000004
Customer1026,Cluster26,29.634450000000008
Customer1027,Cluster27,24.95170000000001
Customer1028,Cluster28,30.96410000000001
Customer103,Cluster3,34.08650000000001
Customer1030,Cluster30,26.57294999999999
Customer1032,Cluster32,33.21849999999999
Customer1033,Cluster33,25.787000000000006
Customer1034,Cluster34,31.132150000000003
Customer1035,Cluster35,33.59486666666667
Customer1036,Cluster36,22.334600000000005
Customer1037,Cluster37,29.913975
Customer1038,Cluster38,28.058000000000007
Customer1039,Cluster39,22.15390000000001
Customer104,Cluster4,27.8328
Customer1040,Cluster40,34.12495
Customer1041,Cluster41,36.72125000000001
Customer1042,Cluster42,28.5758
Customer1044,Cluster44,26.2182
Customer1045,Cluster45,31.1659
Customer1046,Cluster46,31.674949999999995
Customer1047,Cluster47,34.28105000000001
Customer1049,Cluster49,33.97440000000001
Customer105,Cluster5,31.463799999999992
Customer1050,Cluster50,29.973625
Customer1051,Cluster51,27.546850000000006
Customer1052,Cluster52,30.76250000000001
Customer1053,Cluster53,25.8566
Customer1054,Cluster54,31.567175000000006
Customer1055,Cluster55,34.86969999999997
Customer1056,Cluster56,30.90465000000001
Customer1057,Cluster57,26.255600000000022
Customer1058,Cluster58,30.160600000000006
Customer1059,Cluster59,24.54256666666666
Customer106,Cluster6,27.6247
Customer1060,Cluster60,28.173500000000004
Customer1061,Cluster61,27.7704
Customer1062,Cluster62,28.253199999999996
Customer1064,Cluster64,30.3054
Customer1065,Cluster65,26.3354
Customer1066,Cluster66,26.90905
Customer1067,Cluster67,30.296700000000005
Customer1068,Cluster68,27.05120000000001
Customer1069,Cluster69,29.262499999999996
Customer107,Cluster7,28.981400000000004
Customer1070,Cluster70,29.586100000000002
Customer1071,Cluster71,28.436199999999996
Customer1072,Cluster72,31.729299999999988
Customer1073,Cluster73,24.06035
Customer1074,Cluster74,27.0499
Customer1075,Cluster75,32.01374999999999
Customer1076,Cluster76,26.327366666666666
Customer1077,Cluster77,29.21508
Customer108,Cluster8,28.603300000000004
Customer1080,Cluster80,25.767850000000003
Customer1082,Cluster82,27.473466666666667
Customer1083,Cluster83,30.93435000000001
Customer1084,Cluster84,26.527849999999997
Customer1085,Cluster85,28.215550000000004
Customer1086,Cluster86,27.55796666666667
Customer1087,Cluster87,29.95349999999999
Customer1088,Cluster88,26.802699999999994
Customer1089,Cluster89,29.042999999999992
Customer109,Cluster9,30.977700000000006
Customer1091,Cluster91,27.444100000000006
Customer1092,Cluster92,32.06280000000001
Customer1094,Cluster94,25.21353333333333
Customer1095,Cluster95,29.222966666666665
Customer1097,Cluster97,29.8378
Customer1098,Cluster98,27.802299999999995
Customer1099,Cluster99,34.454599999999985
Customer11,Cluster11,29.999600000000008
Customer110,Cluster10,30.402866666666668
Customer1102,Cluster2,26.28476666666667
Customer1103,Cluster3,33.19580000000001
Customer1104,Cluster4,27.2725
Customer1105,Cluster5,29.767199999999995
Customer1106,Cluster6,29.067100000000007
Customer1107,Cluster7,28.680899999999994
Customer1108,Cluster8,27.920149999999992
Customer1109,Cluster9,30.545899999999996
Customer111,Cluster11,28.05443333333334
Customer1110,Cluster10,30.072999999999997
Customer1111,Cluster11,31.4406
Customer1112,Cluster12,33.702999999999996
Customer1113,Cluster13,27.628399999999985
Customer1114,Cluster14,29.601599999999994
Customer1116,Cluster16,30.244400000000002
Customer1117,Cluster17,33.07485
Customer1118,Cluster18,30.217600000000004
Customer1119,Cluster19,30.20303333333334
Customer112,Cluster12,29.14526666666667
Customer1120,Cluster20,29.642500000000002
Customer1121,Cluster21,29.67935
Customer1122,Cluster22,29.726100000000013
Customer1123,Cluster23,29.331750000000007
Customer1124,Cluster24,26.186300000000003
Customer1125,Cluster25,31.369466666666668
Customer1126,Cluster26,29.47350000000001
Customer1127,Cluster27,25.551566666666673
Customer1128,Cluster28,27.308025000000004
Customer1129,Cluster29,28.521300000000007
Customer113,Cluster13,30.171300000000002
Customer1130,Cluster30,26.191999999999997
Customer1131,Cluster31,24.06609999999999
Customer1132,Cluster32,27.64050000000001
Customer1134,Cluster34,24.128949999999996
Customer1136,Cluster36,27.27390000000001
Customer1137,Cluster37,28.395450000000004
Customer1139,Cluster39,29.520500000000002
Customer114,Cluster14,28.847999999999992
Customer1141,Cluster41,28.428633333333327
Customer1144,Cluster44,33.16209999999998
Customer1145,Cluster45,29.8475
Customer1146,Cluster46,29.482600000000005
Customer1147,Cluster47,26.542500000000004
Customer1148,Cluster48,28.273866666666663
Customer1149,Cluster49,26.262150000000013
Customer115,Cluster15,25.311300000000006
Customer1151,Cluster51,25.725200000000008
Customer1152,Cluster52,29.670849999999994
Customer1153,Cluster53,31.453150000000004
Customer1154,Cluster54,23.9897
Customer1155,Cluster55,32.804899999999996
Customer1156,Cluster56,29.04339999999999
Customer1157,Cluster57,30.314966666666663
Customer1158,Cluster58,32.9094
Customer1159,Cluster59,32.01009999999999
Customer116,Cluster16,31.531900000000004
Customer1160,Cluster60,29.94729999999998
Customer1161,Cluster61,30.5995
Customer1162,Cluster62,30.334100000000007
Customer1164,Cluster64,30.371799999999986
Customer1165,Cluster65,33.23793333333335
Customer1166,Cluster66,29.991819999999997
Customer1167,Cluster67,28.4131
Customer1168,Cluster68,27.827449999999992
Customer1169,Cluster69,29.939366666666672
Customer117,Cluster17,27.065950000000004
Customer1170,Cluster70,31.5484
Customer1172,Cluster72,32.62093333333334
Customer1173,Cluster73,23.02895
Customer1174,Cluster74,29.070400000000017
Customer1176,Cluster76,31.37179999999999
Customer1177,Cluster77,30.01543333333333
Customer1178,Cluster78,29.184
Customer1179,Cluster79,29.146600000000014
Customer118,Cluster18,31.333600000000004
Customer1180,Cluster80,29.77766666666668
Customer1182,Cluster82,26.68420000000001
Customer1183,Cluster83,27.718850000000003
Customer1184,Cluster84,29.605066666666673
Customer1185,Cluster85,30.53765
Customer1186,Cluster86,30.198500000000006
Customer1187,Cluster87,32.578900000000004
Customer1188,Cluster88,35.368100000000005
Customer1189,Cluster89,29.61180000000001
Customer119,Cluster19,28.68065000000001
Customer1190,Cluster90,30.839000000000013
Customer1192,Cluster92,31.93325
Customer1193,Cluster93,26.59025
Customer1194,Cluster94,28.00223333333334
Customer1195,Cluster95,29.177125000000007
Customer1196,Cluster96,31.083599999999997
Customer1197,Cluster97,29.674633333333336
Customer1198,Cluster98,41.079599999999985
Customer1199,Cluster99,32.0794
Customer12,Cluster12,30.082800000000006
Customer120,Cluster20,27.5332
Customer1200,Cluster100,30.760499999999997
Customer1201,Cluster1,28.65704999999999
Customer1202,Cluster2,27.658300000000008
Customer1203,Cluster3,35.620450000000005
Customer1204,Cluster4,31.365366666666663
Customer1205,Cluster5,29.943533333333335
Customer1206,Cluster6,31.085800000000006
Customer1207,Cluster7,28.414433333333324
Customer1208,Cluster8,30.716700000000014
Customer1209,Cluster9,27.93773333333334
Customer121,Cluster21,32.41060000000002
Customer1213,Cluster13,28.389700000000012
Customer1215,Cluster15,32.8256
Customer1216,Cluster16,29.311433333333337
Customer1218,Cluster18,29.755775
Customer1219,Cluster19,31.195366666666672
Customer122,Cluster22,37.10939999999998
Customer1220,Cluster20,31.50768
Customer1221,Cluster21,33.39850000000001
Customer1222,Cluster22,33.4548
Customer1223,Cluster23,28.103199999999998
Customer1224,Cluster24,31.429019999999998
Customer1225,Cluster25,32.472500000000004
Customer1226,Cluster26,27.70029999999999
Customer1227,Cluster27,33.197100000000006
Customer1228,Cluster28,31.90676666666666
Customer1229,Cluster29,30.726999999999993
Customer123,Cluster23,36.30869999999998
Customer1230,Cluster30,27.9559
Customer1231,Cluster31,32.14986666666666
Customer1232,Cluster32,28.463499999999996
Customer1233,Cluster33,26.3136
Customer1234,Cluster34,27.479349999999997
Customer1235,Cluster35,31.760599999999997
Customer1236,Cluster36,27.348899999999997
Customer1237,Cluster37,28.08349999999999
Customer1238,Cluster38,27.101199999999995
Customer1239,Cluster39,30.2138
Customer1240,Cluster40,32.4479
Customer1241,Cluster41,28.038875
Customer1242,Cluster42,27.941100000000006
Customer1243,Cluster43,32.85483333333333
Customer1244,Cluster44,27.692800000000002
Customer1245,Cluster45,29.4892
Customer1246,Cluster46,28.259133333333335
Customer1248,Cluster48,30.209650000000003
Customer1249,Cluster49,31.571000000000016
Customer1250,Cluster50,29.15075
Customer1251,Cluster51,29.916850000000004
Customer1252,Cluster52,33.22370000000001
Customer1253,Cluster53,30.452124999999995
Customer1254,Cluster54,32.21830000000001
Customer1256,Cluster56,31.24170000000001
Customer1257,Cluster57,30.420799999999996
Customer1258,Cluster58,30.00429999999999
Customer1259,Cluster59,27.118325000000002
Customer126,Cluster26,28.525299999999987
Customer1260,Cluster60,28.42613333333334
Customer1261,Cluster61,27.608433333333338
Customer1262,Cluster62,29.205099999999998
Customer1263,Cluster63,23.9088
Customer1264,Cluster64,26.00900000000001
Customer1265,Cluster65,27.31090000000001
Customer1266,Cluster66,28.31316666666667
Customer1267,Cluster67,29.728349999999992
Customer1268,Cluster68,28.015000000000008
Customer1269,Cluster69,35.222899999999996
Customer127,Cluster27,33.11569999999999
Customer1270,Cluster70,29.809800000000003
Customer1271,Cluster71,25.901099999999996
Customer1272,Cluster72,33.64996666666667
Customer1273,Cluster73,31.1322
Customer1274,Cluster74,36.27944999999999
Customer1275,Cluster75,29.998700000000017
Customer1276,Cluster76,30.497450000000008
Customer1277,Cluster77,31.319499999999994
Customer1278,Cluster78,30.407900000000012
Customer128,Cluster28,29.540000000000006
Customer1280,Cluster80,30.9168
Customer1281,Cluster81,29.92580000000001
Customer1282,Cluster82,30.725449999999988
Customer1283,Cluster83,29.582200000000004
Customer1284,Cluster84,30.626300000000015
Customer1285,Cluster85,28.7151
Customer1286,Cluster86,30.939
Customer1287,Cluster87,28.117400000000007
Customer1288,Cluster88,32.399575000000006
Customer1289,Cluster89,30.360650000000007
Customer1290,Cluster90,28.833199999999998
Customer1291,Cluster91,34.46109999999999
Customer1292,Cluster92,27.596900000000005
Customer1293,Cluster93,28.33005
Customer1294,Cluster94,41.8606
Customer1295,Cluster95,35.7004
Customer1296,Cluster96,27.03542
Customer1297,Cluster97,29.125799999999998
Customer1298,Cluster98,33.242599999999996
Customer1299,Cluster99,33.09813333333333
Customer13,Cluster13,27.912033333333344
Customer130,Cluster30,28.871733333333342
Customer1300,Cluster100,28.164866666666672
Customer1301,Cluster1,31.50464999999999
Customer1302,Cluster2,27.453900000000004
Customer1304,Cluster4,25.289300000000008
Customer1305,Cluster5,31.074700000000025
Customer1306,Cluster6,26.906000000000017
Customer1307,Cluster7,30.230950000000007
Customer1308,Cluster8,26.3702
Customer1309,Cluster9,32.223600000000005
Customer131,Cluster31,29.578400000000002
Customer1310,Cluster10,32.372949999999996
Customer1311,Cluster11,31.217650000000006
Customer1312,Cluster12,29.749300000000005
Customer1313,Cluster13,33.22006666666667
Customer1314,Cluster14,32.94939999999999
Customer1315,Cluster15,30.696649999999995
Customer1316,Cluster16,27.832800000000006
Customer1317,Cluster17,28.3037
Customer1318,Cluster18,30.658933333333337
Customer1319,Cluster19,28.522299999999998
Customer132,Cluster32,34.19006666666667
Customer1320,Cluster20,29.23063333333334
Customer1321,Cluster21,30.840800000000005
Customer1322,Cluster22,31.206500000000005
Customer1323,Cluster23,27.4831
Customer1325,Cluster25,33.15720000000001
Customer1326,Cluster26,27.7325
Customer1327,Cluster27,27.61520000000001
Customer1329,Cluster29,25.35485
Customer133,Cluster33,27.995124999999998
Customer1330,Cluster30,32.870100000000015
Customer1331,Cluster31,30.687599999999996
Customer1332,Cluster32,25.7267
Customer1333,Cluster33,29.331000000000003
Customer1334,Cluster34,25.226099999999995
Customer1335,Cluster35,31.102699999999988
Customer1336,Cluster36,34.941599999999994
Customer1337,Cluster37,30.907900000000005
Customer1338,Cluster38,26.738199999999992
Customer1339,Cluster39,30.696400000000008
Customer134,Cluster34,31.427300000000006
Customer1340,Cluster40,30.743699999999993
Customer1341,Cluster41,29.13180000000001
Customer1342,Cluster42,30.126833333333337
Customer1343,Cluster43,30.530300000000015
Customer1344,Cluster44,27.699199999999998
Customer1345,Cluster45,26.405899999999995
Customer1346,Cluster46,30.701066666666662
Customer1347,Cluster47,31.321133333333332
Customer1349,Cluster49,33.021899999999995
Customer135,Cluster35,33.689099999999996
Customer1350,Cluster50,31.959633333333333
Customer1353,Cluster53,38.26360000000002
Customer1354,Cluster54,30.114333333333324
Customer1355,Cluster55,29.440499999999982
Customer1356,Cluster56,33.52929999999999
Customer1358,Cluster58,31.250874999999994
Customer1359,Cluster59,27.41176666666667
Customer136,Cluster36,27.266466666666663
Customer1360,Cluster60,32.25199999999998
Customer1361,Cluster61,31.0876
Customer1362,Cluster62,29.76329999999998
Customer1363,Cluster63,29.853866666666658
Customer1365,Cluster65,31.04599999999999
Customer1366,Cluster66,29.87309999999999
Customer1367,Cluster67,31.38760000000002
Customer1368,Cluster68,29.858200000000014
Customer1369,Cluster69,28.343100000000003
Customer137,Cluster37,28.999550000000006
Customer1370,Cluster70,32.6671
Customer1371,Cluster71,30.984233333333332
Customer1372,Cluster72,30.300099999999993
Customer1373,Cluster73,29.532400000000003
Customer1374,Cluster74,27.77170000000001
Customer1375,Cluster75,29.8736
Customer1376,Cluster76,28.635949999999994
Customer1377,Cluster77,27.307799999999997
Customer1378,Cluster78,31.720799999999986
Customer1379,Cluster79,34.35020000000002
Customer138,Cluster38,30.2642
Customer1380,Cluster80,29.8974
Customer1381,Cluster81,30.27850000000001
Customer1382,Cluster82,32.2778
Customer1383,Cluster83,34.1032
Customer1384,Cluster84,28.50112499999999
Customer1385,Cluster85,33.450900000000004
Customer1386,Cluster86,30.437
Customer1387,Cluster87,35.2473
Customer1388,Cluster88,32.30305
Customer1389,Cluster89,29.99335
Customer139,Cluster39,29.625100000000003
Customer1390,Cluster90,30.239933333333322
Customer1391,Cluster91,26.910799999999995
Customer1392,Cluster92,27.5763
Customer1393,Cluster93,25.19970000000001
Customer1394,Cluster94,30.098699999999997
Customer1395,Cluster95,27.324633333333335
Customer1396,Cluster96,30.308299999999996
Customer1397,Cluster97,25.846499999999992
Customer1399,Cluster99,27.5877
Customer140,Cluster40,32.476299999999995
Customer1400,Cluster100,30.832400000000014
Customer1401,Cluster1,30.9011
Customer1402,Cluster2,31.186900000000023
Customer1403,Cluster3,33.08150000000001
Customer1404,Cluster4,32.43050000000001
Customer1405,Cluster5,30.845933333333335
Customer1408,Cluster8,28.583350000000017
Customer1409,Cluster9,30.618500000000008
Customer1410,Cluster10,30.738433333333337
Customer1411,Cluster11,32.419866666666664
Customer1412,Cluster12,30.458149999999996
Customer1413,Cluster13,33.6229
Customer1414,Cluster14,30.148725000000006
Customer1415,Cluster15,28.71600000000002
Customer1416,Cluster16,29.73160000000002
Customer1417,Cluster17,31.6505
Customer1418,Cluster18,31.800150000000006
Customer1419,Cluster19,34.027733333333344
Customer142,Cluster42,26.0201
Customer1420,Cluster20,30.880299999999988
Customer1421,Cluster21,30.676050000000004
Customer1422,Cluster22,32.635400000000004
Customer1423,Cluster23,30.3129
Customer1424,Cluster24,31.567199999999993
Customer1425,Cluster25,30.741250000000008
Customer1426,Cluster26,33.558299999999996
Customer1428,Cluster28,29.14385
Customer1429,Cluster29,29.73886666666667
Customer1430,Cluster30,31.548999999999996
Customer1431,Cluster31,31.002
Customer1432,Cluster32,27.25910000000001
Customer1433,Cluster33,28.55084999999999
Customer1434,Cluster34,29.877866666666673
Customer1435,Cluster35,30.7835
Customer1437,Cluster37,27.529050000000005
Customer1438,Cluster38,26.284499999999998
Customer1439,Cluster39,30.016500000000004
Customer144,Cluster44,32.793600000000005
Customer1440,Cluster40,28.843150000000005
Customer1441,Cluster41,27.353400000000008
Customer1442,Cluster42,29.269125000000003
Customer1443,Cluster43,29.314375000000002
Customer1444,Cluster44,25.08440000000001
Customer1445,Cluster45,23.730099999999993
Customer1446,Cluster46,30.4341
Customer1447,Cluster47,30.1918
Customer1448,Cluster48,30.777975
Customer1449,Cluster49,28.965650000000004
Customer1450,Cluster50,28.3719
Customer1451,Cluster51,31.019400000000005
Customer1452,Cluster52,28.793899999999994
Customer1453,Cluster53,35.2797
Customer1455,Cluster55,26.7841
Customer1456,Cluster56,27.60985
Customer1457,Cluster57,36.4438
Customer1458,Cluster58,26.311899999999994
Customer1459,Cluster59,39.90099999999998
Customer146,Cluster46,32.95265
Customer1462,Cluster62,26.985350000000004
Customer1463,Cluster63,29.5738
Customer1464,Cluster64,30.968799999999998
Customer1465,Cluster65,32.02599999999999
Customer1466,Cluster66,28.96444999999999
Customer1467,Cluster67,30.9392
Customer1468,Cluster68,29.3962
Customer147,Cluster47,31.543966666666666
Customer1470,Cluster70,31.860680000000002
Customer1471,Cluster71,28.070050000000002
Customer1472,Cluster72,30.77566666666667
Customer1473,Cluster73,31.154049999999998
Customer1474,Cluster74,31.740099999999988
Customer1475,Cluster75,32.415499999999994
Customer1476,Cluster76,28.0056
Customer1477,Cluster77,32.65685
Customer1479,Cluster79,27.0184
Customer148,Cluster48,28.19705000000001
Customer1481,Cluster81,30.9355
Customer1482,Cluster82,30.2913
Customer1484,Cluster84,31.336300000000016
Customer1485,Cluster85,28.822649999999996
Customer1486,Cluster86,26.863199999999992
Customer1488,Cluster88,29.515124999999998
Customer1489,Cluster89,27.220100000000002
Customer149,Cluster49,30.043
Customer1490,Cluster90,27.1778
Customer1492,Cluster92,26.14199999999999
Customer1494,Cluster94,33.51309999999999
Customer1495,Cluster95,29.753850000000003
Customer1496,Cluster96,33.39335
Customer1497,Cluster97,26.190199999999994
Customer1498,Cluster98,30.52600000000001
Customer1499,Cluster99,28.86739999999999
Customer15,Cluster15,28.654449999999997
Customer150,Cluster50,33.127166666666675
Customer1500,Cluster100,30.3137
Customer1501,Cluster1,30.825950000000006
Customer1502,Cluster2,27.73480000000001
Customer1503,Cluster3,31.011000000000006
Customer1504,Cluster4,29.8729
Customer1505,Cluster5,30.235400000000013
Customer1506,Cluster6,26.6266
Customer1507,Cluster7,29.503300000000014
Customer1508,Cluster8,28.071100000000012
Customer151,Cluster51,32.46955000000001
Customer1510,Cluster10,29.876949999999997
Customer1511,Cluster11,31.322866666666656
Customer1513,Cluster13,32.85065
Customer1514,Cluster14,31.629200000000004
Customer1515,Cluster15,27.749000000000006
Customer1516,Cluster16,34.6161
Customer1517,Cluster17,29.994
Customer1518,Cluster18,26.94653333333333
Customer1519,Cluster19,31.475966666666668
Customer152,Cluster52,30.043250000000004
Customer1520,Cluster20,29.46215
Customer1522,Cluster22,28.8721
Customer1524,Cluster24,29.516233333333332
Customer1525,Cluster25,29.752666666666666
Customer1526,Cluster26,30.992050000000003
Customer1527,Cluster27,28.142300000000013
Customer1528,Cluster28,31.921599999999998
Customer1529,Cluster29,32.127399999999994
Customer153,Cluster53,25.6976
Customer1530,Cluster30,29.30312
Customer1531,Cluster31,28.95165
Customer1532,Cluster32,31.464450000000006
Customer1533,Cluster33,29.67646000000001
Customer1534,Cluster34,27.417100000000005
Customer1535,Cluster35,26.693399999999997
Customer1537,Cluster37,28.140799999999984
Customer1539,Cluster39,32.11173333333334
Customer154,Cluster54,35.33280000000003
Customer1540,Cluster40,29.702999999999996
Customer1541,Cluster41,28.37749999999999
Customer1542,Cluster42,28.862999999999992
Customer1543,Cluster43,27.550099999999997
Customer1544,Cluster44,31.403449999999996
Customer1546,Cluster46,32.19505000000001
Customer1547,Cluster47,31.15869999999999
Customer1548,Cluster48,25.08529999999999
Customer1549,Cluster49,29.2393
Customer155,Cluster55,31.3717
Customer1550,Cluster50,28.205649999999984
Customer1552,Cluster52,30.256099999999993
Customer1553,Cluster53,26.686299999999996
Customer1554,Cluster54,35.000033333333334
Customer1555,Cluster55,26.5818
Customer1556,Cluster56,32.44219999999999
Customer1559,Cluster59,32.06966666666667
Customer156,Cluster56,27.976033333333334
Customer1560,Cluster60,30.161733333333334
Customer1561,Cluster61,25.922850000000004
Customer1564,Cluster64,29.16785
Customer1565,Cluster65,27.31280000000001
Customer1566,Cluster66,35.85539999999998
Customer1568,Cluster68,31.244799999999994
Customer1569,Cluster69,30.941900000000015
Customer157,Cluster57,31.41056666666667
Customer1570,Cluster70,29.758300000000006
Customer1571,Cluster71,27.798050000000003
Customer1572,Cluster72,32.15412
Customer1573,Cluster73,28.015200000000014
Customer1574,Cluster74,31.131099999999996
Customer1577,Cluster77,30.984099999999994
Customer1578,Cluster78,29.142350000000008
Customer1579,Cluster79,28.396000000000008
Customer158,Cluster58,33.230033333333324
Customer1580,Cluster80,27.87466666666667
Customer1581,Cluster81,27.409200000000002
Customer1582,Cluster82,29.416749999999997
Customer1583,Cluster83,33.3119
Customer1584,Cluster84,30.95664999999999
Customer1585,Cluster85,31.304499999999997
Customer1586,Cluster86,30.605400000000007
Customer1587,Cluster87,24.18799999999999
Customer1588,Cluster88,30.868849999999988
Customer1589,Cluster89,33.215950000000014
Customer159,Cluster59,28.886400000000002
Customer1590,Cluster90,29.79539999999999
Customer1591,Cluster91,30.5479
Customer1592,Cluster92,31.081900000000008
Customer1593,Cluster93,26.59905
Customer1594,Cluster94,31.357966666666684
Customer1595,Cluster95,32.61880000000001
Customer1596,Cluster96,22.410999999999994
Customer1597,Cluster97,29.196199999999994
Customer1598,Cluster98,28.299466666666657
Customer1599,Cluster99,29.822499999999998
Customer16,Cluster16,34.359300000000005
Customer1600,Cluster100,29.934900000000006
Customer1601,Cluster1,29.220499999999998
Customer1603,Cluster3,30.97280000000001
Customer1604,Cluster4,28.485024999999997
Customer1605,Cluster5,25.088600000000007
Customer1606,Cluster6,26.34859999999999
Customer1607,Cluster7,29.258900000000004
Customer1608,Cluster8,30.6811
Customer1609,Cluster9,28.284899999999993
Customer161,Cluster61,28.1124
Customer1610,Cluster10,30.69955
Customer1611,Cluster11,28.0694
Customer1612,Cluster12,27.592
Customer1613,Cluster13,31.99383333333334
Customer1614,Cluster14,33.436800000000005
Customer1615,Cluster15,31.156350000000007
Customer1616,Cluster16,28.095950000000016
Customer1617,Cluster17,30.802599999999998
Customer1618,Cluster18,28.9778
Customer1619,Cluster19,29.59686666666667
Customer162,Cluster62,30.063450000000003
Customer1620,Cluster20,29.239
Customer1621,Cluster21,29.218700000000005
Customer1622,Cluster22,29.370799999999996
Customer1623,Cluster23,32.88966666666666
Customer1625,Cluster25,27.15793333333333
Customer1627,Cluster27,34.96759999999999
Customer1628,Cluster28,25.769699999999993
Customer1629,Cluster29,33.11419999999999
Customer1631,Cluster31,30.6297
Customer1632,Cluster32,30.40085
Customer1633,Cluster33,33.2377
Customer1634,Cluster34,29.55750000000001
Customer1635,Cluster35,28.534799999999997
Customer1636,Cluster36,27.134600000000002
Customer1637,Cluster37,28.319800000000004
Customer1639,Cluster39,28.371180000000003
Customer164,Cluster64,31.66370000000002
Customer1640,Cluster40,27.515250000000005
Customer1641,Cluster41,28.492500000000007
Customer1642,Cluster42,34.70159999999999
Customer1643,Cluster43,26.64179999999999
Customer1644,Cluster44,30.435766666666666
Customer1645,Cluster45,30.17705000000001
Customer1646,Cluster46,30.35905000000001
Customer1647,Cluster47,32.5385
Customer1648,Cluster48,28.354566666666667
Customer1649,Cluster49,28.570000000000007
Customer165,Cluster65,31.957100000000015
Customer1650,Cluster50,29.47992499999999
Customer1651,Cluster51,29.021499999999996
Customer1652,Cluster52,30.182100000000005
Customer1653,Cluster53,32.00930000000001
Customer1654,Cluster54,27.41839999999999
Customer1655,Cluster55,28.820800000000006
Customer1656,Cluster56,33.225199999999994
Customer1657,Cluster57,28.95765
Customer1658,Cluster58,30.8376
Customer1659,Cluster59,24.11649999999999
Customer166,Cluster66,29.866466666666668
Customer1660,Cluster60,29.2542
Customer1661,Cluster61,25.863699999999998
Customer1662,Cluster62,28.63059999999999
Customer1663,Cluster63,29.3338
Customer1664,Cluster64,28.6973
Customer1665,Cluster65,30.375649999999993
Customer1667,Cluster67,30.015966666666667
Customer1668,Cluster68,29.454699999999985
Customer1669,Cluster69,33.022899999999986
Customer1670,Cluster70,27.65625
Customer1671,Cluster71,26.508300000000006
Customer1672,Cluster72,30.55040000000001
Customer1673,Cluster73,29.1535
Customer1674,Cluster74,28.00694999999999
Customer1675,Cluster75,27.370699999999992
Customer1676,Cluster76,31.620599999999996
Customer1677,Cluster77,27.551450000000006
Customer1678,Cluster78,27.8655
Customer168,Cluster68,29.427640000000004
Customer1680,Cluster80,30.664799999999996
Customer1681,Cluster81,32.6532
Customer1682,Cluster82,29.995925000000003
Customer1683,Cluster83,33.995
Customer1684,Cluster84,26.603399999999997
Customer1685,Cluster85,32.5046
Customer1686,Cluster86,33.076899999999995
Customer1687,Cluster87,30.7313
Customer1688,Cluster88,28.096300000000006
Customer1689,Cluster89,29.48489999999999
Customer169,Cluster69,25.866149999999998
Customer1690,Cluster90,30.971399999999996
Customer1691,Cluster91,26.905850000000008
Customer1693,Cluster93,25.33039999999999
Customer1694,Cluster94,29.47795
Customer1695,Cluster95,23.383799999999997
Customer1696,Cluster96,28.1521
Customer1698,Cluster98,27.61763333333333
Customer1699,Cluster99,28.985750000000003
Customer17,Cluster17,27.23230000000001
Customer170,Cluster70,28.521799999999995
Customer1700,Cluster100,24.256899999999995
Customer1701,Cluster1,21.665600000000005
Customer1702,Cluster2,30.672150000000002
Customer1703,Cluster3,33.26580000000001
Customer1704,Cluster4,27.588900000000002
Customer1705,Cluster5,28.795349999999996
Customer1706,Cluster6,28.894799999999996
Customer1707,Cluster7,26.26079999999999
Customer1708,Cluster8,28.810966666666673
Customer171,Cluster71,30.5799
Customer1710,Cluster10,28.341225
Customer1711,Cluster11,29.171200000000002
Customer1712,Cluster12,31.586066666666657
Customer1713,Cluster13,28.365999999999996
Customer1714,Cluster14,29.885299999999994
Customer1715,Cluster15,27.826733333333333
Customer1717,Cluster17,27.108200000000014
Customer1718,Cluster18,25.802300000000006
Customer1719,Cluster19,33.0439
Customer1721,Cluster21,26.820750000000004
Customer1722,Cluster22,29.743100000000002
Customer1723,Cluster23,30.920499999999993
Customer1724,Cluster24,31.647099999999995
Customer1725,Cluster25,28.53059999999999
Customer1726,Cluster26,29.730700000000006
Customer1727,Cluster27,33.59255000000001
Customer1728,Cluster28,29.031249999999996
Customer1729,Cluster29,30.402033333333332
Customer173,Cluster73,27.965750000000007
Customer1730,Cluster30,27.175366666666665
Customer1731,Cluster31,30.61825
Customer1732,Cluster32,29.052800000000012
Customer1733,Cluster33,30.541200000000003
Customer1735,Cluster35,30.39964999999999
Customer1736,Cluster36,29.002699999999994
Customer1738,Cluster38,28.75519999999999
Customer1739,Cluster39,26.923099999999994
Customer174,Cluster74,30.823600000000003
Customer1740,Cluster40,30.531499999999998
Customer1741,Cluster41,28.448133333333327
Customer1742,Cluster42,29.799628571428574
Customer1743,Cluster43,28.779899999999998
Customer1744,Cluster44,28.05085000000001
Customer1746,Cluster46,30.783433333333335
Customer1747,Cluster47,28.777299999999997
Customer1748,Cluster48,31.397700000000004
Customer1749,Cluster49,31.327900000000003
Customer1750,Cluster50,31.442900000000012
Customer1751,Cluster51,27.66965
Customer1752,Cluster52,31.07306666666666
Customer1753,Cluster53,33.5729
Customer1754,Cluster54,29.371399999999998
Customer1756,Cluster56,30.623033333333336
Customer1757,Cluster57,30.04503333333334
Customer1758,Cluster58,30.23835
Customer1759,Cluster59,29.62974999999999
Customer176,Cluster76,29.271350000000005
Customer1760,Cluster60,26.97109999999999
Customer1761,Cluster61,30.06243333333333
Customer1762,Cluster62,29.614033333333328
Customer1763,Cluster63,28.48250000000001
Customer1764,Cluster64,34.74759999999998
Customer1765,Cluster65,31.747649999999993
Customer1766,Cluster66,30.39319999999999
Customer1767,Cluster67,29.588300000000004
Customer1768,Cluster68,29.323166666666676
Customer1769,Cluster69,29.641300000000005
Customer177,Cluster77,30.76250000000001
Customer1770,Cluster70,33.41986666666667
Customer1771,Cluster71,27.967000000000013
Customer1774,Cluster74,29.30866666666668
Customer1775,Cluster75,29.82764999999999
Customer1776,Cluster76,32.839749999999995
Customer1779,Cluster79,28.10915
Customer178,Cluster78,34.235699999999994
Customer1780,Cluster80,27.6596
Customer1781,Cluster81,27.907866666666667
Customer1782,Cluster82,30.53406666666667
Customer1784,Cluster84,28.543300000000002
Customer1785,Cluster85,30.86306666666667
Customer1786,Cluster86,31.320966666666667
Customer1788,Cluster88,28.205450000000006
Customer1789,Cluster89,31.253866666666664
Customer179,Cluster79,27.80099999999999
Customer1790,Cluster90,30.280700000000003
Customer1791,Cluster91,22.8772
Customer1792,Cluster92,26.961699999999997
Customer1793,Cluster93,28.51099999999999
Customer1794,Cluster94,28.799250000000004
Customer1797,Cluster97,27.427374999999998
Customer1799,Cluster99,33.31520000000001
Customer18,Cluster18,29.890040000000006
Customer180,Cluster80,26.367199999999997
Customer1800,Cluster100,28.579733333333333
Customer1801,Cluster1,29.303175
Customer1802,Cluster2,33.9867
Customer1804,Cluster4,30.488433333333347
Customer1805,Cluster5,30.608659999999997
Customer1806,Cluster6,27.100799999999996
Customer1807,Cluster7,30.405449999999995
Customer1808,Cluster8,33.165949999999995
Customer1809,Cluster9,24.5542
Customer181,Cluster81,26.768799999999995
Customer1810,Cluster10,27.11829999999999
Customer1811,Cluster11,30.218199999999996
Customer1812,Cluster12,35.2255
Customer1813,Cluster13,33.784749999999995
Customer1814,Cluster14,31.019249999999992
Customer1815,Cluster15,31.996399999999994
Customer1816,Cluster16,29.810449999999992
Customer1817,Cluster17,35.303000000000004
Customer1818,Cluster18,28.34190000000001
Customer1819,Cluster19,31.305699999999998
Customer182,Cluster82,28.807899999999986
Customer1820,Cluster20,29.314300000000003
Customer1821,Cluster21,27.366800000000005
Customer1822,Cluster22,28.641599999999997
Customer1823,Cluster23,27.199299999999997
Customer1824,Cluster24,28.988850000000003
Customer1825,Cluster25,29.859600000000004
Customer1826,Cluster26,28.142400000000002
Customer1827,Cluster27,29.133899999999997
Customer1828,Cluster28,25.912333333333333
Customer1829,Cluster29,29.805974999999997
Customer183,Cluster83,29.18694999999999
Customer1830,Cluster30,31.679849999999988
Customer1833,Cluster33,30.361166666666673
Customer1834,Cluster34,28.1256
Customer1835,Cluster35,29.120749999999997
Customer1836,Cluster36,32.540966666666655
Customer1837,Cluster37,31.09633333333333
Customer1838,Cluster38,28.29523333333333
Customer1839,Cluster39,28.408849999999994
Customer184,Cluster84,27.625299999999996
Customer1840,Cluster40,26.38169999999999
Customer1841,Cluster41,32.3188
Customer1842,Cluster42,27.378700000000006
Customer1843,Cluster43,28.246166666666664
Customer1844,Cluster44,30.220625000000005
Customer1845,Cluster45,30.1264
Customer1847,Cluster47,27.656499999999998
Customer1848,Cluster48,28.42975
Customer1849,Cluster49,31.21994999999999
Customer185,Cluster85,25.470899999999983
Customer1850,Cluster50,28.295999999999992
Customer1853,Cluster53,34.63830000000001
Customer1855,Cluster55,30.590700000000016
Customer1856,Cluster56,33.60130000000001
Customer1858,Cluster58,30.122300000000013
Customer1859,Cluster59,28.308000000000003
Customer186,Cluster86,28.321699999999996
Customer1860,Cluster60,30.345399999999994
Customer1861,Cluster61,31.27644999999999
Customer1862,Cluster62,30.185900000000004
Customer1863,Cluster63,28.468025
Customer1864,Cluster64,27.078250000000004
Customer1865,Cluster65,27.510399999999997
Customer1866,Cluster66,29.799349999999993
Customer1867,Cluster67,26.980449999999994
Customer1868,Cluster68,31.952133333333336
Customer1869,Cluster69,25.20865
Customer187,Cluster87,28.183233333333334
Customer1870,Cluster70,31.016599999999997
Customer1871,Cluster71,25.400499999999997
Customer1872,Cluster72,27.7881
Customer1873,Cluster73,29.821599999999997
Customer1874,Cluster74,30.305150000000005
Customer1875,Cluster75,28.52649999999999
Customer1876,Cluster76,31.518199999999997
Customer1877,Cluster77,31.266975000000002
Customer1878,Cluster78,28.480599999999995
Customer1879,Cluster79,29.1921
Customer188,Cluster88,29.280725000000004
Customer1880,Cluster80,28.741399999999985
Customer1881,Cluster81,31.716599999999993
Customer1882,Cluster82,33.77805000000001
Customer1884,Cluster84,30.428600000000007
Customer1885,Cluster85,32.992599999999996
Customer1886,Cluster86,23.302900000000008
Customer1887,Cluster87,29.55243333333333
Customer189,Cluster89,29.656099999999995
Customer1890,Cluster90,30.068533333333335
Customer1891,Cluster91,28.5989
Customer1892,Cluster92,29.451549999999994
Customer1893,Cluster93,27.694599999999998
Customer1894,Cluster94,25.9593
Customer1895,Cluster95,32.3896
Customer1897,Cluster97,26.049649999999993
Customer1898,Cluster98,24.265000000000004
Customer1899,Cluster99,29.39865
Customer19,Cluster19,31.299449999999993
Customer190,Cluster90,32.29330000000001
Customer1900,Cluster100,29.17930000000001
Customer1901,Cluster1,36.2682
Customer1902,Cluster2,26.799500000000002
Customer1904,Cluster4,29.848699999999997
Customer1906,Cluster6,32.05666666666666
Customer1907,Cluster7,27.083499999999994
Customer1909,Cluster9,28.810100000000006
Customer191,Cluster91,30.245050000000013
Customer1910,Cluster10,26.676899999999993
Customer1913,Cluster13,33.6656
Customer1914,Cluster14,31.017875000000004
Customer1915,Cluster15,27.223799999999997
Customer1916,Cluster16,28.471499999999995
Customer1918,Cluster18,33.076699999999995
Customer1919,Cluster19,31.22589999999999
Customer1920,Cluster20,27.914833333333334
Customer1921,Cluster21,31.008433333333333
Customer1922,Cluster22,29.691600000000005
Customer1923,Cluster23,31.97275000000001
Customer1924,Cluster24,29.801199999999994
Customer1925,Cluster25,31.007650000000005
Customer1926,Cluster26,26.68319999999999
Customer1927,Cluster27,24.606450000000006
Customer1928,Cluster28,32.54072499999999
Customer1929,Cluster29,30.887049999999988
Customer1930,Cluster30,32.19236666666666
Customer1931,Cluster31,29.205899999999996
Customer1932,Cluster32,33.40720000000002
Customer1934,Cluster34,26.534200000000002
Customer1936,Cluster36,32.04320000000001
Customer1937,Cluster37,28.156500000000005
Customer1938,Cluster38,28.54249999999999
Customer1939,Cluster39,24.672699999999995
Customer194,Cluster94,33.5332
Customer1941,Cluster41,29.9508
Customer1942,Cluster42,34.1446
Customer1943,Cluster43,30.491399999999995
Customer1944,Cluster44,26.7343
Customer1945,Cluster45,29.507999999999996
Customer1946,Cluster46,33.6986
Customer1947,Cluster47,24.548699999999997
Customer1949,Cluster49,27.610349999999997
Customer195,Cluster95,29.988900000000005
Customer1950,Cluster50,31.012900000000005
Customer1952,Cluster52,29.118199999999995
Customer1953,Cluster53,29.60159999999999
Customer1955,Cluster55,33.79673333333333
Customer1956,Cluster56,28.33904999999998
Customer1957,Cluster57,25.253
Customer1958,Cluster58,28.00060000000001
Customer1959,Cluster59,26.8982
Customer196,Cluster96,30.586199999999995
Customer1960,Cluster60,29.784699999999997
Customer1961,Cluster61,29.0054
Customer1962,Cluster62,31.68546666666666
Customer1963,Cluster63,28.510349999999995
Customer1964,Cluster64,27.901099999999992
Customer1965,Cluster65,31.776050000000005
Customer1966,Cluster66,31.32519999999999
Customer1967,Cluster67,31.16080000000001
Customer1968,Cluster68,34.124050000000004
Customer1969,Cluster69,32.96096666666667
Customer197,Cluster97,27.832799999999995
Customer1970,Cluster70,29.595100000000002
Customer1971,Cluster71,29.491
Customer1972,Cluster72,30.553749999999997
Customer1973,Cluster73,30.46505
Customer1974,Cluster74,32.79189999999999
Customer1975,Cluster75,32.92965000000001
Customer1976,Cluster76,29.540750000000003
Customer1977,Cluster77,29.819160000000004
Customer1978,Cluster78,32.10895000000002
Customer1979,Cluster79,29.058350000000008
Customer198,Cluster98,30.535699999999984
Customer1981,Cluster81,36.206199999999995
Customer1982,Cluster82,31.377650000000006
Customer1984,Cluster84,29.200699999999998
Customer1985,Cluster85,31.924066666666665
Customer1986,Cluster86,28.317550000000004
Customer1987,Cluster87,28.428200000000007
Customer1988,Cluster88,31.408450000000002
Customer1989,Cluster89,26.539699999999993
Customer1990,Cluster90,28.196099999999998
Customer1991,Cluster91,29.40925
Customer1992,Cluster92,30.80580000000001
Customer1993,Cluster93,29.155333333333335
Customer1994,Cluster94,29.26790000000001
Customer1995,Cluster95,31.725650000000016
Customer1996,Cluster96,29.913674999999998
Customer1998,Cluster98,29.60752
Customer1999,Cluster99,32.15910000000001
Customer2,Cluster2,30.178949999999993
Customer20,Cluster20,30.5609
Customer200,Cluster100,18.487600000000008
Customer2000,Cluster100,28.613833333333332
Customer201,Cluster1,28.720549999999996
Customer202,Cluster2,28.639566666666664
Customer203,Cluster3,31.926149999999993
Customer204,Cluster4,28.429700000000004
Customer205,Cluster5,30.3242
Customer206,Cluster6,31.130966666666666
Customer207,Cluster7,30.679399999999994
Customer208,Cluster8,31.28084999999999
Customer21,Cluster21,27.222049999999996
Customer210,Cluster10,29.95353333333333
Customer211,Cluster11,30.07126666666666
Customer212,Cluster12,28.104333333333326
Customer213,Cluster13,29.914049999999996
Customer214,Cluster14,30.67589999999999
Customer215,Cluster15,29.495833333333334
Customer216,Cluster16,32.365149999999986
Customer217,Cluster17,29.07503333333334
Customer219,Cluster19,32.543849999999985
Customer22,Cluster22,28.102050000000013
Customer220,Cluster20,29.397
Customer221,Cluster21,27.910100000000003
Customer222,Cluster22,30.425699999999996
Customer223,Cluster23,35.429249999999996
Customer224,Cluster24,23.719800000000006
Customer225,Cluster25,29.543200000000006
Customer226,Cluster26,34.328
Customer228,Cluster28,30.546
Customer229,Cluster29,27.460200000000004
Customer230,Cluster30,29.029
Customer231,Cluster31,30.045333333333332
Customer232,Cluster32,28.131499999999992
Customer233,Cluster33,32.0261
Customer234,Cluster34,24.5785
Customer235,Cluster35,28.441900000000004
Customer236,Cluster36,29.087699999999998
Customer237,Cluster37,30.396000000000004
Customer238,Cluster38,26.342050000000004
Customer239,Cluster39,33.75505000000001
Customer24,Cluster24,40.89790000000001
Customer240,Cluster40,27.372700000000002
Customer241,Cluster41,34.63306666666668
Customer242,Cluster42,29.9605
Customer243,Cluster43,30.27650000000001
Customer244,Cluster44,32.18615
Customer245,Cluster45,30.944199999999995
Customer246,Cluster46,33.118100000000005
Customer247,Cluster47,35.16959999999999
Customer248,Cluster48,32.208849999999984
Customer249,Cluster49,29.933799999999998
Customer25,Cluster25,28.68065
Customer250,Cluster50,25.694300000000005
Customer251,Cluster51,30.590400000000002
Customer252,Cluster52,28.31029999999999
Customer253,Cluster53,29.54626
Customer254,Cluster54,28.8917
Customer255,Cluster55,29.0687
Customer256,Cluster56,29.970874999999992
Customer257,Cluster57,36.9006
Customer258,Cluster58,29.527850000000004
Customer259,Cluster59,28.695833333333336
Customer26,Cluster26,30.621899999999997
Customer260,Cluster60,32.22495
Customer261,Cluster61,28.466600000000014
Customer262,Cluster62,25.18145
Customer264,Cluster64,31.084349999999986
Customer266,Cluster66,30.35183333333333
Customer267,Cluster67,28.451675000000005
Customer27,Cluster27,28.0629
Customer270,Cluster70,31.173349999999992
Customer271,Cluster71,29.220399999999994
Customer272,Cluster72,32.0055
Customer273,Cluster73,25.450799999999994
Customer274,Cluster74,30.52410000000003
Customer275,Cluster75,31.950850000000003
Customer276,Cluster76,27.2885
Customer277,Cluster77,28.466575
Customer278,Cluster78,30.394500000000004
Customer279,Cluster79,30.926400000000005
Customer28,Cluster28,30.22535
Customer280,Cluster80,26.574050000000003
Customer281,Cluster81,25.727099999999997
Customer283,Cluster83,30.802
Customer284,Cluster84,33.95324999999998
Customer285,Cluster85,32.17755000000001
Customer286,Cluster86,32.451799999999984
Customer287,Cluster87,29.658000000000005
Customer288,Cluster88,32.050533333333334
Customer289,Cluster89,28.00205000000002
Customer29,Cluster29,27.32785
Customer290,Cluster90,30.636200000000013
Customer291,Cluster91,30.370900000000017
Customer292,Cluster92,28.123850000000004
Customer293,Cluster93,29.03139999999999
Customer295,Cluster95,31.155500000000004
Customer298,Cluster98,31.265300000000003
Customer299,Cluster99,34.295999999999985
Customer3,Cluster3,33.709999999999994
Customer30,Cluster30,29.193599999999993
Customer300,Cluster100,30.375149999999998
Customer301,Cluster1,33.73080000000001
Customer303,Cluster3,30.59079999999999
Customer304,Cluster4,31.25738
Customer305,Cluster5,31.071250000000006
Customer306,Cluster6,31.921499999999998
Customer307,Cluster7,33.6598
Customer308,Cluster8,30.403425
Customer31,Cluster31,30.603449999999995
Customer310,Cluster10,29.437
Customer311,Cluster11,31.423600000000004
Customer312,Cluster12,30.90187499999999
Customer313,Cluster13,29.225800000000003
Customer314,Cluster14,31.16020000000001
Customer315,Cluster15,27.299300000000013
Customer316,Cluster16,30.09490000000001
Customer317,Cluster17,29.922250000000002
Customer318,Cluster18,29.452600000000004
Customer319,Cluster19,27.135
Customer32,Cluster32,26.941824999999998
Customer320,Cluster20,29.876600000000007
Customer321,Cluster21,31.225999999999996
Customer322,Cluster22,30.587849999999996
Customer323,Cluster23,31.38509999999999
Customer324,Cluster24,25.554799999999997
Customer325,Cluster25,30.538833333333326
Customer327,Cluster27,31.733620000000002
Customer328,Cluster28,29.777849999999994
Customer329,Cluster29,34.411899999999996
Customer33,Cluster33,30.944274999999998
Customer330,Cluster30,29.278149999999997
Customer331,Cluster31,29.763500000000004
Customer332,Cluster32,29.450633333333332
Customer333,Cluster33,34.106100000000026
Customer335,Cluster35,27.941600000000005
Customer336,Cluster36,27.11373333333334
Customer337,Cluster37,28.50945
Customer339,Cluster39,29.39445
Customer34,Cluster34,26.8627
Customer340,Cluster40,29.417566666666662
Customer341,Cluster41,27.287700000000008
Customer343,Cluster43,32.9408
Customer344,Cluster44,31.53815
Customer345,Cluster45,29.337849999999996
Customer346,Cluster46,33.506799999999984
Customer347,Cluster47,31.924500000000002
Customer348,Cluster48,27.746600000000004
Customer349,Cluster49,33.49850000000001
Customer35,Cluster35,27.131050000000005
Customer350,Cluster50,32.44740000000001
Customer351,Cluster51,29.354766666666666
Customer352,Cluster52,31.756700000000002
Customer353,Cluster53,31.051733333333328
Customer354,Cluster54,28.540624999999988
Customer355,Cluster55,32.8165
Customer356,Cluster56,32.50170000000001
Customer357,Cluster57,31.384574999999998
Customer358,Cluster58,27.38969999999999
Customer359,Cluster59,28.327699999999993
Customer36,Cluster36,29.217466666666663
Customer362,Cluster62,29.279749999999993
Customer364,Cluster64,25.489500000000003
Customer365,Cluster65,29.473700000000008
Customer367,Cluster67,28.339749999999995
Customer368,Cluster68,32.128866666666674
Customer369,Cluster69,29.0276
Customer37,Cluster37,28.423540000000003
Customer370,Cluster70,32.026700000000005
Customer371,Cluster71,30.183600000000006
Customer372,Cluster72,29.902499999999986
Customer373,Cluster73,28.742900000000006
Customer375,Cluster75,26.586900000000004
Customer377,Cluster77,29.31015
Customer378,Cluster78,27.403299999999998
Customer379,Cluster79,29.5991
Customer38,Cluster38,31.94760000000002
Customer380,Cluster80,31.885950000000005
Customer381,Cluster81,25.541600000000017
Customer382,Cluster82,32.344200000000015
Customer383,Cluster83,29.146899999999995
Customer384,Cluster84,29.947200000000002
Customer385,Cluster85,30.320424999999993
Customer387,Cluster87,32.118849999999995
Customer388,Cluster88,28.638500000000008
Customer389,Cluster89,31.308599999999995
Customer39,Cluster39,30.995699999999996
Customer390,Cluster90,26.415849999999995
Customer391,Cluster91,28.04835
Customer392,Cluster92,28.908750000000005
Customer393,Cluster93,34.72349999999999
Customer394,Cluster94,27.718800000000005
Customer395,Cluster95,31.878933333333347
Customer397,Cluster97,30.6635
Customer398,Cluster98,31.818400000000008
Customer399,Cluster99,29.98662499999999
Customer4,Cluster4,31.276399999999988
Customer40,Cluster40,29.044733333333337
Customer400,Cluster100,29.064550000000004
Customer401,Cluster1,29.22126666666666
Customer402,Cluster2,27.713500000000007
Customer403,Cluster3,27.969300000000004
Customer404,Cluster4,31.371299999999998
Customer405,Cluster5,29.930100000000007
Customer406,Cluster6,31.562466666666662
Customer407,Cluster7,30.46705
Customer409,Cluster9,27.915233333333333
Customer41,Cluster41,31.146500000000003
Customer410,Cluster10,27.20593333333333
Customer411,Cluster11,30.983999999999998
Customer412,Cluster12,30.461200000000012
Customer413,Cluster13,29.786800000000003
Customer414,Cluster14,26.144099999999995
Customer416,Cluster16,26.3979
Customer417,Cluster17,29.173299999999994
Customer42,Cluster42,34.288000000000004
Customer420,Cluster20,29.280699999999992
Customer422,Cluster22,24.95884999999999
Customer423,Cluster23,30.9923
Customer424,Cluster24,30.372599999999995
Customer425,Cluster25,29.072299999999995
Customer426,Cluster26,30.490875
Customer427,Cluster27,29.249799999999997
Customer429,Cluster29,32.67096666666666
Customer43,Cluster43,27.75979999999999
Customer430,Cluster30,33.0197
Customer431,Cluster31,26.528233333333333
Customer432,Cluster32,31.1656
Customer434,Cluster34,29.670766666666662
Customer436,Cluster36,31.076949999999997
Customer438,Cluster38,27.541833333333326
Customer439,Cluster39,32.74085
Customer440,Cluster40,32.54356666666667
Customer441,Cluster41,33.61425
Customer442,Cluster42,30.242600000000003
Customer443,Cluster43,32.795199999999994
Customer444,Cluster44,31.7341
Customer445,Cluster45,32.5339
Customer446,Cluster46,30.703600000000005
Customer447,Cluster47,30.416319999999995
Customer448,Cluster48,32.2061
Customer45,Cluster45,26.68923333333333
Customer451,Cluster51,27.96375
Customer452,Cluster52,29.238433333333333
Customer453,Cluster53,28.987199999999998
Customer455,Cluster55,31.4696
Customer456,Cluster56,32.825149999999994
Customer458,Cluster58,26.499349999999993
Customer459,Cluster59,28.65173333333334
Customer46,Cluster46,28.479
Customer460,Cluster60,35.44126666666668
Customer461,Cluster61,29.683025
Customer462,Cluster62,33.487899999999996
Customer463,Cluster63,33.67190000000001
Customer464,Cluster64,28.710875
Customer466,Cluster66,31.906649999999992
Customer467,Cluster67,29.339366666666667
Customer468,Cluster68,31.468799999999995
Customer469,Cluster69,35.003799999999984
Customer47,Cluster47,37.0012
Customer470,Cluster70,31.300499999999985
Customer471,Cluster71,30.244025
Customer472,Cluster72,31.96820000000001
Customer473,Cluster73,29.22770000000001
Customer474,Cluster74,30.8867
Customer475,Cluster75,30.580900000000007
Customer476,Cluster76,32.515139999999995
Customer477,Cluster77,32.57154999999999
Customer478,Cluster78,34.46920000000003
Customer479,Cluster79,31.620799999999992
Customer48,Cluster48,30.316199999999995
Customer480,Cluster80,32.3056
Customer482,Cluster82,31.946700000000007
Customer483,Cluster83,33.06520000000001
Customer484,Cluster84,30.899499999999996
Customer485,Cluster85,35.323899999999995
Customer486,Cluster86,31.350050000000003
Customer487,Cluster87,35.96299999999999
Customer489,Cluster89,29.5578
Customer49,Cluster49,26.889900000000008
Customer490,Cluster90,31.44326666666667
Customer491,Cluster91,30.846599999999984
Customer494,Cluster94,27.571400000000004
Customer495,Cluster95,29.76387499999999
Customer496,Cluster96,29.191099999999995
Customer497,Cluster97,29.007566666666673
Customer498,Cluster98,29.24270000000001
Customer499,Cluster99,27.863349999999997
Customer5,Cluster5,31.184033333333335
Customer50,Cluster50,29.059500000000018
Customer500,Cluster100,26.688150000000004
Customer502,Cluster2,35.029999999999994
Customer504,Cluster4,25.734400000000008
Customer505,Cluster5,27.177300000000002
Customer506,Cluster6,29.689533333333333
Customer507,Cluster7,28.1429
Customer508,Cluster8,30.260675000000003
Customer509,Cluster9,27.757899999999996
Customer510,Cluster10,31.052999999999983
Customer511,Cluster11,29.228666666666673
Customer512,Cluster12,32.17819999999999
Customer513,Cluster13,33.60000000000002
Customer514,Cluster14,28.359675000000003
Customer515,Cluster15,30.859766666666662
Customer516,Cluster16,32.8642
Customer518,Cluster18,28.602100000000004
Customer519,Cluster19,30.487699999999997
Customer52,Cluster52,30.91876666666668
Customer520,Cluster20,32.3641
Customer521,Cluster21,29.861050000000006
Customer522,Cluster22,26.922399999999996
Customer523,Cluster23,29.217675
Customer524,Cluster24,31.486600000000013
Customer525,Cluster25,29.329575000000006
Customer526,Cluster26,33.08485000000001
Customer527,Cluster27,31.281349999999996
Customer528,Cluster28,26.965099999999996
Customer529,Cluster29,28.508700000000008
Customer53,Cluster53,27.892499999999995
Customer530,Cluster30,27.413766666666664
Customer531,Cluster31,29.883399999999995
Customer532,Cluster32,28.804000000000002
Customer533,Cluster33,28.272
Customer535,Cluster35,28.27240000000002
Customer536,Cluster36,32.83120000000001
Customer537,Cluster37,30.101
Customer538,Cluster38,31.730900000000002
Customer54,Cluster54,33.08910000000001
Customer541,Cluster41,32.4635
Customer542,Cluster42,32.629400000000004
Customer543,Cluster43,30.73405
Customer544,Cluster44,31.7239
Customer545,Cluster45,30.296233333333323
Customer546,Cluster46,28.73905
Customer548,Cluster48,23.805899999999994
Customer549,Cluster49,31.86155
Customer55,Cluster55,31.105550000000004
Customer550,Cluster50,30.439674999999998
Customer551,Cluster51,32.29486666666667
Customer552,Cluster52,30.264640000000004
Customer553,Cluster53,31.46699999999999
Customer554,Cluster54,30.382333333333325
Customer556,Cluster56,26.2615
Customer557,Cluster57,28.602750000000004
Customer56,Cluster56,31.9058
Customer560,Cluster60,29.35059999999999
Customer561,Cluster61,30.84509999999999
Customer563,Cluster63,29.639649999999993
Customer564,Cluster64,32.95643333333333
Customer565,Cluster65,29.68264999999999
Customer566,Cluster66,31.5453
Customer567,Cluster67,26.586499999999994
Customer568,Cluster68,28.403250000000007
Customer569,Cluster69,29.665425
Customer57,Cluster57,24.9153
Customer570,Cluster70,28.772766666666666
Customer571,Cluster71,28.932850000000006
Customer572,Cluster72,27.73135
Customer573,Cluster73,30.819266666666664
Customer574,Cluster74,29.7527
Customer575,Cluster75,35.62075
Customer576,Cluster76,26.850399999999997
Customer577,Cluster77,30.592799999999997
Customer578,Cluster78,32.221200000000024
Customer579,Cluster79,30.8206
Customer58,Cluster58,33.33500000000001
Customer580,Cluster80,29.204466666666665
Customer581,Cluster81,28.77980000000001
Customer582,Cluster82,29.80870000000001
Customer583,Cluster83,29.801799999999993
Customer584,Cluster84,32.7423
Customer585,Cluster85,29.528000000000006
Customer586,Cluster86,32.510175000000004
Customer587,Cluster87,32.14193333333334
Customer588,Cluster88,32.659299999999995
Customer589,Cluster89,34.4005
Customer591,Cluster91,29.073349999999998
Customer592,Cluster92,28.452900000000007
Customer593,Cluster93,27.609599999999986
Customer594,Cluster94,33.673700000000004
Customer595,Cluster95,30.75669999999999
Customer597,Cluster97,27.545400000000004
Customer599,Cluster99,27.491949999999996
Customer6,Cluster6,29.0234
Customer60,Cluster60,30.475449999999995
Customer600,Cluster100,28.277100000000015
Customer601,Cluster1,33.82575000000001
Customer602,Cluster2,28.539233333333343
Customer603,Cluster3,31.153299999999994
Customer604,Cluster4,28.409599999999987
Customer605,Cluster5,29.224899999999998
Customer606,Cluster6,31.689249999999994
Customer608,Cluster8,30.924633333333336
Customer609,Cluster9,30.106566666666662
Customer61,Cluster61,30.15346666666666
Customer610,Cluster10,28.87290000000001
Customer612,Cluster12,24.221299999999992
Customer613,Cluster13,31.649649999999998
Customer615,Cluster15,36.43710000000001
Customer616,Cluster16,30.7299
Customer619,Cluster19,32.727450000000005
Customer62,Cluster62,31.271475000000002
Customer620,Cluster20,31.656300000000005
Customer621,Cluster21,35.05989999999999
Customer622,Cluster22,30.172
Customer623,Cluster23,33.82659999999999
Customer624,Cluster24,29.15179999999999
Customer626,Cluster26,29.192899999999995
Customer627,Cluster27,28.116200000000013
Customer629,Cluster29,32.8375
Customer63,Cluster63,31.988799999999994
Customer630,Cluster30,27.086499999999994
Customer632,Cluster32,32.8352
Customer633,Cluster33,32.93679999999999
Customer634,Cluster34,29.605150000000002
Customer635,Cluster35,33.3133
Customer636,Cluster36,29.44815
Customer637,Cluster37,31.267799999999994
Customer638,Cluster38,32.74855
Customer639,Cluster39,24.792849999999994
Customer64,Cluster64,30.293366666666657
Customer640,Cluster40,26.96115
Customer641,Cluster41,30.990300000000005
Customer643,Cluster43,32.928825
Customer645,Cluster45,28.78720000000001
Customer646,Cluster46,30.6027
Customer647,Cluster47,29.850833333333323
Customer648,Cluster48,32.59876666666667
Customer649,Cluster49,31.023199999999996
Customer65,Cluster65,29.265399999999985
Customer650,Cluster50,31.58204999999999
Customer651,Cluster51,29.67115
Customer652,Cluster52,33.111799999999995
Customer653,Cluster53,29.863699999999998
Customer654,Cluster54,27.35096666666666
Customer655,Cluster55,29.6773
Customer656,Cluster56,36.12859999999998
Customer657,Cluster57,30.170099999999984
Customer658,Cluster58,30.019666666666666
Customer659,Cluster59,31.22100000000001
Customer660,Cluster60,31.931900000000006
Customer661,Cluster61,30.325500000000005
Customer662,Cluster62,29.84915
Customer665,Cluster65,30.857999999999983
Customer666,Cluster66,35.958899999999986
Customer667,Cluster67,31.151600000000002
Customer669,Cluster69,28.406450000000007
Customer67,Cluster67,31.869499999999995
Customer670,Cluster70,31.570300000000007
Customer672,Cluster72,30.147749999999995
Customer673,Cluster73,31.139800000000005
Customer674,Cluster74,31.949700000000004
Customer675,Cluster75,31.16088
Customer677,Cluster77,27.4098
Customer678,Cluster78,28.733649999999997
Customer679,Cluster79,33.7305
Customer68,Cluster68,34.04770000000001
Customer681,Cluster81,29.47455
Customer682,Cluster82,36.119249999999994
Customer683,Cluster83,27.25355
Customer684,Cluster84,31.216700000000007
Customer686,Cluster86,31.51225
Customer688,Cluster88,34.955
Customer690,Cluster90,29.752766666666673
Customer691,Cluster91,26.882720000000006
Customer692,Cluster92,31.428199999999993
Customer693,Cluster93,27.980900000000002
Customer695,Cluster95,31.27196666666667
Customer696,Cluster96,30.8244
Customer697,Cluster97,29.384200000000007
Customer698,Cluster98,32.2485
Customer700,Cluster100,28.39085
Customer701,Cluster1,28.087450000000004
Customer702,Cluster2,32.74169999999999
Customer703,Cluster3,34.64129999999998
Customer705,Cluster5,28.30989999999999
Customer706,Cluster6,30.058033333333338
Customer707,Cluster7,31.323249999999987
Customer708,Cluster8,29.172400000000007
Customer71,Cluster71,30.550499999999996
Customer710,Cluster10,30.84297500000001
Customer712,Cluster12,26.32875
Customer713,Cluster13,32.11499999999999
Customer714,Cluster14,32.12219999999999
Customer716,Cluster16,33.97564999999999
Customer717,Cluster17,28.718500000000002
Customer718,Cluster18,37.02610000000001
Customer719,Cluster19,32.343899999999984
Customer72,Cluster72,30.226800000000015
Customer720,Cluster20,31.18829999999999
Customer722,Cluster22,30.89840000000001
Customer723,Cluster23,30.604699999999998
Customer724,Cluster24,34.0871
Customer725,Cluster25,31.0721
Customer726,Cluster26,32.080299999999994
Customer727,Cluster27,31.09785
Customer728,Cluster28,33.135000000000005
Customer729,Cluster29,28.816100000000006
Customer73,Cluster73,27.907800000000005
Customer730,Cluster30,31.63215000000001
Customer731,Cluster31,29.8186
Customer732,Cluster32,33.01429999999999
Customer733,Cluster33,30.475540000000002
Customer734,Cluster34,29.2945
Customer735,Cluster35,29.833766666666673
Customer736,Cluster36,28.527949999999997
Customer737,Cluster37,31.739250000000006
Customer738,Cluster38,29.35550000000001
Customer739,Cluster39,30.306400000000004
Customer74,Cluster74,28.906800000000004
Customer741,Cluster41,31.16610000000001
Customer742,Cluster42,31.81509999999999
Customer743,Cluster43,30.5523
Customer744,Cluster44,30.503149999999998
Customer745,Cluster45,32.1824
Customer746,Cluster46,32.32115
Customer747,Cluster47,30.015350000000005
Customer748,Cluster48,27.3755
Customer749,Cluster49,32.2449
Customer75,Cluster75,29.08515
Customer750,Cluster50,30.998200000000008
Customer751,Cluster51,32.00310000000001
Customer752,Cluster52,29.768
Customer753,Cluster53,29.453266666666668
Customer754,Cluster54,28.56306666666667
Customer755,Cluster55,37.37849999999999
Customer756,Cluster56,34.17059999999999
Customer757,Cluster57,31.898399999999985
Customer759,Cluster59,32.407349999999994
Customer76,Cluster76,31.2359
Customer760,Cluster60,29.093500000000002
Customer761,Cluster61,31.52680000000001
Customer762,Cluster62,30.200000000000003
Customer763,Cluster63,36.15680000000002
Customer764,Cluster64,29.346349999999987
Customer765,Cluster65,30.786799999999992
Customer766,Cluster66,30.281599999999973
Customer769,Cluster69,27.275199999999987
Customer77,Cluster77,22.575799999999994
Customer770,Cluster70,30.436374999999995
Customer771,Cluster71,28.318099999999998
Customer772,Cluster72,29.10315
Customer773,Cluster73,29.158100000000005
Customer774,Cluster74,32.1667
Customer777,Cluster77,29.237750000000005
Customer778,Cluster78,29.83693999999999
Customer779,Cluster79,32.11970000000001
Customer78,Cluster78,31.181700000000006
Customer780,Cluster80,30.161599999999993
Customer781,Cluster81,28.0757
Customer782,Cluster82,35.3313
Customer783,Cluster83,31.250299999999992
Customer784,Cluster84,26.89255
Customer785,Cluster85,27.472933333333334
Customer786,Cluster86,29.430549999999997
Customer787,Cluster87,31.08529999999999
Customer788,Cluster88,32.345600000000005
Customer789,Cluster89,35.64025000000001
Customer79,Cluster79,30.051933333333338
Customer790,Cluster90,30.0686
Customer791,Cluster91,25.174699999999998
Customer792,Cluster92,27.66125000000001
Customer793,Cluster93,29.960500000000007
Customer794,Cluster94,29.644349999999996
Customer795,Cluster95,32.33830000000001
Customer797,Cluster97,28.492966666666664
Customer798,Cluster98,30.53765000000001
Customer799,Cluster99,28.749433333333325
Customer8,Cluster8,30.727499999999996
Customer800,Cluster100,24.61349999999999
Customer801,Cluster1,32.40270000000001
Customer803,Cluster3,33.04645
Customer804,Cluster4,30.711600000000008
Customer805,Cluster5,34.1756
Customer806,Cluster6,25.48759999999999
Customer807,Cluster7,33.362349999999985
Customer808,Cluster8,30.027599999999996
Customer809,Cluster9,31.825433333333333
Customer81,Cluster81,29.57595
Customer811,Cluster11,31.1068
Customer812,Cluster12,28.7225
Customer814,Cluster14,30.993966666666662
Customer815,Cluster15,28.917566666666673
Customer816,Cluster16,28.797566666666672
Customer817,Cluster17,30.735700000000005
Customer818,Cluster18,29.954999999999988
Customer819,Cluster19,31.107199999999985
Customer820,Cluster20,31.241266666666665
Customer822,Cluster22,26.186799999999984
Customer823,Cluster23,29.368349999999996
Customer825,Cluster25,26.541399999999996
Customer826,Cluster26,30.68246666666667
Customer827,Cluster27,31.45390000000001
Customer828,Cluster28,32.62283333333333
Customer829,Cluster29,27.2868
Customer83,Cluster83,28.005049999999994
Customer830,Cluster30,37.348599999999976
Customer831,Cluster31,31.380699999999997
Customer833,Cluster33,29.2973
Customer834,Cluster34,30.982799999999994
Customer835,Cluster35,33.812899999999985
Customer837,Cluster37,29.918250000000008
Customer838,Cluster38,32.56486666666666
Customer84,Cluster84,30.444425000000003
Customer840,Cluster40,30.439999999999984
Customer841,Cluster41,28.349900000000005
Customer842,Cluster42,29.976900000000004
Customer843,Cluster43,29.575250000000004
Customer844,Cluster44,30.493899999999993
Customer845,Cluster45,29.829700000000003
Customer846,Cluster46,28.3662
Customer847,Cluster47,24.033100000000022
Customer848,Cluster48,30.297899999999977
Customer849,Cluster49,29.98885
Customer85,Cluster85,34.31269999999999
Customer850,Cluster50,28.927175000000005
Customer851,Cluster51,29.828850000000003
Customer852,Cluster52,33.939133333333324
Customer853,Cluster53,30.608150000000006
Customer854,Cluster54,34.541499999999985
Customer855,Cluster55,35.6696
Customer857,Cluster57,37.4106
Customer858,Cluster58,28.097799999999992
Customer86,Cluster86,28.317950000000003
Customer860,Cluster60,30.825149999999994
Customer861,Cluster61,28.20169999999999
Customer862,Cluster62,28.561199999999996
Customer864,Cluster64,30.013999999999996
Customer865,Cluster65,33.96485
Customer866,Cluster66,30.2331
Customer867,Cluster67,33.638600000000025
Customer868,Cluster68,30.304075
Customer869,Cluster69,30.947000000000003
Customer87,Cluster87,29.50786666666666
Customer871,Cluster71,29.68876666666667
Customer872,Cluster72,23.9707
Customer873,Cluster73,28.28160000000001
Customer874,Cluster74,32.8361
Customer875,Cluster75,32.368599999999994
Customer876,Cluster76,30.254199999999997
Customer877,Cluster77,31.678974999999994
Customer878,Cluster78,29.709099999999992
Customer879,Cluster79,30.478999999999996
Customer88,Cluster88,26.29919999999998
Customer880,Cluster80,28.036399999999993
Customer883,Cluster83,30.477349999999994
Customer885,Cluster85,30.140666666666664
Customer886,Cluster86,28.647350000000003
Customer887,Cluster87,29.62005
Customer888,Cluster88,24.4878
Customer889,Cluster89,25.3489
Customer89,Cluster89,28.700133333333337
Customer890,Cluster90,26.218850000000003
Customer892,Cluster92,28.482100000000003
Customer893,Cluster93,28.15663333333333
Customer894,Cluster94,27.01726666666666
Customer896,Cluster96,30.045599999999997
Customer899,Cluster99,32.888400000000004
Customer9,Cluster9,31.198950000000004
Customer90,Cluster90,29.155100000000015
Customer902,Cluster2,26.27350000000002
Customer903,Cluster3,32.128499999999995
Customer904,Cluster4,32.6362
Customer906,Cluster6,28.917099999999998
Customer907,Cluster7,32.51075
Customer908,Cluster8,27.020399999999995
Customer91,Cluster91,27.916566666666668
Customer910,Cluster10,28.674825000000002
Customer911,Cluster11,32.024900000000024
Customer912,Cluster12,28.48556666666666
Customer913,Cluster13,26.023200000000003
Customer915,Cluster15,28.780066666666674
Customer917,Cluster17,29.50075000000001
Customer918,Cluster18,30.39407499999999
Customer919,Cluster19,27.1522
Customer92,Cluster92,25.860500000000002
Customer920,Cluster20,29.3603
Customer921,Cluster21,26.945166666666662
Customer922,Cluster22,30.27395
Customer923,Cluster23,22.77189999999999
Customer924,Cluster24,28.699700000000007
Customer925,Cluster25,36.2587
Customer926,Cluster26,25.678399999999993
Customer927,Cluster27,28.41145
Customer928,Cluster28,31.143499999999996
Customer929,Cluster29,28.883899999999997
Customer93,Cluster93,23.62315000000001
Customer931,Cluster31,30.310766666666666
Customer932,Cluster32,30.337200000000017
Customer933,Cluster33,34.04749999999999
Customer934,Cluster34,31.35076666666666
Customer935,Cluster35,29.64139999999999
Customer936,Cluster36,30.4959
Customer937,Cluster37,29.595749999999995
Customer938,Cluster38,24.425200000000004
Customer939,Cluster39,31.132400000000004
Customer94,Cluster94,25.966019999999997
Customer940,Cluster40,31.285100000000014
Customer943,Cluster43,30.1276
Customer945,Cluster45,29.996683333333333
Customer948,Cluster48,33.463600000000014
Customer949,Cluster49,27.068033333333336
Customer95,Cluster95,27.956800000000005
Customer950,Cluster50,26.62805
Customer951,Cluster51,27.92459999999999
Customer952,Cluster52,26.909499999999998
Customer953,Cluster53,28.9474
Customer954,Cluster54,31.40859999999999
Customer955,Cluster55,32.73069999999999
Customer957,Cluster57,28.156300000000012
Customer96,Cluster96,25.294166666666666
Customer960,Cluster60,29.145900000000015
Customer961,Cluster61,26.804766666666655
Customer962,Cluster62,28.48165000000001
Customer963,Cluster63,29.479733333333332
Customer964,Cluster64,27.6831
Customer965,Cluster65,24.5317
Customer966,Cluster66,29.732133333333326
Customer967,Cluster67,25.741999999999994
Customer968,Cluster68,29.539100000000015
Customer969,Cluster69,30.849633333333326
Customer97,Cluster97,26.9354
Customer970,Cluster70,25.970500000000005
Customer972,Cluster72,27.6093
Customer973,Cluster73,35.22879999999999
Customer974,Cluster74,30.415650000000007
Customer975,Cluster75,31.520900000000005
Customer976,Cluster76,25.764683333333327
Customer977,Cluster77,31.32546666666667
Customer978,Cluster78,28.955299999999998
Customer979,Cluster79,30.524150000000006
Customer98,Cluster98,31.421000000000003
Customer980,Cluster80,29.998599999999996
Customer981,Cluster81,28.25760000000002
Customer983,Cluster83,30.348999999999993
Customer984,Cluster84,28.297233333333327
Customer985,Cluster85,25.818899999999985
Customer986,Cluster86,29.125099999999996
Customer988,Cluster88,32.313400000000016
Customer989,Cluster89,26.18979999999999
Customer99,Cluster99,30.52655
Customer990,Cluster90,34.70399999999999
Customer992,Cluster92,29.275533333333332
Customer993,Cluster93,22.848599999999998
Customer994,Cluster94,29.21655
Customer995,Cluster95,29.872000000000007
Customer996,Cluster96,27.58599999999998
Customer998,Cluster98,22.2299
Customer999,Cluster99,28.377199999999988
