Customer_ID,Cluster_ID,LDO_Requirement_Predicted
Customer1,Cluster1,28.675899999999995
Customer10,Cluster10,29.80140000000001
Customer100,Cluster100,31.7513
Customer1000,Cluster100,29.233100000000007
Customer1001,Cluster1,32.01775000000001
Customer1003,Cluster3,25.6652
Customer1004,Cluster4,32.63253333333333
Customer1005,Cluster5,26.743599999999986
Customer1006,Cluster6,31.570599999999995
Customer1007,Cluster7,31.69450000000001
Customer1008,Cluster8,25.644299999999994
Customer1009,Cluster9,29.174674999999997
Customer101,Cluster1,23.438599999999997
Customer1010,Cluster10,32.948433333333334
Customer1011,Cluster11,27.24510000000001
Customer1012,Cluster12,26.7795
Customer1013,Cluster13,29.369449999999986
Customer1014,Cluster14,35.04310000000001
Customer1015,Cluster15,31.506050000000013
Customer1016,Cluster16,30.85995000000001
Customer1017,Cluster17,30.591566666666665
Customer1018,Cluster18,29.286875000000002
Customer1019,Cluster19,33.93260000000001
Customer102,Cluster2,28.931699999999996
Customer1020,Cluster20,31.3205
Customer1021,Cluster21,30.1062
Customer1022,Cluster22,30.1092
Customer1023,Cluster23,32.32374999999999
Customer1024,Cluster24,29.43223333333334
Customer1025,Cluster25,28.815000000000012
Customer1026,Cluster26,28.96405
Customer1027,Cluster27,33.35095
Customer1028,Cluster28,29.789949999999994
Customer103,Cluster3,32.26079999999999
Customer1030,Cluster30,28.3082
Customer1032,Cluster32,27.127300000000005
Customer1033,Cluster33,24.68079999999999
Customer1034,Cluster34,31.830000000000013
Customer1035,Cluster35,29.910766666666674
Customer1036,Cluster36,31.00089999999999
Customer1037,Cluster37,28.196374999999996
Customer1038,Cluster38,30.500733333333333
Customer1039,Cluster39,30.255100000000013
Customer104,Cluster4,30.362399999999997
Customer1040,Cluster40,31.384000000000004
Customer1041,Cluster41,29.551699999999997
Customer1042,Cluster42,25.699299999999997
Customer1044,Cluster44,29.89670000000001
Customer1045,Cluster45,31.802199999999992
Customer1046,Cluster46,30.261749999999996
Customer1047,Cluster47,33.493
Customer1049,Cluster49,28.47083333333332
Customer105,Cluster5,31.35135
Customer1050,Cluster50,30.186799999999995
Customer1051,Cluster51,33.42010000000001
Customer1052,Cluster52,27.621399999999984
Customer1053,Cluster53,24.909399999999994
Customer1054,Cluster54,28.864699999999996
Customer1055,Cluster55,31.762600000000003
Customer1056,Cluster56,32.534850000000006
Customer1057,Cluster57,30.78070000000001
Customer1058,Cluster58,29.004625
Customer1059,Cluster59,27.951400000000003
Customer106,Cluster6,29.317949999999996
Customer1060,Cluster60,32.74749999999999
Customer1061,Cluster61,31.07560000000001
Customer1062,Cluster62,38.30739999999998
Customer1064,Cluster64,32.99489999999998
Customer1065,Cluster65,35.90890000000001
Customer1066,Cluster66,30.74937499999999
Customer1067,Cluster67,27.822499999999994
Customer1068,Cluster68,24.270800000000005
Customer1069,Cluster69,29.387399999999992
Customer107,Cluster7,26.112
Customer1070,Cluster70,30.562650000000005
Customer1071,Cluster71,28.680166666666654
Customer1072,Cluster72,35.792799999999986
Customer1073,Cluster73,31.495550000000005
Customer1074,Cluster74,29.65905
Customer1075,Cluster75,23.451949999999997
Customer1076,Cluster76,30.548766666666662
Customer1077,Cluster77,31.130739999999996
Customer108,Cluster8,29.516874999999995
Customer1080,Cluster80,31.87715
Customer1082,Cluster82,29.390166666666648
Customer1083,Cluster83,33.436350000000004
Customer1084,Cluster84,28.207000000000004
Customer1085,Cluster85,31.09295
Customer1086,Cluster86,25.27206666666666
Customer1087,Cluster87,31.21994999999999
Customer1088,Cluster88,28.860600000000005
Customer1089,Cluster89,31.747099999999996
Customer109,Cluster9,26.83639999999999
Customer1091,Cluster91,26.877550000000006
Customer1092,Cluster92,30.000275000000006
Customer1094,Cluster94,25.977733333333333
Customer1095,Cluster95,28.50896666666667
Customer1097,Cluster97,30.29240000000001
Customer1098,Cluster98,32.66350000000001
Customer1099,Cluster99,34.37989999999998
Customer11,Cluster11,24.279399999999995
Customer110,Cluster10,30.677233333333337
Customer1102,Cluster2,28.201733333333333
Customer1103,Cluster3,30.248600000000007
Customer1104,Cluster4,27.789999999999992
Customer1105,Cluster5,29.859099999999998
Customer1106,Cluster6,30.22354999999999
Customer1107,Cluster7,28.548049999999996
Customer1108,Cluster8,31.077100000000005
Customer1109,Cluster9,29.615800000000004
Customer111,Cluster11,29.745766666666665
Customer1110,Cluster10,29.211000000000002
Customer1111,Cluster11,26.905900000000006
Customer1112,Cluster12,33.169500000000006
Customer1113,Cluster13,30.235800000000012
Customer1114,Cluster14,29.368000000000002
Customer1116,Cluster16,29.477099999999997
Customer1117,Cluster17,28.327999999999996
Customer1118,Cluster18,30.2839
Customer1119,Cluster19,30.931199999999993
Customer112,Cluster12,31.966600000000017
Customer1120,Cluster20,25.471533333333337
Customer1121,Cluster21,31.918275
Customer1122,Cluster22,30.02355
Customer1123,Cluster23,30.433500000000006
Customer1124,Cluster24,30.784100000000002
Customer1125,Cluster25,29.559766666666675
Customer1126,Cluster26,33.5582
Customer1127,Cluster27,32.270500000000006
Customer1128,Cluster28,31.839899999999997
Customer1129,Cluster29,27.242800000000006
Customer113,Cluster13,30.697550000000007
Customer1130,Cluster30,32.482699999999994
Customer1131,Cluster31,26.630650000000003
Customer1132,Cluster32,22.522099999999995
Customer1134,Cluster34,30.939999999999998
Customer1136,Cluster36,29.4949
Customer1137,Cluster37,29.330950000000005
Customer1139,Cluster39,31.970499999999994
Customer114,Cluster14,30.698599999999992
Customer1141,Cluster41,27.205533333333335
Customer1144,Cluster44,26.822699999999994
Customer1145,Cluster45,28.994175000000006
Customer1146,Cluster46,33.75055000000001
Customer1147,Cluster47,27.22294999999999
Customer1148,Cluster48,30.32373333333334
Customer1149,Cluster49,30.05004999999999
Customer115,Cluster15,30.8349
Customer1151,Cluster51,30.486399999999996
Customer1152,Cluster52,28.082449999999994
Customer1153,Cluster53,27.502849999999995
Customer1154,Cluster54,24.658900000000006
Customer1155,Cluster55,33.059
Customer1156,Cluster56,29.616550000000004
Customer1157,Cluster57,29.76329999999999
Customer1158,Cluster58,34.576399999999985
Customer1159,Cluster59,32.04269999999999
Customer116,Cluster16,31.442400000000003
Customer1160,Cluster60,34.56059999999997
Customer1161,Cluster61,36.24109999999998
Customer1162,Cluster62,33.368
Customer1164,Cluster64,34.092000000000006
Customer1165,Cluster65,25.531866666666662
Customer1166,Cluster66,28.30346
Customer1167,Cluster67,33.02139999999999
Customer1168,Cluster68,33.629050000000014
Customer1169,Cluster69,29.775666666666666
Customer117,Cluster17,28.231099999999998
Customer1170,Cluster70,30.436066666666665
Customer1172,Cluster72,30.320499999999996
Customer1173,Cluster73,29.852850000000004
Customer1174,Cluster74,31.988099999999996
Customer1176,Cluster76,28.979099999999995
Customer1177,Cluster77,30.74513333333333
Customer1178,Cluster78,31.332850000000004
Customer1179,Cluster79,34.227600000000024
Customer118,Cluster18,33.0083
Customer1180,Cluster80,29.584466666666668
Customer1182,Cluster82,29.101799999999997
Customer1183,Cluster83,30.812825
Customer1184,Cluster84,31.797666666666668
Customer1185,Cluster85,31.94565
Customer1186,Cluster86,24.24235
Customer1187,Cluster87,31.0001
Customer1188,Cluster88,32.2829
Customer1189,Cluster89,32.113249999999994
Customer119,Cluster19,29.566849999999995
Customer1190,Cluster90,32.14169999999999
Customer1192,Cluster92,30.171325000000003
Customer1193,Cluster93,32.47924999999999
Customer1194,Cluster94,30.60426666666667
Customer1195,Cluster95,30.043200000000006
Customer1196,Cluster96,27.285300000000003
Customer1197,Cluster97,29.70266666666667
Customer1198,Cluster98,30.953200000000002
Customer1199,Cluster99,30.425200000000007
Customer12,Cluster12,27.376499999999997
Customer120,Cluster20,29.213750000000005
Customer1200,Cluster100,31.652766666666665
Customer1201,Cluster1,26.694849999999995
Customer1202,Cluster2,23.95680000000001
Customer1203,Cluster3,32.11439999999999
Customer1204,Cluster4,33.12329999999999
Customer1205,Cluster5,28.41619999999999
Customer1206,Cluster6,30.66014999999999
Customer1207,Cluster7,30.60573333333333
Customer1208,Cluster8,28.663466666666668
Customer1209,Cluster9,29.06353333333334
Customer121,Cluster21,30.319100000000002
Customer1213,Cluster13,32.8302
Customer1215,Cluster15,30.125550000000004
Customer1216,Cluster16,33.084733333333325
Customer1218,Cluster18,27.645350000000004
Customer1219,Cluster19,27.127666666666666
Customer122,Cluster22,25.250400000000003
Customer1220,Cluster20,30.81092
Customer1221,Cluster21,30.888899999999985
Customer1222,Cluster22,29.378900000000023
Customer1223,Cluster23,33.80530000000002
Customer1224,Cluster24,28.5726
Customer1225,Cluster25,27.574700000000007
Customer1226,Cluster26,32.734700000000004
Customer1227,Cluster27,30.700333333333333
Customer1228,Cluster28,32.709266666666664
Customer1229,Cluster29,31.024900000000002
Customer123,Cluster23,32.551799999999986
Customer1230,Cluster30,30.4637
Customer1231,Cluster31,29.22103333333335
Customer1232,Cluster32,30.660200000000003
Customer1233,Cluster33,29.413000000000004
Customer1234,Cluster34,29.1544
Customer1235,Cluster35,30.018800000000017
Customer1236,Cluster36,31.967649999999985
Customer1237,Cluster37,30.596300000000014
Customer1238,Cluster38,35.87979999999999
Customer1239,Cluster39,30.17524999999999
Customer1240,Cluster40,32.551775000000006
Customer1241,Cluster41,31.89062500000001
Customer1242,Cluster42,32.64584999999999
Customer1243,Cluster43,26.558699999999998
Customer1244,Cluster44,29.899750000000004
Customer1245,Cluster45,28.654699999999988
Customer1246,Cluster46,29.08086666666667
Customer1248,Cluster48,26.593600000000002
Customer1249,Cluster49,29.76510000000001
Customer1250,Cluster50,30.898149999999994
Customer1251,Cluster51,30.33144999999999
Customer1252,Cluster52,26.75469999999999
Customer1253,Cluster53,30.615524999999998
Customer1254,Cluster54,32.3814
Customer1256,Cluster56,31.371299999999984
Customer1257,Cluster57,28.398300000000006
Customer1258,Cluster58,28.507300000000004
Customer1259,Cluster59,27.341649999999994
Customer126,Cluster26,29.134050000000002
Customer1260,Cluster60,32.937733333333334
Customer1261,Cluster61,28.769233333333336
Customer1262,Cluster62,27.84176666666667
Customer1263,Cluster63,32.40629999999999
Customer1264,Cluster64,28.322599999999994
Customer1265,Cluster65,31.39860000000001
Customer1266,Cluster66,28.412566666666667
Customer1267,Cluster67,30.224499999999992
Customer1268,Cluster68,20.43479999999999
Customer1269,Cluster69,27.044700000000006
Customer127,Cluster27,31.335300000000014
Customer1270,Cluster70,31.330849999999998
Customer1271,Cluster71,31.275099999999995
Customer1272,Cluster72,29.19473333333332
Customer1273,Cluster73,29.982700000000005
Customer1274,Cluster74,26.31595
Customer1275,Cluster75,34.73349999999999
Customer1276,Cluster76,28.435874999999996
Customer1277,Cluster77,28.881199999999996
Customer1278,Cluster78,31.2416
Customer128,Cluster28,30.072700000000005
Customer1280,Cluster80,29.535899999999987
Customer1281,Cluster81,31.501400000000004
Customer1282,Cluster82,30.93649999999999
Customer1283,Cluster83,29.155900000000006
Customer1284,Cluster84,31.21240000000001
Customer1285,Cluster85,29.587300000000006
Customer1286,Cluster86,30.37809999999999
Customer1287,Cluster87,35.968799999999995
Customer1288,Cluster88,27.6248
Customer1289,Cluster89,30.808999999999983
Customer1290,Cluster90,29.458449999999985
Customer1291,Cluster91,30.679200000000005
Customer1292,Cluster92,31.558449999999986
Customer1293,Cluster93,31.219800000000006
Customer1294,Cluster94,33.872900000000016
Customer1295,Cluster95,34.53479999999998
Customer1296,Cluster96,29.21286
Customer1297,Cluster97,29.296350000000004
Customer1298,Cluster98,31.670499999999983
Customer1299,Cluster99,34.70320000000001
Customer13,Cluster13,31.012966666666657
Customer130,Cluster30,28.200000000000006
Customer1300,Cluster100,30.262366666666676
Customer1301,Cluster1,25.658550000000005
Customer1302,Cluster2,31.147166666666664
Customer1304,Cluster4,34.31150000000002
Customer1305,Cluster5,29.948
Customer1306,Cluster6,36.04690000000002
Customer1307,Cluster7,26.705849999999998
Customer1308,Cluster8,26.682799999999997
Customer1309,Cluster9,26.354999999999986
Customer131,Cluster31,29.61593333333334
Customer1310,Cluster10,29.996150000000007
Customer1311,Cluster11,27.269399999999997
Customer1312,Cluster12,32.10785000000001
Customer1313,Cluster13,30.40266666666666
Customer1314,Cluster14,31.463100000000004
Customer1315,Cluster15,27.989949999999997
Customer1316,Cluster16,29.90015
Customer1317,Cluster17,26.147800000000004
Customer1318,Cluster18,29.906733333333335
Customer1319,Cluster19,32.95545
Customer132,Cluster32,29.233066666666662
Customer1320,Cluster20,31.605933333333326
Customer1321,Cluster21,32.571999999999996
Customer1322,Cluster22,28.6512
Customer1323,Cluster23,29.440399999999997
Customer1325,Cluster25,34.208200000000005
Customer1326,Cluster26,26.6178
Customer1327,Cluster27,27.59349999999999
Customer1329,Cluster29,30.559900000000006
Customer133,Cluster33,30.91110000000001
Customer1330,Cluster30,30.187399999999997
Customer1331,Cluster31,27.6695
Customer1332,Cluster32,29.454650000000008
Customer1333,Cluster33,29.13705000000001
Customer1334,Cluster34,29.996400000000005
Customer1335,Cluster35,28.412666666666663
Customer1336,Cluster36,40.8749
Customer1337,Cluster37,30.083499999999994
Customer1338,Cluster38,28.931200000000004
Customer1339,Cluster39,28.162800000000008
Customer134,Cluster34,29.828666666666663
Customer1340,Cluster40,34.24839999999999
Customer1341,Cluster41,33.32950000000001
Customer1342,Cluster42,28.306900000000002
Customer1343,Cluster43,28.756899999999995
Customer1344,Cluster44,35.20600000000001
Customer1345,Cluster45,33.87160000000001
Customer1346,Cluster46,28.059500000000003
Customer1347,Cluster47,30.109499999999997
Customer1349,Cluster49,28.517699999999998
Customer135,Cluster35,30.360099999999974
Customer1350,Cluster50,27.651666666666674
Customer1353,Cluster53,34.043600000000005
Customer1354,Cluster54,29.90756666666668
Customer1355,Cluster55,29.781499999999998
Customer1356,Cluster56,28.2341
Customer1358,Cluster58,30.973674999999993
Customer1359,Cluster59,32.818366666666655
Customer136,Cluster36,25.094599999999996
Customer1360,Cluster60,34.72760000000001
Customer1361,Cluster61,29.168400000000002
Customer1362,Cluster62,29.102099999999986
Customer1363,Cluster63,29.795799999999996
Customer1365,Cluster65,29.37139999999999
Customer1366,Cluster66,31.876799999999992
Customer1367,Cluster67,29.563699999999994
Customer1368,Cluster68,27.532299999999996
Customer1369,Cluster69,30.325699999999994
Customer137,Cluster37,30.613599999999998
Customer1370,Cluster70,28.689500000000013
Customer1371,Cluster71,30.296633333333332
Customer1372,Cluster72,30.3651
Customer1373,Cluster73,26.0501
Customer1374,Cluster74,30.38060000000002
Customer1375,Cluster75,31.52886666666667
Customer1376,Cluster76,32.16139999999999
Customer1377,Cluster77,32.009199999999986
Customer1378,Cluster78,24.89674999999999
Customer1379,Cluster79,31.201500000000006
Customer138,Cluster38,29.777066666666666
Customer1380,Cluster80,34.981700000000004
Customer1381,Cluster81,29.32399999999999
Customer1382,Cluster82,29.5716
Customer1383,Cluster83,28.02079999999999
Customer1384,Cluster84,32.139574999999994
Customer1385,Cluster85,30.21403333333332
Customer1386,Cluster86,32.17
Customer1387,Cluster87,30.4773
Customer1388,Cluster88,29.881100000000018
Customer1389,Cluster89,30.784000000000002
Customer139,Cluster39,28.48093333333333
Customer1390,Cluster90,34.16546666666667
Customer1391,Cluster91,26.35659999999999
Customer1392,Cluster92,25.847299999999986
Customer1393,Cluster93,29.5739
Customer1394,Cluster94,29.13040000000001
Customer1395,Cluster95,30.66013333333335
Customer1396,Cluster96,30.535449999999997
Customer1397,Cluster97,31.2342
Customer1399,Cluster99,31.88130000000001
Customer140,Cluster40,30.20738
Customer1400,Cluster100,28.29440000000001
Customer1401,Cluster1,29.133100000000013
Customer1402,Cluster2,32.389100000000006
Customer1403,Cluster3,26.0567
Customer1404,Cluster4,33.953399999999995
Customer1405,Cluster5,30.526733333333343
Customer1408,Cluster8,28.858450000000005
Customer1409,Cluster9,34.28959999999998
Customer1410,Cluster10,26.192033333333328
Customer1411,Cluster11,31.453433333333333
Customer1412,Cluster12,29.48235
Customer1413,Cluster13,28.29230000000001
Customer1414,Cluster14,30.93515
Customer1415,Cluster15,23.137199999999996
Customer1416,Cluster16,31.135849999999998
Customer1417,Cluster17,33.5603
Customer1418,Cluster18,26.78650000000001
Customer1419,Cluster19,29.244133333333338
Customer142,Cluster42,29.479299999999988
Customer1420,Cluster20,29.457599999999985
Customer1421,Cluster21,32.43679999999999
Customer1422,Cluster22,30.89195000000001
Customer1423,Cluster23,32.1502
Customer1424,Cluster24,26.50975
Customer1425,Cluster25,29.186100000000003
Customer1426,Cluster26,30.063066666666675
Customer1428,Cluster28,28.09815000000001
Customer1429,Cluster29,31.268733333333326
Customer1430,Cluster30,26.4078
Customer1431,Cluster31,26.225300000000015
Customer1432,Cluster32,29.206799999999983
Customer1433,Cluster33,31.34284999999999
Customer1434,Cluster34,24.72073333333334
Customer1435,Cluster35,30.379700000000017
Customer1437,Cluster37,29.528250000000003
Customer1438,Cluster38,31.281100000000006
Customer1439,Cluster39,27.889699999999994
Customer144,Cluster44,25.22900000000001
Customer1440,Cluster40,30.31160000000001
Customer1441,Cluster41,25.8769
Customer1442,Cluster42,27.940275
Customer1443,Cluster43,31.364325
Customer1444,Cluster44,30.71249999999999
Customer1445,Cluster45,32.2022
Customer1446,Cluster46,26.835866666666664
Customer1447,Cluster47,31.5949
Customer1448,Cluster48,29.530275000000003
Customer1449,Cluster49,28.906350000000003
Customer1450,Cluster50,28.99505
Customer1451,Cluster51,29.605633333333333
Customer1452,Cluster52,24.171550000000003
Customer1453,Cluster53,30.4809
Customer1455,Cluster55,34.503900000000016
Customer1456,Cluster56,34.165549999999975
Customer1457,Cluster57,30.70059999999999
Customer1458,Cluster58,29.46035
Customer1459,Cluster59,28.9121
Customer146,Cluster46,32.617000000000004
Customer1462,Cluster62,29.623400000000004
Customer1463,Cluster63,31.709824999999995
Customer1464,Cluster64,30.617600000000007
Customer1465,Cluster65,34.7601
Customer1466,Cluster66,34.059099999999994
Customer1467,Cluster67,30.80436666666667
Customer1468,Cluster68,28.92069999999999
Customer147,Cluster47,31.337666666666667
Customer1470,Cluster70,31.23702
Customer1471,Cluster71,31.85809999999999
Customer1472,Cluster72,29.535600000000002
Customer1473,Cluster73,29.1703
Customer1474,Cluster74,28.860800000000005
Customer1475,Cluster75,25.7007
Customer1476,Cluster76,29.12419999999999
Customer1477,Cluster77,32.274000000000015
Customer1479,Cluster79,32.880600000000015
Customer148,Cluster48,26.657799999999995
Customer1481,Cluster81,30.412533333333332
Customer1482,Cluster82,31.804299999999994
Customer1484,Cluster84,29.48409999999999
Customer1485,Cluster85,32.3618
Customer1486,Cluster86,25.066799999999994
Customer1488,Cluster88,29.40355
Customer1489,Cluster89,34.072400000000016
Customer149,Cluster49,29.914849999999994
Customer1490,Cluster90,32.36469999999999
Customer1492,Cluster92,35.85519999999999
Customer1494,Cluster94,30.331599999999998
Customer1495,Cluster95,31.14045
Customer1496,Cluster96,28.0171
Customer1497,Cluster97,27.71150000000001
Customer1498,Cluster98,31.014866666666666
Customer1499,Cluster99,26.979150000000004
Customer15,Cluster15,26.810649999999995
Customer150,Cluster50,28.213700000000014
Customer1500,Cluster100,31.28610000000002
Customer1501,Cluster1,29.633250000000018
Customer1502,Cluster2,30.08330000000002
Customer1503,Cluster3,31.656766666666666
Customer1504,Cluster4,26.710250000000002
Customer1505,Cluster5,31.714200000000016
Customer1506,Cluster6,28.404899999999998
Customer1507,Cluster7,27.178900000000002
Customer1508,Cluster8,28.263700000000004
Customer151,Cluster51,27.862499999999997
Customer1510,Cluster10,28.242150000000002
Customer1511,Cluster11,30.376499999999997
Customer1513,Cluster13,32.127700000000004
Customer1514,Cluster14,27.0107
Customer1515,Cluster15,29.969949999999997
Customer1516,Cluster16,30.48799999999999
Customer1517,Cluster17,28.266550000000002
Customer1518,Cluster18,30.426599999999993
Customer1519,Cluster19,30.317700000000002
Customer152,Cluster52,32.11405
Customer1520,Cluster20,28.309999999999995
Customer1522,Cluster22,27.94035000000001
Customer1524,Cluster24,30.187766666666676
Customer1525,Cluster25,29.7946
Customer1526,Cluster26,29.017449999999997
Customer1527,Cluster27,32.464150000000004
Customer1528,Cluster28,32.34030000000001
Customer1529,Cluster29,32.4396
Customer153,Cluster53,26.22225
Customer1530,Cluster30,31.97822
Customer1531,Cluster31,30.419999999999995
Customer1532,Cluster32,28.074
Customer1533,Cluster33,30.751660000000005
Customer1534,Cluster34,28.471499999999995
Customer1535,Cluster35,33.3183
Customer1537,Cluster37,34.3064
Customer1539,Cluster39,26.125733333333326
Customer154,Cluster54,27.598900000000004
Customer1540,Cluster40,28.188600000000005
Customer1541,Cluster41,32.4358
Customer1542,Cluster42,30.99789999999998
Customer1543,Cluster43,35.88370000000002
Customer1544,Cluster44,30.0678
Customer1546,Cluster46,29.831099999999992
Customer1547,Cluster47,27.017100000000006
Customer1548,Cluster48,32.059349999999995
Customer1549,Cluster49,29.01086666666666
Customer155,Cluster55,28.872500000000002
Customer1550,Cluster50,30.415249999999997
Customer1552,Cluster52,27.540299999999995
Customer1553,Cluster53,29.4626
Customer1554,Cluster54,30.7103
Customer1555,Cluster55,29.1933
Customer1556,Cluster56,31.101366666666678
Customer1559,Cluster59,29.93348333333334
Customer156,Cluster56,32.83143333333332
Customer1560,Cluster60,27.62963333333334
Customer1561,Cluster61,36.134
Customer1564,Cluster64,30.079025000000005
Customer1565,Cluster65,25.430200000000006
Customer1566,Cluster66,26.037399999999995
Customer1568,Cluster68,25.716500000000007
Customer1569,Cluster69,34.38580000000001
Customer157,Cluster57,29.384100000000004
Customer1570,Cluster70,31.756700000000013
Customer1571,Cluster71,32.931400000000004
Customer1572,Cluster72,30.219659999999998
Customer1573,Cluster73,31.6931
Customer1574,Cluster74,24.95590000000001
Customer1577,Cluster77,31.439700000000002
Customer1578,Cluster78,26.307000000000002
Customer1579,Cluster79,27.26889999999999
Customer158,Cluster58,32.633933333333324
Customer1580,Cluster80,28.09273333333333
Customer1581,Cluster81,32.6609
Customer1582,Cluster82,30.431600000000003
Customer1583,Cluster83,27.484
Customer1584,Cluster84,31.872149999999994
Customer1585,Cluster85,28.609199999999984
Customer1586,Cluster86,28.78916666666667
Customer1587,Cluster87,28.108999999999984
Customer1588,Cluster88,30.168850000000013
Customer1589,Cluster89,31.934299999999993
Customer159,Cluster59,32.09304999999999
Customer1590,Cluster90,29.40900000000001
Customer1591,Cluster91,30.744100000000003
Customer1592,Cluster92,32.332600000000006
Customer1593,Cluster93,32.9448
Customer1594,Cluster94,29.044766666666657
Customer1595,Cluster95,29.603249999999996
Customer1596,Cluster96,29.60780000000001
Customer1597,Cluster97,29.340100000000007
Customer1598,Cluster98,30.30086666666666
Customer1599,Cluster99,31.640500000000007
Customer16,Cluster16,32.906800000000004
Customer1600,Cluster100,32.14410000000001
Customer1601,Cluster1,25.6126
Customer1603,Cluster3,30.379800000000003
Customer1604,Cluster4,26.70335
Customer1605,Cluster5,29.87610000000002
Customer1606,Cluster6,31.840100000000007
Customer1607,Cluster7,31.111399999999993
Customer1608,Cluster8,27.995000000000005
Customer1609,Cluster9,32.74455
Customer161,Cluster61,29.381625000000007
Customer1610,Cluster10,30.624375000000008
Customer1611,Cluster11,31.613749999999996
Customer1612,Cluster12,27.860149999999997
Customer1613,Cluster13,32.63830000000001
Customer1614,Cluster14,30.590499999999984
Customer1615,Cluster15,28.705
Customer1616,Cluster16,30.72235
Customer1617,Cluster17,31.899500000000007
Customer1618,Cluster18,32.06040000000001
Customer1619,Cluster19,29.229000000000003
Customer162,Cluster62,31.814749999999982
Customer1620,Cluster20,30.742500000000014
Customer1621,Cluster21,28.436600000000002
Customer1622,Cluster22,32.66470000000001
Customer1623,Cluster23,32.56016666666667
Customer1625,Cluster25,27.439300000000003
Customer1627,Cluster27,29.996999999999993
Customer1628,Cluster28,28.804900000000007
Customer1629,Cluster29,29.385450000000006
Customer1631,Cluster31,30.5055
Customer1632,Cluster32,26.4535
Customer1633,Cluster33,29.782300000000006
Customer1634,Cluster34,26.742350000000002
Customer1635,Cluster35,31.264350000000007
Customer1636,Cluster36,33.06000000000002
Customer1637,Cluster37,29.560350000000003
Customer1639,Cluster39,29.524240000000002
Customer164,Cluster64,36.76689999999999
Customer1640,Cluster40,30.000100000000003
Customer1641,Cluster41,30.7621
Customer1642,Cluster42,28.77310000000001
Customer1643,Cluster43,28.449499999999986
Customer1644,Cluster44,35.327033333333326
Customer1645,Cluster45,30.540249999999993
Customer1646,Cluster46,32.400999999999996
Customer1647,Cluster47,30.33194999999998
Customer1648,Cluster48,28.938566666666674
Customer1649,Cluster49,32.95560000000001
Customer165,Cluster65,27.480700000000002
Customer1650,Cluster50,29.390175000000006
Customer1651,Cluster51,28.914949999999994
Customer1652,Cluster52,24.563799999999993
Customer1653,Cluster53,28.289649999999995
Customer1654,Cluster54,32.80199999999999
Customer1655,Cluster55,30.298099999999987
Customer1656,Cluster56,29.650000000000006
Customer1657,Cluster57,29.2115
Customer1658,Cluster58,31.169400000000003
Customer1659,Cluster59,29.9072
Customer166,Cluster66,28.624966666666666
Customer1660,Cluster60,28.41409999999999
Customer1661,Cluster61,27.131100000000014
Customer1662,Cluster62,28.7027
Customer1663,Cluster63,31.943900000000003
Customer1664,Cluster64,29.791150000000002
Customer1665,Cluster65,29.27245
Customer1667,Cluster67,29.486666666666665
Customer1668,Cluster68,30.75759999999998
Customer1669,Cluster69,27.698200000000003
Customer1670,Cluster70,31.068950000000008
Customer1671,Cluster71,30.483100000000018
Customer1672,Cluster72,25.074499999999993
Customer1673,Cluster73,29.720649999999992
Customer1674,Cluster74,27.68844999999999
Customer1675,Cluster75,25.466299999999997
Customer1676,Cluster76,31.83000000000002
Customer1677,Cluster77,30.311249999999994
Customer1678,Cluster78,30.878800000000002
Customer168,Cluster68,30.86166
Customer1680,Cluster80,34.2119
Customer1681,Cluster81,28.726250000000007
Customer1682,Cluster82,29.325675000000004
Customer1683,Cluster83,34.97150000000002
Customer1684,Cluster84,27.687849999999997
Customer1685,Cluster85,32.66560000000001
Customer1686,Cluster86,28.1344
Customer1687,Cluster87,29.049200000000006
Customer1688,Cluster88,29.31519999999999
Customer1689,Cluster89,31.77440000000001
Customer169,Cluster69,29.214749999999995
Customer1690,Cluster90,31.0261
Customer1691,Cluster91,31.37899999999999
Customer1693,Cluster93,26.801200000000012
Customer1694,Cluster94,30.526400000000013
Customer1695,Cluster95,32.374900000000004
Customer1696,Cluster96,31.385225
Customer1698,Cluster98,31.945233333333334
Customer1699,Cluster99,29.659799999999997
Customer17,Cluster17,29.896699999999996
Customer170,Cluster70,29.522166666666667
Customer1700,Cluster100,31.2452
Customer1701,Cluster1,34.47460000000002
Customer1702,Cluster2,32.07695
Customer1703,Cluster3,34.27739999999999
Customer1704,Cluster4,29.272699999999997
Customer1705,Cluster5,26.732499999999998
Customer1706,Cluster6,32.88774999999999
Customer1707,Cluster7,28.757400000000004
Customer1708,Cluster8,32.25436666666666
Customer171,Cluster71,31.702699999999997
Customer1710,Cluster10,29.560299999999998
Customer1711,Cluster11,34.297700000000006
Customer1712,Cluster12,32.835766666666665
Customer1713,Cluster13,25.4916
Customer1714,Cluster14,29.687325
Customer1715,Cluster15,28.65063333333333
Customer1717,Cluster17,32.9991
Customer1718,Cluster18,26.4023
Customer1719,Cluster19,28.600633333333334
Customer1721,Cluster21,30.153950000000002
Customer1722,Cluster22,29.267800000000005
Customer1723,Cluster23,30.3393
Customer1724,Cluster24,24.270899999999997
Customer1725,Cluster25,27.964899999999986
Customer1726,Cluster26,31.466299999999993
Customer1727,Cluster27,26.276500000000002
Customer1728,Cluster28,27.962350000000008
Customer1729,Cluster29,29.43109999999999
Customer173,Cluster73,34.04045
Customer1730,Cluster30,30.831066666666676
Customer1731,Cluster31,27.543200000000002
Customer1732,Cluster32,30.44560000000001
Customer1733,Cluster33,23.560200000000005
Customer1735,Cluster35,29.470999999999986
Customer1736,Cluster36,30.131133333333334
Customer1738,Cluster38,31.116
Customer1739,Cluster39,31.01140000000001
Customer174,Cluster74,25.993699999999997
Customer1740,Cluster40,29.343399999999992
Customer1741,Cluster41,30.706499999999995
Customer1742,Cluster42,29.04578571428571
Customer1743,Cluster43,29.771200000000007
Customer1744,Cluster44,29.535099999999996
Customer1746,Cluster46,29.850799999999996
Customer1747,Cluster47,28.40646666666667
Customer1748,Cluster48,29.322350000000007
Customer1749,Cluster49,31.581100000000003
Customer1750,Cluster50,31.535300000000007
Customer1751,Cluster51,31.3389
Customer1752,Cluster52,30.50096666666666
Customer1753,Cluster53,27.350999999999996
Customer1754,Cluster54,28.084900000000005
Customer1756,Cluster56,31.03893333333333
Customer1757,Cluster57,31.4404
Customer1758,Cluster58,30.627400000000005
Customer1759,Cluster59,29.579025
Customer176,Cluster76,30.446800000000003
Customer1760,Cluster60,30.010800000000003
Customer1761,Cluster61,27.92373333333334
Customer1762,Cluster62,30.54936666666666
Customer1763,Cluster63,30.3961
Customer1764,Cluster64,29.733900000000002
Customer1765,Cluster65,28.961325000000002
Customer1766,Cluster66,34.2667
Customer1767,Cluster67,27.107100000000006
Customer1768,Cluster68,30.325033333333337
Customer1769,Cluster69,31.22673333333333
Customer177,Cluster77,33.165899999999986
Customer1770,Cluster70,33.445333333333345
Customer1771,Cluster71,28.195300000000003
Customer1774,Cluster74,27.46446666666667
Customer1775,Cluster75,29.255649999999996
Customer1776,Cluster76,32.461600000000004
Customer1779,Cluster79,29.64075
Customer178,Cluster78,30.785300000000003
Customer1780,Cluster80,34.653
Customer1781,Cluster81,28.904133333333323
Customer1782,Cluster82,29.671400000000002
Customer1784,Cluster84,31.73660000000001
Customer1785,Cluster85,31.36713333333333
Customer1786,Cluster86,31.593166666666676
Customer1788,Cluster88,29.514049999999997
Customer1789,Cluster89,28.53843333333334
Customer179,Cluster79,31.027199999999993
Customer1790,Cluster90,28.508699999999997
Customer1791,Cluster91,32.832200000000014
Customer1792,Cluster92,32.58720000000001
Customer1793,Cluster93,26.406100000000002
Customer1794,Cluster94,30.813250000000004
Customer1797,Cluster97,30.266900000000003
Customer1799,Cluster99,31.110500000000005
Customer18,Cluster18,30.26296
Customer180,Cluster80,26.723900000000004
Customer1800,Cluster100,31.819133333333326
Customer1801,Cluster1,30.371550000000006
Customer1802,Cluster2,32.515799999999984
Customer1804,Cluster4,31.850833333333338
Customer1805,Cluster5,31.860540000000004
Customer1806,Cluster6,21.8258
Customer1807,Cluster7,30.831799999999994
Customer1808,Cluster8,32.6529
Customer1809,Cluster9,31.713899999999995
Customer181,Cluster81,28.004100000000008
Customer1810,Cluster10,26.519699999999993
Customer1811,Cluster11,30.82749999999999
Customer1812,Cluster12,30.687499999999996
Customer1813,Cluster13,28.36705
Customer1814,Cluster14,30.239500000000007
Customer1815,Cluster15,29.757299999999997
Customer1816,Cluster16,32.18285000000001
Customer1817,Cluster17,30.547500000000014
Customer1818,Cluster18,31.014199999999995
Customer1819,Cluster19,31.702799999999996
Customer182,Cluster82,30.304299999999984
Customer1820,Cluster20,31.85430000000001
Customer1821,Cluster21,29.891450000000013
Customer1822,Cluster22,34.36410000000003
Customer1823,Cluster23,34.21240000000001
Customer1824,Cluster24,29.760549999999995
Customer1825,Cluster25,31.833800000000014
Customer1826,Cluster26,29.732849999999996
Customer1827,Cluster27,30.27219999999999
Customer1828,Cluster28,32.4925
Customer1829,Cluster29,32.266850000000005
Customer183,Cluster83,32.12344999999999
Customer1830,Cluster30,28.799349999999993
Customer1833,Cluster33,32.40973333333333
Customer1834,Cluster34,31.730400000000003
Customer1835,Cluster35,30.6591
Customer1836,Cluster36,34.62403333333333
Customer1837,Cluster37,28.534366666666656
Customer1838,Cluster38,27.503766666666664
Customer1839,Cluster39,27.972600000000003
Customer184,Cluster84,28.260250000000006
Customer1840,Cluster40,30.366000000000007
Customer1841,Cluster41,29.860599999999977
Customer1842,Cluster42,25.52245
Customer1843,Cluster43,29.57596666666666
Customer1844,Cluster44,30.101499999999994
Customer1845,Cluster45,32.159200000000006
Customer1847,Cluster47,29.713399999999996
Customer1848,Cluster48,27.80484999999999
Customer1849,Cluster49,25.558750000000003
Customer185,Cluster85,36.220099999999995
Customer1850,Cluster50,25.2085
Customer1853,Cluster53,30.908699999999996
Customer1855,Cluster55,26.780100000000008
Customer1856,Cluster56,34.7286
Customer1858,Cluster58,33.08960000000001
Customer1859,Cluster59,29.571049999999996
Customer186,Cluster86,28.274699999999996
Customer1860,Cluster60,29.48089999999999
Customer1861,Cluster61,28.99709999999999
Customer1862,Cluster62,33.53595000000001
Customer1863,Cluster63,32.42082500000001
Customer1864,Cluster64,29.435100000000006
Customer1865,Cluster65,32.70849999999999
Customer1866,Cluster66,28.672149999999995
Customer1867,Cluster67,31.18255
Customer1868,Cluster68,33.07176666666667
Customer1869,Cluster69,29.23775
Customer187,Cluster87,32.77709999999999
Customer1870,Cluster70,34.41160000000001
Customer1871,Cluster71,31.201900000000006
Customer1872,Cluster72,29.915533333333343
Customer1873,Cluster73,32.81114999999999
Customer1874,Cluster74,32.586600000000004
Customer1875,Cluster75,34.28880000000001
Customer1876,Cluster76,32.29673333333333
Customer1877,Cluster77,30.080475
Customer1878,Cluster78,27.466950000000004
Customer1879,Cluster79,33.47606666666667
Customer188,Cluster88,28.57435
Customer1880,Cluster80,28.76069999999998
Customer1881,Cluster81,27.27870000000001
Customer1882,Cluster82,36.355550000000015
Customer1884,Cluster84,32.213300000000004
Customer1885,Cluster85,33.85920000000001
Customer1886,Cluster86,30.29919999999999
Customer1887,Cluster87,32.11466666666666
Customer189,Cluster89,27.38935
Customer1890,Cluster90,30.873566666666665
Customer1891,Cluster91,32.6608
Customer1892,Cluster92,32.7632
Customer1893,Cluster93,26.329849999999993
Customer1894,Cluster94,25.978500000000004
Customer1895,Cluster95,26.826400000000003
Customer1897,Cluster97,29.329899999999995
Customer1898,Cluster98,26.390400000000017
Customer1899,Cluster99,30.694700000000005
Customer19,Cluster19,29.522949999999994
Customer190,Cluster90,31.029850000000003
Customer1900,Cluster100,33.96719999999999
Customer1901,Cluster1,24.299100000000006
Customer1902,Cluster2,31.737299999999987
Customer1904,Cluster4,31.10473333333333
Customer1906,Cluster6,27.859700000000007
Customer1907,Cluster7,28.573699999999995
Customer1909,Cluster9,31.626300000000004
Customer191,Cluster91,30.512700000000002
Customer1910,Cluster10,22.366699999999987
Customer1913,Cluster13,31.481
Customer1914,Cluster14,28.894924999999994
Customer1915,Cluster15,29.43559999999999
Customer1916,Cluster16,33.31729999999999
Customer1918,Cluster18,33.98649999999999
Customer1919,Cluster19,23.612100000000005
Customer1920,Cluster20,30.384533333333334
Customer1921,Cluster21,28.883
Customer1922,Cluster22,31.899433333333338
Customer1923,Cluster23,31.47705000000001
Customer1924,Cluster24,33.445299999999996
Customer1925,Cluster25,27.72945
Customer1926,Cluster26,30.7318
Customer1927,Cluster27,33.07609999999999
Customer1928,Cluster28,29.834625000000003
Customer1929,Cluster29,30.19625
Customer1930,Cluster30,28.862466666666666
Customer1931,Cluster31,29.48906666666667
Customer1932,Cluster32,29.36970000000001
Customer1934,Cluster34,27.9393
Customer1936,Cluster36,26.6554
Customer1937,Cluster37,31.057666666666666
Customer1938,Cluster38,20.9648
Customer1939,Cluster39,25.676600000000008
Customer194,Cluster94,29.831850000000003
Customer1941,Cluster41,29.653099999999995
Customer1942,Cluster42,30.304649999999988
Customer1943,Cluster43,33.46539999999998
Customer1944,Cluster44,29.245349999999995
Customer1945,Cluster45,31.09999999999998
Customer1946,Cluster46,34.37190000000001
Customer1947,Cluster47,29.214399999999998
Customer1949,Cluster49,28.7222
Customer195,Cluster95,31.780400000000007
Customer1950,Cluster50,26.916899999999995
Customer1952,Cluster52,29.05735
Customer1953,Cluster53,30.256466666666665
Customer1955,Cluster55,29.482200000000006
Customer1956,Cluster56,27.6107
Customer1957,Cluster57,32.0731
Customer1958,Cluster58,30.87245
Customer1959,Cluster59,26.090000000000003
Customer196,Cluster96,28.1116
Customer1960,Cluster60,29.214025
Customer1961,Cluster61,31.381699999999995
Customer1962,Cluster62,30.22756666666666
Customer1963,Cluster63,29.04305
Customer1964,Cluster64,34.35015
Customer1965,Cluster65,33.00255
Customer1966,Cluster66,30.560800000000008
Customer1967,Cluster67,29.427000000000007
Customer1968,Cluster68,28.7048
Customer1969,Cluster69,30.015266666666665
Customer197,Cluster97,29.238024999999997
Customer1970,Cluster70,27.135600000000004
Customer1971,Cluster71,31.561000000000003
Customer1972,Cluster72,31.675500000000007
Customer1973,Cluster73,32.050900000000006
Customer1974,Cluster74,29.70364999999999
Customer1975,Cluster75,29.792650000000002
Customer1976,Cluster76,25.067100000000003
Customer1977,Cluster77,32.827360000000006
Customer1978,Cluster78,28.719399999999993
Customer1979,Cluster79,32.28865
Customer198,Cluster98,27.652400000000007
Customer1981,Cluster81,29.09020000000001
Customer1982,Cluster82,31.486874999999998
Customer1984,Cluster84,33.28389999999999
Customer1985,Cluster85,31.11766666666667
Customer1986,Cluster86,30.4456
Customer1987,Cluster87,29.579400000000025
Customer1988,Cluster88,28.103849999999998
Customer1989,Cluster89,26.500499999999988
Customer1990,Cluster90,35.14489999999999
Customer1991,Cluster91,31.095150000000004
Customer1992,Cluster92,30.598999999999986
Customer1993,Cluster93,29.765866666666664
Customer1994,Cluster94,31.264200000000002
Customer1995,Cluster95,32.31015
Customer1996,Cluster96,28.532600000000002
Customer1998,Cluster98,31.94344000000001
Customer1999,Cluster99,29.547999999999984
Customer2,Cluster2,29.0439
Customer20,Cluster20,29.350300000000004
Customer200,Cluster100,34.9586
Customer2000,Cluster100,31.07423333333334
Customer201,Cluster1,32.61985
Customer202,Cluster2,27.97966666666666
Customer203,Cluster3,32.11479999999999
Customer204,Cluster4,28.593300000000006
Customer205,Cluster5,32.76199999999999
Customer206,Cluster6,30.064966666666667
Customer207,Cluster7,30.08140000000001
Customer208,Cluster8,30.494200000000006
Customer21,Cluster21,27.26310000000001
Customer210,Cluster10,33.676700000000004
Customer211,Cluster11,30.479833333333342
Customer212,Cluster12,30.395600000000005
Customer213,Cluster13,32.365100000000005
Customer214,Cluster14,26.8923
Customer215,Cluster15,30.9743
Customer216,Cluster16,31.13935
Customer217,Cluster17,30.915000000000003
Customer219,Cluster19,30.0537
Customer22,Cluster22,29.372800000000005
Customer220,Cluster20,34.28009999999999
Customer221,Cluster21,35.2803
Customer222,Cluster22,28.96310000000001
Customer223,Cluster23,29.176400000000005
Customer224,Cluster24,29.9023
Customer225,Cluster25,30.659599999999998
Customer226,Cluster26,31.108900000000002
Customer228,Cluster28,28.675750000000004
Customer229,Cluster29,30.980899999999988
Customer230,Cluster30,27.222300000000004
Customer231,Cluster31,30.515133333333335
Customer232,Cluster32,29.96520000000001
Customer233,Cluster33,26.842799999999997
Customer234,Cluster34,27.892749999999996
Customer235,Cluster35,26.333949999999987
Customer236,Cluster36,29.497966666666667
Customer237,Cluster37,27.131500000000003
Customer238,Cluster38,32.1518
Customer239,Cluster39,32.9173
Customer24,Cluster24,28.726899999999997
Customer240,Cluster40,29.657500000000006
Customer241,Cluster41,30.229599999999987
Customer242,Cluster42,29.838725000000004
Customer243,Cluster43,32.26959999999999
Customer244,Cluster44,29.927099999999996
Customer245,Cluster45,30.291374999999988
Customer246,Cluster46,31.48209999999998
Customer247,Cluster47,24.588399999999982
Customer248,Cluster48,29.839599999999997
Customer249,Cluster49,27.391799999999993
Customer25,Cluster25,29.436350000000004
Customer250,Cluster50,28.75205
Customer251,Cluster51,30.09147500000001
Customer252,Cluster52,27.8271
Customer253,Cluster53,30.673960000000005
Customer254,Cluster54,33.65150000000001
Customer255,Cluster55,30.08590000000002
Customer256,Cluster56,30.648574999999994
Customer257,Cluster57,28.018399999999993
Customer258,Cluster58,30.780699999999996
Customer259,Cluster59,30.555000000000007
Customer26,Cluster26,35.84050000000001
Customer260,Cluster60,29.868349999999992
Customer261,Cluster61,33.34249999999999
Customer262,Cluster62,27.204349999999998
Customer264,Cluster64,30.41964999999999
Customer266,Cluster66,30.454433333333327
Customer267,Cluster67,28.330500000000008
Customer27,Cluster27,29.49989999999999
Customer270,Cluster70,30.473349999999996
Customer271,Cluster71,29.904300000000006
Customer272,Cluster72,31.21025000000001
Customer273,Cluster73,30.61659999999999
Customer274,Cluster74,31.589099999999984
Customer275,Cluster75,29.176149999999993
Customer276,Cluster76,28.450699999999994
Customer277,Cluster77,30.507299999999994
Customer278,Cluster78,36.31239999999998
Customer279,Cluster79,29.57289999999999
Customer28,Cluster28,29.60085000000001
Customer280,Cluster80,32.457049999999995
Customer281,Cluster81,32.961000000000006
Customer283,Cluster83,33.67409999999998
Customer284,Cluster84,28.204250000000002
Customer285,Cluster85,28.632450000000002
Customer286,Cluster86,27.404799999999994
Customer287,Cluster87,28.97120000000001
Customer288,Cluster88,30.27626666666667
Customer289,Cluster89,28.583800000000004
Customer29,Cluster29,32.2338
Customer290,Cluster90,29.842399999999984
Customer291,Cluster91,30.498100000000004
Customer292,Cluster92,29.84135
Customer293,Cluster93,30.272450000000006
Customer295,Cluster95,27.603550000000006
Customer298,Cluster98,28.51849999999999
Customer299,Cluster99,32.3252
Customer3,Cluster3,31.14764999999999
Customer30,Cluster30,30.22406666666667
Customer300,Cluster100,31.04612499999999
Customer301,Cluster1,29.137400000000007
Customer303,Cluster3,27.144700000000004
Customer304,Cluster4,28.966500000000003
Customer305,Cluster5,29.820900000000005
Customer306,Cluster6,30.181300000000004
Customer307,Cluster7,25.3466
Customer308,Cluster8,26.77845
Customer31,Cluster31,30.13864999999999
Customer310,Cluster10,30.687266666666677
Customer311,Cluster11,29.94946666666667
Customer312,Cluster12,29.089974999999995
Customer313,Cluster13,28.22106666666667
Customer314,Cluster14,31.83150000000002
Customer315,Cluster15,33.717099999999995
Customer316,Cluster16,30.755699999999994
Customer317,Cluster17,31.90915000000002
Customer318,Cluster18,30.50210000000002
Customer319,Cluster19,30.240833333333338
Customer32,Cluster32,29.85675
Customer320,Cluster20,27.3112
Customer321,Cluster21,32.28250000000001
Customer322,Cluster22,29.638575
Customer323,Cluster23,29.25515
Customer324,Cluster24,31.370699999999985
Customer325,Cluster25,30.882866666666672
Customer327,Cluster27,31.8137
Customer328,Cluster28,32.57775
Customer329,Cluster29,35.30589999999999
Customer33,Cluster33,30.584550000000007
Customer330,Cluster30,35.330499999999994
Customer331,Cluster31,32.7601
Customer332,Cluster32,27.15076666666667
Customer333,Cluster33,24.99600000000001
Customer335,Cluster35,31.073966666666664
Customer336,Cluster36,29.336066666666664
Customer337,Cluster37,29.215000000000003
Customer339,Cluster39,29.458424999999995
Customer34,Cluster34,30.307099999999995
Customer340,Cluster40,34.63133333333332
Customer341,Cluster41,28.985100000000003
Customer343,Cluster43,31.797699999999995
Customer344,Cluster44,29.767549999999996
Customer345,Cluster45,34.36765000000001
Customer346,Cluster46,25.498749999999994
Customer347,Cluster47,31.05780000000001
Customer348,Cluster48,31.686500000000002
Customer349,Cluster49,27.997400000000003
Customer35,Cluster35,30.622450000000004
Customer350,Cluster50,36.024599999999985
Customer351,Cluster51,32.88966666666666
Customer352,Cluster52,30.9377
Customer353,Cluster53,33.256766666666664
Customer354,Cluster54,29.817275000000002
Customer355,Cluster55,29.722499999999997
Customer356,Cluster56,27.605700000000002
Customer357,Cluster57,30.171274999999998
Customer358,Cluster58,26.097400000000004
Customer359,Cluster59,30.074549999999988
Customer36,Cluster36,31.23303333333334
Customer362,Cluster62,25.925849999999993
Customer364,Cluster64,30.863900000000008
Customer365,Cluster65,30.2979
Customer367,Cluster67,27.52585
Customer368,Cluster68,29.990999999999996
Customer369,Cluster69,28.4234
Customer37,Cluster37,31.390580000000018
Customer370,Cluster70,32.9687
Customer371,Cluster71,32.03079999999999
Customer372,Cluster72,29.49786666666667
Customer373,Cluster73,34.98139999999999
Customer375,Cluster75,31.277233333333324
Customer377,Cluster77,27.840049999999998
Customer378,Cluster78,29.953099999999992
Customer379,Cluster79,28.372900000000005
Customer38,Cluster38,30.805199999999996
Customer380,Cluster80,30.76195
Customer381,Cluster81,23.777100000000004
Customer382,Cluster82,31.288749999999997
Customer383,Cluster83,27.295400000000008
Customer384,Cluster84,29.803200000000004
Customer385,Cluster85,29.64032500000001
Customer387,Cluster87,30.689
Customer388,Cluster88,30.667833333333334
Customer389,Cluster89,28.58284000000001
Customer39,Cluster39,27.933899999999998
Customer390,Cluster90,34.633449999999996
Customer391,Cluster91,26.142399999999995
Customer392,Cluster92,28.549550000000007
Customer393,Cluster93,32.9336
Customer394,Cluster94,29.667700000000004
Customer395,Cluster95,30.411966666666668
Customer397,Cluster97,30.11520000000001
Customer398,Cluster98,27.8649
Customer399,Cluster99,33.4714
Customer4,Cluster4,29.18990000000001
Customer40,Cluster40,27.923033333333347
Customer400,Cluster100,27.99855
Customer401,Cluster1,26.7343
Customer402,Cluster2,32.310300000000005
Customer403,Cluster3,27.593400000000003
Customer404,Cluster4,31.975700000000003
Customer405,Cluster5,29.39270000000001
Customer406,Cluster6,32.25589999999999
Customer407,Cluster7,26.773349999999994
Customer409,Cluster9,29.534800000000004
Customer41,Cluster41,31.60905000000001
Customer410,Cluster10,28.432366666666663
Customer411,Cluster11,32.66575
Customer412,Cluster12,30.379449999999995
Customer413,Cluster13,27.525175000000004
Customer414,Cluster14,26.41580000000002
Customer416,Cluster16,27.71465
Customer417,Cluster17,25.536299999999997
Customer42,Cluster42,28.507999999999992
Customer420,Cluster20,32.07000000000002
Customer422,Cluster22,27.57710000000001
Customer423,Cluster23,27.754200000000004
Customer424,Cluster24,31.196200000000008
Customer425,Cluster25,35.70749999999999
Customer426,Cluster26,28.432925000000008
Customer427,Cluster27,28.501849999999997
Customer429,Cluster29,31.82260000000001
Customer43,Cluster43,28.077999999999996
Customer430,Cluster30,29.001600000000003
Customer431,Cluster31,29.4769
Customer432,Cluster32,29.297633333333334
Customer434,Cluster34,27.99716666666667
Customer436,Cluster36,28.88369999999999
Customer438,Cluster38,32.08896666666666
Customer439,Cluster39,29.707349999999987
Customer440,Cluster40,31.324833333333334
Customer441,Cluster41,32.290400000000005
Customer442,Cluster42,25.597000000000012
Customer443,Cluster43,28.250100000000018
Customer444,Cluster44,30.944099999999988
Customer445,Cluster45,29.063099999999995
Customer446,Cluster46,32.30660000000001
Customer447,Cluster47,30.32729999999999
Customer448,Cluster48,37.61840000000001
Customer45,Cluster45,31.130000000000006
Customer451,Cluster51,32.602599999999995
Customer452,Cluster52,29.501533333333338
Customer453,Cluster53,35.378299999999996
Customer455,Cluster55,32.53975
Customer456,Cluster56,25.886850000000003
Customer458,Cluster58,32.529450000000004
Customer459,Cluster59,27.598300000000005
Customer46,Cluster46,29.4771
Customer460,Cluster60,29.86883333333334
Customer461,Cluster61,29.687975000000005
Customer462,Cluster62,32.177099999999996
Customer463,Cluster63,29.444500000000012
Customer464,Cluster64,30.492725
Customer466,Cluster66,32.30629999999999
Customer467,Cluster67,28.045700000000007
Customer468,Cluster68,28.046800000000005
Customer469,Cluster69,29.97099999999999
Customer47,Cluster47,25.608899999999984
Customer470,Cluster70,32.67140000000001
Customer471,Cluster71,33.02795
Customer472,Cluster72,28.52925000000001
Customer473,Cluster73,33.488850000000006
Customer474,Cluster74,31.06956666666667
Customer475,Cluster75,28.304900000000004
Customer476,Cluster76,28.534139999999997
Customer477,Cluster77,34.75145
Customer478,Cluster78,28.469200000000015
Customer479,Cluster79,29.099866666666667
Customer48,Cluster48,28.274900000000002
Customer480,Cluster80,28.1802
Customer482,Cluster82,33.067350000000005
Customer483,Cluster83,26.016599999999993
Customer484,Cluster84,26.47865000000001
Customer485,Cluster85,30.66209999999998
Customer486,Cluster86,28.633550000000007
Customer487,Cluster87,32.9238
Customer489,Cluster89,28.215249999999997
Customer49,Cluster49,36.018100000000004
Customer490,Cluster90,26.048666666666662
Customer491,Cluster91,33.25180000000001
Customer494,Cluster94,30.92589999999999
Customer495,Cluster95,31.16827500000001
Customer496,Cluster96,31.9151
Customer497,Cluster97,30.552433333333337
Customer498,Cluster98,27.447500000000005
Customer499,Cluster99,29.345549999999996
Customer5,Cluster5,27.95096666666666
Customer50,Cluster50,30.906400000000012
Customer500,Cluster100,28.825575
Customer502,Cluster2,28.48900000000001
Customer504,Cluster4,32.032
Customer505,Cluster5,29.800750000000004
Customer506,Cluster6,31.163866666666664
Customer507,Cluster7,27.96100000000001
Customer508,Cluster8,31.482175000000005
Customer509,Cluster9,30.12900000000001
Customer510,Cluster10,29.933999999999997
Customer511,Cluster11,28.9067
Customer512,Cluster12,30.070650000000008
Customer513,Cluster13,28.572100000000013
Customer514,Cluster14,28.514699999999998
Customer515,Cluster15,27.533933333333326
Customer516,Cluster16,27.8863
Customer518,Cluster18,27.594600000000014
Customer519,Cluster19,32.8535
Customer52,Cluster52,32.13733333333334
Customer520,Cluster20,31.775633333333342
Customer521,Cluster21,31.214299999999987
Customer522,Cluster22,31.99490000000001
Customer523,Cluster23,28.505250000000004
Customer524,Cluster24,26.761100000000013
Customer525,Cluster25,31.321500000000004
Customer526,Cluster26,33.6255
Customer527,Cluster27,30.667099999999994
Customer528,Cluster28,28.0282
Customer529,Cluster29,32.8258
Customer53,Cluster53,28.76690000000001
Customer530,Cluster30,27.885900000000003
Customer531,Cluster31,28.4475
Customer532,Cluster32,25.3697
Customer533,Cluster33,31.5589
Customer535,Cluster35,29.713299999999993
Customer536,Cluster36,29.7136
Customer537,Cluster37,29.785999999999987
Customer538,Cluster38,27.980200000000004
Customer54,Cluster54,32.9161
Customer541,Cluster41,29.40015
Customer542,Cluster42,29.07524999999999
Customer543,Cluster43,33.2526
Customer544,Cluster44,30.277500000000003
Customer545,Cluster45,30.918400000000005
Customer546,Cluster46,24.990699999999997
Customer548,Cluster48,29.818900000000017
Customer549,Cluster49,25.628100000000003
Customer55,Cluster55,29.434500000000007
Customer550,Cluster50,29.536475
Customer551,Cluster51,27.900433333333336
Customer552,Cluster52,33.5882
Customer553,Cluster53,29.049400000000013
Customer554,Cluster54,29.752133333333337
Customer556,Cluster56,33.187200000000004
Customer557,Cluster57,31.536299999999994
Customer56,Cluster56,33.617399999999996
Customer560,Cluster60,29.686500000000024
Customer561,Cluster61,32.11410000000003
Customer563,Cluster63,31.49824999999999
Customer564,Cluster64,29.1181
Customer565,Cluster65,35.00310000000002
Customer566,Cluster66,32.3217
Customer567,Cluster67,34.605900000000005
Customer568,Cluster68,29.913000000000004
Customer569,Cluster69,29.642925
Customer57,Cluster57,32.322099999999985
Customer570,Cluster70,30.336133333333333
Customer571,Cluster71,33.3344
Customer572,Cluster72,31.885850000000005
Customer573,Cluster73,31.861999999999995
Customer574,Cluster74,32.329499999999996
Customer575,Cluster75,29.881749999999997
Customer576,Cluster76,28.128933333333336
Customer577,Cluster77,32.318250000000006
Customer578,Cluster78,29.525800000000014
Customer579,Cluster79,31.31685000000001
Customer58,Cluster58,30.922399999999996
Customer580,Cluster80,30.185666666666666
Customer581,Cluster81,31.248700000000003
Customer582,Cluster82,30.730750000000008
Customer583,Cluster83,32.1052
Customer584,Cluster84,29.88577499999999
Customer585,Cluster85,29.8737
Customer586,Cluster86,29.725924999999997
Customer587,Cluster87,30.96786666666667
Customer588,Cluster88,31.386999999999986
Customer589,Cluster89,31.626000000000012
Customer591,Cluster91,28.414649999999995
Customer592,Cluster92,29.5328
Customer593,Cluster93,35.08489999999998
Customer594,Cluster94,27.573049999999995
Customer595,Cluster95,30.726800000000004
Customer597,Cluster97,26.136399999999995
Customer599,Cluster99,30.33999999999999
Customer6,Cluster6,29.580500000000008
Customer60,Cluster60,29.236275000000006
Customer600,Cluster100,28.340600000000013
Customer601,Cluster1,28.363750000000007
Customer602,Cluster2,30.1313
Customer603,Cluster3,32.95394999999999
Customer604,Cluster4,31.617800000000003
Customer605,Cluster5,30.275300000000016
Customer606,Cluster6,29.490599999999993
Customer608,Cluster8,29.302033333333338
Customer609,Cluster9,27.627900000000007
Customer61,Cluster61,31.04036666666667
Customer610,Cluster10,26.643100000000008
Customer612,Cluster12,26.631300000000007
Customer613,Cluster13,28.036350000000006
Customer615,Cluster15,27.774499999999993
Customer616,Cluster16,28.651199999999996
Customer619,Cluster19,31.232499999999995
Customer62,Cluster62,29.09807499999999
Customer620,Cluster20,28.256333333333334
Customer621,Cluster21,31.075500000000016
Customer622,Cluster22,29.501300000000004
Customer623,Cluster23,36.032300000000006
Customer624,Cluster24,29.4237
Customer626,Cluster26,28.153499999999998
Customer627,Cluster27,31.399300000000004
Customer629,Cluster29,30.568933333333334
Customer63,Cluster63,32.1904
Customer630,Cluster30,30.129599999999996
Customer632,Cluster32,30.17965000000001
Customer633,Cluster33,31.98100000000001
Customer634,Cluster34,28.342349999999985
Customer635,Cluster35,26.375899999999987
Customer636,Cluster36,32.24913333333334
Customer637,Cluster37,31.786649999999998
Customer638,Cluster38,27.945000000000007
Customer639,Cluster39,28.9335
Customer64,Cluster64,30.220133333333326
Customer640,Cluster40,28.832299999999996
Customer641,Cluster41,31.5509
Customer643,Cluster43,31.586799999999997
Customer645,Cluster45,29.700900000000004
Customer646,Cluster46,31.85555
Customer647,Cluster47,33.47696666666668
Customer648,Cluster48,29.338533333333334
Customer649,Cluster49,31.858099999999993
Customer65,Cluster65,32.692200000000014
Customer650,Cluster50,30.435899999999993
Customer651,Cluster51,32.013349999999996
Customer652,Cluster52,32.88860000000002
Customer653,Cluster53,36.14130000000001
Customer654,Cluster54,34.56183333333333
Customer655,Cluster55,32.443200000000004
Customer656,Cluster56,32.238600000000005
Customer657,Cluster57,32.08049999999999
Customer658,Cluster58,31.31993333333334
Customer659,Cluster59,36.5457
Customer660,Cluster60,32.30175000000001
Customer661,Cluster61,28.43419999999999
Customer662,Cluster62,28.36395000000001
Customer665,Cluster65,25.387100000000004
Customer666,Cluster66,27.4078
Customer667,Cluster67,31.9062
Customer669,Cluster69,30.216199999999994
Customer67,Cluster67,26.98225
Customer670,Cluster70,28.60785000000001
Customer672,Cluster72,30.815799999999985
Customer673,Cluster73,30.587799999999998
Customer674,Cluster74,34.35470000000001
Customer675,Cluster75,28.41870000000001
Customer677,Cluster77,33.106700000000025
Customer678,Cluster78,34.441500000000005
Customer679,Cluster79,30.887300000000014
Customer68,Cluster68,33.31070000000002
Customer681,Cluster81,29.487400000000004
Customer682,Cluster82,31.0533
Customer683,Cluster83,34.26875000000001
Customer684,Cluster84,31.394099999999998
Customer686,Cluster86,28.741850000000003
Customer688,Cluster88,33.59180000000001
Customer690,Cluster90,28.80443333333334
Customer691,Cluster91,30.867259999999998
Customer692,Cluster92,31.578699999999998
Customer693,Cluster93,25.59540000000001
Customer695,Cluster95,27.95423333333333
Customer696,Cluster96,29.757700000000014
Customer697,Cluster97,35.18760000000001
Customer698,Cluster98,30.422200000000004
Customer700,Cluster100,28.603150000000007
Customer701,Cluster1,27.468000000000004
Customer702,Cluster2,32.59139999999999
Customer703,Cluster3,30.4711
Customer705,Cluster5,22.3233
Customer706,Cluster6,29.4502
Customer707,Cluster7,32.49195000000001
Customer708,Cluster8,30.245300000000007
Customer71,Cluster71,31.107549999999996
Customer710,Cluster10,27.339875000000003
Customer712,Cluster12,29.269699999999997
Customer713,Cluster13,27.925400000000014
Customer714,Cluster14,29.576375
Customer716,Cluster16,30.0788
Customer717,Cluster17,30.32575
Customer718,Cluster18,24.018399999999996
Customer719,Cluster19,32.4617
Customer72,Cluster72,26.3621
Customer720,Cluster20,28.967349999999993
Customer722,Cluster22,28.91165
Customer723,Cluster23,32.033249999999995
Customer724,Cluster24,28.913100000000018
Customer725,Cluster25,33.7205
Customer726,Cluster26,26.545
Customer727,Cluster27,31.39065
Customer728,Cluster28,32.51385
Customer729,Cluster29,31.902999999999988
Customer73,Cluster73,32.28889999999999
Customer730,Cluster30,29.941700000000008
Customer731,Cluster31,31.15759999999999
Customer732,Cluster32,32.199300000000015
Customer733,Cluster33,31.828339999999997
Customer734,Cluster34,30.403225
Customer735,Cluster35,29.29340000000001
Customer736,Cluster36,30.85350000000001
Customer737,Cluster37,30.943275
Customer738,Cluster38,26.59980000000001
Customer739,Cluster39,30.943150000000003
Customer74,Cluster74,29.2099
Customer741,Cluster41,29.105900000000016
Customer742,Cluster42,29.766499999999997
Customer743,Cluster43,31.2778
Customer744,Cluster44,27.091150000000013
Customer745,Cluster45,28.21835
Customer746,Cluster46,32.7307
Customer747,Cluster47,34.138000000000005
Customer748,Cluster48,29.16780000000001
Customer749,Cluster49,24.6379
Customer75,Cluster75,29.647150000000003
Customer750,Cluster50,29.087833333333336
Customer751,Cluster51,27.41173333333334
Customer752,Cluster52,26.548099999999994
Customer753,Cluster53,26.488066666666658
Customer754,Cluster54,30.947300000000002
Customer755,Cluster55,33.66490000000001
Customer756,Cluster56,28.86489999999999
Customer757,Cluster57,28.126500000000018
Customer759,Cluster59,29.17615
Customer76,Cluster76,29.76079999999999
Customer760,Cluster60,27.7716
Customer761,Cluster61,23.5251
Customer762,Cluster62,30.486400000000003
Customer763,Cluster63,28.92279999999998
Customer764,Cluster64,27.970249999999997
Customer765,Cluster65,28.102649999999986
Customer766,Cluster66,31.57409999999998
Customer769,Cluster69,31.609300000000005
Customer77,Cluster77,32.72039999999999
Customer770,Cluster70,26.424325
Customer771,Cluster71,33.788975
Customer772,Cluster72,31.6885
Customer773,Cluster73,31.60190000000001
Customer774,Cluster74,29.712333333333333
Customer777,Cluster77,32.34285
Customer778,Cluster78,28.701900000000002
Customer779,Cluster79,24.540900000000015
Customer78,Cluster78,28.8717
Customer780,Cluster80,28.9666
Customer781,Cluster81,30.04299999999999
Customer782,Cluster82,28.881400000000014
Customer783,Cluster83,33.594799999999985
Customer784,Cluster84,28.51015000000001
Customer785,Cluster85,27.208966666666665
Customer786,Cluster86,27.657800000000005
Customer787,Cluster87,25.401749999999993
Customer788,Cluster88,27.095749999999995
Customer789,Cluster89,31.17355
Customer79,Cluster79,27.205466666666656
Customer790,Cluster90,28.884
Customer791,Cluster91,25.3832
Customer792,Cluster92,26.735099999999996
Customer793,Cluster93,35.47510000000001
Customer794,Cluster94,27.315799999999996
Customer795,Cluster95,24.325800000000005
Customer797,Cluster97,31.70373333333332
Customer798,Cluster98,30.985750000000003
Customer799,Cluster99,31.1213
Customer8,Cluster8,26.18069999999999
Customer800,Cluster100,29.151649999999993
Customer801,Cluster1,30.29516666666667
Customer803,Cluster3,30.65695
Customer804,Cluster4,29.17560000000001
Customer805,Cluster5,31.96190000000001
Customer806,Cluster6,30.590100000000017
Customer807,Cluster7,28.89615
Customer808,Cluster8,34.62279999999999
Customer809,Cluster9,26.720333333333325
Customer81,Cluster81,33.446650000000005
Customer811,Cluster11,30.297200000000004
Customer812,Cluster12,27.4576
Customer814,Cluster14,30.61243333333333
Customer815,Cluster15,28.02246666666666
Customer816,Cluster16,28.192666666666668
Customer817,Cluster17,30.533600000000007
Customer818,Cluster18,26.44200000000001
Customer819,Cluster19,25.1379
Customer820,Cluster20,28.76456666666667
Customer822,Cluster22,32.496600000000015
Customer823,Cluster23,32.436949999999996
Customer825,Cluster25,26.791899999999995
Customer826,Cluster26,31.528166666666664
Customer827,Cluster27,34.53110000000001
Customer828,Cluster28,29.88681666666667
Customer829,Cluster29,28.721100000000007
Customer83,Cluster83,31.226550000000003
Customer830,Cluster30,29.396299999999986
Customer831,Cluster31,28.247700000000005
Customer833,Cluster33,27.300799999999985
Customer834,Cluster34,32.93079999999999
Customer835,Cluster35,34.56535000000001
Customer837,Cluster37,30.274625
Customer838,Cluster38,30.994533333333333
Customer84,Cluster84,32.81755000000001
Customer840,Cluster40,34.3203
Customer841,Cluster41,28.48106666666666
Customer842,Cluster42,28.80735
Customer843,Cluster43,30.141099999999987
Customer844,Cluster44,29.45624999999999
Customer845,Cluster45,27.908225000000005
Customer846,Cluster46,33.95159999999999
Customer847,Cluster47,24.564299999999992
Customer848,Cluster48,31.134600000000006
Customer849,Cluster49,30.19645
Customer85,Cluster85,29.98359999999999
Customer850,Cluster50,28.637075000000006
Customer851,Cluster51,29.659200000000006
Customer852,Cluster52,30.487966666666665
Customer853,Cluster53,29.107900000000004
Customer854,Cluster54,33.33
Customer855,Cluster55,31.27750000000001
Customer857,Cluster57,29.799100000000006
Customer858,Cluster58,30.671599999999984
Customer86,Cluster86,31.399800000000006
Customer860,Cluster60,27.892
Customer861,Cluster61,28.3164
Customer862,Cluster62,29.680399999999995
Customer864,Cluster64,29.849800000000002
Customer865,Cluster65,29.376199999999997
Customer866,Cluster66,29.35510000000001
Customer867,Cluster67,26.251999999999995
Customer868,Cluster68,28.59155
Customer869,Cluster69,28.303220000000003
Customer87,Cluster87,32.10016666666666
Customer871,Cluster71,29.586566666666666
Customer872,Cluster72,33.151300000000006
Customer873,Cluster73,29.577600000000004
Customer874,Cluster74,28.021900000000002
Customer875,Cluster75,29.37665000000001
Customer876,Cluster76,31.249633333333332
Customer877,Cluster77,32.596875000000004
Customer878,Cluster78,29.292550000000006
Customer879,Cluster79,32.81570000000002
Customer88,Cluster88,29.471200000000003
Customer880,Cluster80,25.2632
Customer883,Cluster83,31.840600000000013
Customer885,Cluster85,28.1215
Customer886,Cluster86,26.265400000000007
Customer887,Cluster87,31.344
Customer888,Cluster88,31.38795
Customer889,Cluster89,32.37350000000001
Customer89,Cluster89,25.7076
Customer890,Cluster90,28.435950000000005
Customer892,Cluster92,26.7542
Customer893,Cluster93,29.631466666666665
Customer894,Cluster94,31.66803333333333
Customer896,Cluster96,29.368966666666665
Customer899,Cluster99,27.773699999999995
Customer9,Cluster9,31.894799999999996
Customer90,Cluster90,31.754733333333334
Customer902,Cluster2,30.85625000000001
Customer903,Cluster3,30.911900000000003
Customer904,Cluster4,27.875499999999995
Customer906,Cluster6,29.05505
Customer907,Cluster7,25.86835
Customer908,Cluster8,32.77360000000001
Customer91,Cluster91,28.801933333333338
Customer910,Cluster10,26.960425000000004
Customer911,Cluster11,29.770600000000012
Customer912,Cluster12,27.146100000000004
Customer913,Cluster13,24.666900000000012
Customer915,Cluster15,23.771699999999996
Customer917,Cluster17,33.27204999999999
Customer918,Cluster18,29.43507500000001
Customer919,Cluster19,29.413250000000005
Customer92,Cluster92,30.608200000000014
Customer920,Cluster20,30.156999999999996
Customer921,Cluster21,28.680866666666677
Customer922,Cluster22,29.621549999999996
Customer923,Cluster23,30.032100000000003
Customer924,Cluster24,27.8977
Customer925,Cluster25,29.54410000000001
Customer926,Cluster26,29.202399999999997
Customer927,Cluster27,30.10670000000001
Customer928,Cluster28,26.423000000000002
Customer929,Cluster29,29.848
Customer93,Cluster93,28.9724
Customer931,Cluster31,30.359633333333345
Customer932,Cluster32,25.76219999999999
Customer933,Cluster33,33.263900000000014
Customer934,Cluster34,33.596700000000006
Customer935,Cluster35,30.315499999999986
Customer936,Cluster36,27.237200000000005
Customer937,Cluster37,28.943
Customer938,Cluster38,29.600900000000003
Customer939,Cluster39,30.60329999999999
Customer94,Cluster94,31.413599999999995
Customer940,Cluster40,29.599199999999986
Customer943,Cluster43,29.426000000000002
Customer945,Cluster45,28.481283333333337
Customer948,Cluster48,29.003299999999996
Customer949,Cluster49,29.2923
Customer95,Cluster95,28.833133333333322
Customer950,Cluster50,27.1523
Customer951,Cluster51,33.81010000000001
Customer952,Cluster52,28.456599999999998
Customer953,Cluster53,26.766300000000005
Customer954,Cluster54,31.629566666666673
Customer955,Cluster55,30.2027
Customer957,Cluster57,31.070600000000002
Customer96,Cluster96,29.657633333333333
Customer960,Cluster60,32.124300000000005
Customer961,Cluster61,30.7805
Customer962,Cluster62,30.078100000000006
Customer963,Cluster63,30.141466666666673
Customer964,Cluster64,26.785800000000005
Customer965,Cluster65,26.9392
Customer966,Cluster66,28.857666666666674
Customer967,Cluster67,32.180400000000006
Customer968,Cluster68,30.180000000000007
Customer969,Cluster69,26.44956666666666
Customer97,Cluster97,28.136899999999997
Customer970,Cluster70,33.9048
Customer972,Cluster72,27.775050000000007
Customer973,Cluster73,27.545600000000004
Customer974,Cluster74,31.5458
Customer975,Cluster75,30.295300000000005
Customer976,Cluster76,30.490416666666665
Customer977,Cluster77,32.051233333333336
Customer978,Cluster78,33.7964
Customer979,Cluster79,30.565999999999995
Customer98,Cluster98,33.53789999999999
Customer980,Cluster80,30.366500000000002
Customer981,Cluster81,33.8649
Customer983,Cluster83,28.2601
Customer984,Cluster84,31.00206666666666
Customer985,Cluster85,31.220600000000008
Customer986,Cluster86,33.7498
Customer988,Cluster88,30.7742
Customer989,Cluster89,26.060700000000008
Customer99,Cluster99,30.846499999999992
Customer990,Cluster90,31.567799999999988
Customer992,Cluster92,29.619266666666675
Customer993,Cluster93,30.362599999999997
Customer994,Cluster94,31.538800000000016
Customer995,Cluster95,27.090799999999998
Customer996,Cluster96,28.539799999999985
Customer998,Cluster98,24.860699999999998
Customer999,Cluster99,28.131800000000002
