Customer_ID,Cluster_ID,LSHS_Requirement_Predicted
Customer1,Cluster1,26.637
Customer10,Cluster10,25.325599999999994
Customer100,Cluster100,27.0448
Customer1000,Cluster100,28.381999999999966
Customer1001,Cluster1,29.738749999999996
Customer1003,Cluster3,28.164200000000008
Customer1004,Cluster4,33.29940000000001
Customer1005,Cluster5,25.434200000000004
Customer1006,Cluster6,25.974199999999993
Customer1007,Cluster7,30.83459999999998
Customer1008,Cluster8,30.070649999999993
Customer1009,Cluster9,30.803975
Customer101,Cluster1,22.79780000000001
Customer1010,Cluster10,31.554633333333342
Customer1011,Cluster11,32.954299999999996
Customer1012,Cluster12,30.246899999999986
Customer1013,Cluster13,29.22375
Customer1014,Cluster14,35.83470000000001
Customer1015,Cluster15,32.86025000000001
Customer1016,Cluster16,30.39710000000001
Customer1017,Cluster17,28.447533333333325
Customer1018,Cluster18,28.939524999999996
Customer1019,Cluster19,30.150599999999994
Customer102,Cluster2,30.99593333333333
Customer1020,Cluster20,27.796700000000005
Customer1021,Cluster21,30.540849999999992
Customer1022,Cluster22,29.52455
Customer1023,Cluster23,30.794600000000003
Customer1024,Cluster24,28.798333333333336
Customer1025,Cluster25,32.3811
Customer1026,Cluster26,27.71390000000001
Customer1027,Cluster27,30.455949999999994
Customer1028,Cluster28,28.369649999999993
Customer103,Cluster3,34.54219999999999
Customer1030,Cluster30,30.50199999999999
Customer1032,Cluster32,22.828999999999997
Customer1033,Cluster33,27.1706
Customer1034,Cluster34,27.464349999999996
Customer1035,Cluster35,28.622633333333322
Customer1036,Cluster36,27.510299999999997
Customer1037,Cluster37,31.505125000000003
Customer1038,Cluster38,27.795799999999996
Customer1039,Cluster39,32.82530000000001
Customer104,Cluster4,27.98615000000001
Customer1040,Cluster40,33.81755
Customer1041,Cluster41,32.231300000000005
Customer1042,Cluster42,26.793099999999992
Customer1044,Cluster44,34.48024999999998
Customer1045,Cluster45,30.0427
Customer1046,Cluster46,28.75005
Customer1047,Cluster47,33.42535000000001
Customer1049,Cluster49,27.68266666666666
Customer105,Cluster5,31.0265
Customer1050,Cluster50,28.808925000000006
Customer1051,Cluster51,33.50149999999999
Customer1052,Cluster52,31.4133
Customer1053,Cluster53,34.1925
Customer1054,Cluster54,30.892150000000004
Customer1055,Cluster55,30.475700000000007
Customer1056,Cluster56,26.908549999999995
Customer1057,Cluster57,34.123700000000014
Customer1058,Cluster58,30.685625
Customer1059,Cluster59,28.004399999999993
Customer106,Cluster6,30.65849999999999
Customer1060,Cluster60,30.58679999999999
Customer1061,Cluster61,29.53930000000001
Customer1062,Cluster62,31.514599999999994
Customer1064,Cluster64,31.079300000000007
Customer1065,Cluster65,31.734699999999986
Customer1066,Cluster66,32.0737
Customer1067,Cluster67,32.13180000000001
Customer1068,Cluster68,31.2598
Customer1069,Cluster69,25.8952
Customer107,Cluster7,35.799399999999984
Customer1070,Cluster70,29.41565
Customer1071,Cluster71,29.218399999999992
Customer1072,Cluster72,32.17949999999998
Customer1073,Cluster73,30.856549999999984
Customer1074,Cluster74,29.449049999999993
Customer1075,Cluster75,28.457849999999993
Customer1076,Cluster76,31.460066666666666
Customer1077,Cluster77,31.53704
Customer108,Cluster8,31.93045
Customer1080,Cluster80,27.662599999999998
Customer1082,Cluster82,27.73496666666666
Customer1083,Cluster83,36.45069999999998
Customer1084,Cluster84,28.867850000000008
Customer1085,Cluster85,29.171249999999997
Customer1086,Cluster86,31.88343333333334
Customer1087,Cluster87,30.915799999999997
Customer1088,Cluster88,29.356699999999996
Customer1089,Cluster89,35.04509999999999
Customer109,Cluster9,33.443
Customer1091,Cluster91,29.20154999999999
Customer1092,Cluster92,31.764399999999995
Customer1094,Cluster94,29.26263333333334
Customer1095,Cluster95,31.64403333333333
Customer1097,Cluster97,28.08900000000001
Customer1098,Cluster98,28.685100000000002
Customer1099,Cluster99,32.8866
Customer11,Cluster11,29.921499999999995
Customer110,Cluster10,33.32796666666667
Customer1102,Cluster2,31.071433333333335
Customer1103,Cluster3,24.296100000000006
Customer1104,Cluster4,31.286099999999998
Customer1105,Cluster5,32.10815000000001
Customer1106,Cluster6,32.403200000000005
Customer1107,Cluster7,31.482799999999997
Customer1108,Cluster8,28.446600000000004
Customer1109,Cluster9,28.38295
Customer111,Cluster11,29.9806
Customer1110,Cluster10,30.981099999999998
Customer1111,Cluster11,29.108499999999967
Customer1112,Cluster12,29.151400000000002
Customer1113,Cluster13,33.0561
Customer1114,Cluster14,22.3864
Customer1116,Cluster16,28.039633333333327
Customer1117,Cluster17,32.95224999999999
Customer1118,Cluster18,31.418100000000006
Customer1119,Cluster19,30.966333333333324
Customer112,Cluster12,30.768299999999993
Customer1120,Cluster20,29.062399999999993
Customer1121,Cluster21,28.714924999999997
Customer1122,Cluster22,30.174299999999995
Customer1123,Cluster23,27.521349999999998
Customer1124,Cluster24,31.377700000000008
Customer1125,Cluster25,31.53853333333333
Customer1126,Cluster26,33.8935
Customer1127,Cluster27,27.713933333333333
Customer1128,Cluster28,28.279024999999997
Customer1129,Cluster29,31.6155
Customer113,Cluster13,30.545250000000003
Customer1130,Cluster30,30.0775
Customer1131,Cluster31,29.3652
Customer1132,Cluster32,34.773100000000014
Customer1134,Cluster34,28.660700000000006
Customer1136,Cluster36,32.20213333333333
Customer1137,Cluster37,27.227450000000005
Customer1139,Cluster39,36.31439999999999
Customer114,Cluster14,28.577400000000008
Customer1141,Cluster41,33.581066666666665
Customer1144,Cluster44,24.895600000000005
Customer1145,Cluster45,30.103199999999998
Customer1146,Cluster46,32.85634999999999
Customer1147,Cluster47,28.3666
Customer1148,Cluster48,29.80923333333334
Customer1149,Cluster49,29.92775
Customer115,Cluster15,31.351100000000017
Customer1151,Cluster51,31.689500000000002
Customer1152,Cluster52,31.56645000000001
Customer1153,Cluster53,25.94064999999999
Customer1154,Cluster54,32.609300000000005
Customer1155,Cluster55,26.79589999999999
Customer1156,Cluster56,29.576300000000007
Customer1157,Cluster57,32.56313333333333
Customer1158,Cluster58,26.2089
Customer1159,Cluster59,28.59080000000001
Customer116,Cluster16,31.416399999999996
Customer1160,Cluster60,31.4065
Customer1161,Cluster61,25.150200000000005
Customer1162,Cluster62,32.85965
Customer1164,Cluster64,27.053499999999996
Customer1165,Cluster65,29.494366666666668
Customer1166,Cluster66,32.4877
Customer1167,Cluster67,30.386400000000002
Customer1168,Cluster68,31.173000000000002
Customer1169,Cluster69,32.607299999999995
Customer117,Cluster17,31.33815
Customer1170,Cluster70,29.082200000000004
Customer1172,Cluster72,31.004466666666673
Customer1173,Cluster73,32.791199999999975
Customer1174,Cluster74,27.096599999999984
Customer1176,Cluster76,29.88295
Customer1177,Cluster77,31.322533333333325
Customer1178,Cluster78,29.909550000000003
Customer1179,Cluster79,25.086000000000002
Customer118,Cluster18,32.12390000000002
Customer1180,Cluster80,31.08353333333334
Customer1182,Cluster82,29.523600000000005
Customer1183,Cluster83,27.713524999999997
Customer1184,Cluster84,29.211166666666667
Customer1185,Cluster85,25.360750000000003
Customer1186,Cluster86,29.818650000000005
Customer1187,Cluster87,26.246049999999997
Customer1188,Cluster88,28.274900000000013
Customer1189,Cluster89,26.0225
Customer119,Cluster19,30.556250000000006
Customer1190,Cluster90,30.72640000000001
Customer1192,Cluster92,28.7973
Customer1193,Cluster93,30.887349999999998
Customer1194,Cluster94,26.546833333333336
Customer1195,Cluster95,29.39945
Customer1196,Cluster96,28.348499999999994
Customer1197,Cluster97,28.889866666666677
Customer1198,Cluster98,25.8891
Customer1199,Cluster99,28.26195
Customer12,Cluster12,29.4909
Customer120,Cluster20,29.997450000000008
Customer1200,Cluster100,32.187266666666666
Customer1201,Cluster1,28.384249999999994
Customer1202,Cluster2,28.982300000000006
Customer1203,Cluster3,29.834950000000006
Customer1204,Cluster4,27.72016666666667
Customer1205,Cluster5,33.50726666666668
Customer1206,Cluster6,28.144599999999997
Customer1207,Cluster7,24.988566666666667
Customer1208,Cluster8,28.74146666666667
Customer1209,Cluster9,27.50710000000001
Customer121,Cluster21,31.114900000000013
Customer1213,Cluster13,25.0722
Customer1215,Cluster15,28.25550000000001
Customer1216,Cluster16,28.232433333333333
Customer1218,Cluster18,29.631275000000002
Customer1219,Cluster19,30.16840000000001
Customer122,Cluster22,21.472300000000004
Customer1220,Cluster20,28.35112
Customer1221,Cluster21,31.250200000000007
Customer1222,Cluster22,28.483199999999997
Customer1223,Cluster23,29.12600000000002
Customer1224,Cluster24,31.489780000000007
Customer1225,Cluster25,27.18349999999999
Customer1226,Cluster26,27.199
Customer1227,Cluster27,29.484599999999997
Customer1228,Cluster28,30.269199999999998
Customer1229,Cluster29,28.351333333333343
Customer123,Cluster23,37.71090000000001
Customer1230,Cluster30,31.757399999999997
Customer1231,Cluster31,27.935600000000008
Customer1232,Cluster32,28.637899999999995
Customer1233,Cluster33,30.44515
Customer1234,Cluster34,29.786875000000002
Customer1235,Cluster35,29.270850000000003
Customer1236,Cluster36,28.73775
Customer1237,Cluster37,28.36269999999999
Customer1238,Cluster38,32.23200000000001
Customer1239,Cluster39,33.058150000000005
Customer1240,Cluster40,27.721199999999996
Customer1241,Cluster41,33.46365
Customer1242,Cluster42,31.430349999999994
Customer1243,Cluster43,31.32953333333333
Customer1244,Cluster44,29.714549999999992
Customer1245,Cluster45,30.5753
Customer1246,Cluster46,30.43386666666667
Customer1248,Cluster48,28.107300000000002
Customer1249,Cluster49,27.52850000000001
Customer1250,Cluster50,31.348200000000002
Customer1251,Cluster51,30.36245
Customer1252,Cluster52,27.789799999999993
Customer1253,Cluster53,30.422675
Customer1254,Cluster54,34.18605
Customer1256,Cluster56,30.684900000000006
Customer1257,Cluster57,30.243366666666677
Customer1258,Cluster58,27.9571
Customer1259,Cluster59,27.167500000000008
Customer126,Cluster26,31.170500000000004
Customer1260,Cluster60,28.13683333333334
Customer1261,Cluster61,34.13823333333334
Customer1262,Cluster62,30.994566666666667
Customer1263,Cluster63,30.317200000000007
Customer1264,Cluster64,31.63989999999999
Customer1265,Cluster65,27.7744
Customer1266,Cluster66,31.507133333333343
Customer1267,Cluster67,29.814850000000007
Customer1268,Cluster68,29.88530000000001
Customer1269,Cluster69,27.729400000000002
Customer127,Cluster27,30.228300000000008
Customer1270,Cluster70,32.73175
Customer1271,Cluster71,30.162199999999988
Customer1272,Cluster72,29.021900000000006
Customer1273,Cluster73,35.91389999999999
Customer1274,Cluster74,26.218699999999995
Customer1275,Cluster75,26.06790000000001
Customer1276,Cluster76,31.380349999999996
Customer1277,Cluster77,27.296099999999996
Customer1278,Cluster78,29.95564999999999
Customer128,Cluster28,30.9295
Customer1280,Cluster80,33.7166
Customer1281,Cluster81,25.73175000000001
Customer1282,Cluster82,29.17385
Customer1283,Cluster83,26.97060000000002
Customer1284,Cluster84,27.428250000000002
Customer1285,Cluster85,27.51620000000001
Customer1286,Cluster86,27.528399999999998
Customer1287,Cluster87,29.116300000000013
Customer1288,Cluster88,30.083050000000007
Customer1289,Cluster89,30.65674999999999
Customer1290,Cluster90,28.192700000000002
Customer1291,Cluster91,33.9846
Customer1292,Cluster92,32.0451
Customer1293,Cluster93,26.32845
Customer1294,Cluster94,29.515500000000003
Customer1295,Cluster95,29.757199999999994
Customer1296,Cluster96,29.574779999999997
Customer1297,Cluster97,30.196625000000004
Customer1298,Cluster98,34.50559999999999
Customer1299,Cluster99,29.315533333333338
Customer13,Cluster13,30.059599999999993
Customer130,Cluster30,27.784333333333347
Customer1300,Cluster100,33.288199999999996
Customer1301,Cluster1,32.06345000000001
Customer1302,Cluster2,29.944133333333326
Customer1304,Cluster4,32.07499999999999
Customer1305,Cluster5,28.970200000000013
Customer1306,Cluster6,33.903
Customer1307,Cluster7,29.721199999999985
Customer1308,Cluster8,31.566799999999997
Customer1309,Cluster9,29.721900000000005
Customer131,Cluster31,27.171800000000005
Customer1310,Cluster10,28.52689999999999
Customer1311,Cluster11,27.442
Customer1312,Cluster12,28.2106
Customer1313,Cluster13,31.996899999999997
Customer1314,Cluster14,28.78159999999999
Customer1315,Cluster15,30.38684999999999
Customer1316,Cluster16,28.822000000000003
Customer1317,Cluster17,29.750899999999987
Customer1318,Cluster18,30.13846666666666
Customer1319,Cluster19,27.720050000000008
Customer132,Cluster32,28.226399999999998
Customer1320,Cluster20,30.569866666666666
Customer1321,Cluster21,31.797700000000006
Customer1322,Cluster22,29.222850000000005
Customer1323,Cluster23,30.364900000000013
Customer1325,Cluster25,33.591200000000015
Customer1326,Cluster26,28.05329999999999
Customer1327,Cluster27,31.8664
Customer1329,Cluster29,27.198950000000004
Customer133,Cluster33,32.2435
Customer1330,Cluster30,32.502700000000026
Customer1331,Cluster31,30.972799999999996
Customer1332,Cluster32,34.135850000000005
Customer1333,Cluster33,33.1661
Customer1334,Cluster34,28.209699999999998
Customer1335,Cluster35,30.268500000000003
Customer1336,Cluster36,32.857600000000005
Customer1337,Cluster37,30.54585
Customer1338,Cluster38,28.628000000000007
Customer1339,Cluster39,27.535749999999993
Customer134,Cluster34,30.825833333333325
Customer1340,Cluster40,28.4635
Customer1341,Cluster41,27.028599999999997
Customer1342,Cluster42,31.59333333333333
Customer1343,Cluster43,29.11525000000001
Customer1344,Cluster44,36.75
Customer1345,Cluster45,32.318799999999996
Customer1346,Cluster46,27.509533333333337
Customer1347,Cluster47,29.707300000000004
Customer1349,Cluster49,31.491699999999998
Customer135,Cluster35,27.303500000000003
Customer1350,Cluster50,29.27406666666666
Customer1353,Cluster53,29.1296
Customer1354,Cluster54,32.91246666666667
Customer1355,Cluster55,31.646599999999992
Customer1356,Cluster56,25.590900000000016
Customer1358,Cluster58,30.961700000000008
Customer1359,Cluster59,29.75373333333333
Customer136,Cluster36,30.999399999999998
Customer1360,Cluster60,30.503599999999995
Customer1361,Cluster61,30.50970000000001
Customer1362,Cluster62,31.445600000000002
Customer1363,Cluster63,30.36276666666667
Customer1365,Cluster65,26.720799999999993
Customer1366,Cluster66,33.3929
Customer1367,Cluster67,30.686499999999995
Customer1368,Cluster68,31.144099999999998
Customer1369,Cluster69,29.855199999999996
Customer137,Cluster37,26.8797
Customer1370,Cluster70,28.170500000000008
Customer1371,Cluster71,32.148699999999984
Customer1372,Cluster72,30.161875
Customer1373,Cluster73,27.2782
Customer1374,Cluster74,34.972100000000026
Customer1375,Cluster75,27.861900000000002
Customer1376,Cluster76,30.9757
Customer1377,Cluster77,29.844999999999995
Customer1378,Cluster78,28.87095
Customer1379,Cluster79,35.7037
Customer138,Cluster38,31.90256666666667
Customer1380,Cluster80,30.6861
Customer1381,Cluster81,20.817100000000003
Customer1382,Cluster82,27.896099999999986
Customer1383,Cluster83,27.31090000000001
Customer1384,Cluster84,30.195324999999997
Customer1385,Cluster85,31.345033333333337
Customer1386,Cluster86,32.294799999999995
Customer1387,Cluster87,28.24409999999999
Customer1388,Cluster88,26.165399999999998
Customer1389,Cluster89,30.786350000000013
Customer139,Cluster39,28.028899999999993
Customer1390,Cluster90,27.43173333333334
Customer1391,Cluster91,29.415600000000005
Customer1392,Cluster92,31.7329
Customer1393,Cluster93,34.953
Customer1394,Cluster94,31.871800000000004
Customer1395,Cluster95,31.853400000000004
Customer1396,Cluster96,28.566550000000007
Customer1397,Cluster97,29.320000000000004
Customer1399,Cluster99,27.477100000000004
Customer140,Cluster40,27.85462
Customer1400,Cluster100,31.580499999999997
Customer1401,Cluster1,27.5642
Customer1402,Cluster2,28.25390000000001
Customer1403,Cluster3,30.991599999999995
Customer1404,Cluster4,29.350000000000005
Customer1405,Cluster5,31.057199999999995
Customer1408,Cluster8,27.782400000000003
Customer1409,Cluster9,30.113200000000003
Customer1410,Cluster10,29.944433333333325
Customer1411,Cluster11,29.576700000000002
Customer1412,Cluster12,32.65594999999999
Customer1413,Cluster13,32.272149999999996
Customer1414,Cluster14,28.343149999999998
Customer1415,Cluster15,30.884299999999993
Customer1416,Cluster16,28.370950000000008
Customer1417,Cluster17,26.229349999999997
Customer1418,Cluster18,31.4413
Customer1419,Cluster19,30.572766666666656
Customer142,Cluster42,31.536100000000015
Customer1420,Cluster20,30.151599999999995
Customer1421,Cluster21,29.447049999999994
Customer1422,Cluster22,33.03325000000001
Customer1423,Cluster23,30.097399999999997
Customer1424,Cluster24,29.48275
Customer1425,Cluster25,31.708400000000005
Customer1426,Cluster26,30.753033333333338
Customer1428,Cluster28,27.305450000000004
Customer1429,Cluster29,30.557033333333333
Customer1430,Cluster30,31.570099999999996
Customer1431,Cluster31,32.0643
Customer1432,Cluster32,28.568699999999993
Customer1433,Cluster33,29.321799999999996
Customer1434,Cluster34,30.409033333333323
Customer1435,Cluster35,26.352800000000002
Customer1437,Cluster37,26.97865
Customer1438,Cluster38,31.783500000000004
Customer1439,Cluster39,28.87469999999999
Customer144,Cluster44,30.036700000000007
Customer1440,Cluster40,30.801949999999998
Customer1441,Cluster41,34.84010000000001
Customer1442,Cluster42,31.30395
Customer1443,Cluster43,29.995899999999995
Customer1444,Cluster44,25.58219999999999
Customer1445,Cluster45,29.457400000000007
Customer1446,Cluster46,32.2151
Customer1447,Cluster47,30.392300000000006
Customer1448,Cluster48,31.160499999999995
Customer1449,Cluster49,31.586499999999994
Customer1450,Cluster50,30.72935000000001
Customer1451,Cluster51,28.566799999999997
Customer1452,Cluster52,31.748749999999994
Customer1453,Cluster53,32.3141
Customer1455,Cluster55,37.36389999999999
Customer1456,Cluster56,30.698999999999998
Customer1457,Cluster57,33.2052
Customer1458,Cluster58,29.8472
Customer1459,Cluster59,24.157800000000016
Customer146,Cluster46,29.365600000000008
Customer1462,Cluster62,32.83035
Customer1463,Cluster63,30.519049999999996
Customer1464,Cluster64,26.23749999999999
Customer1465,Cluster65,23.834099999999992
Customer1466,Cluster66,28.24754999999999
Customer1467,Cluster67,32.13660000000001
Customer1468,Cluster68,26.217350000000003
Customer147,Cluster47,33.06653333333334
Customer1470,Cluster70,29.702080000000006
Customer1471,Cluster71,29.688250000000004
Customer1472,Cluster72,30.285633333333333
Customer1473,Cluster73,29.489575000000006
Customer1474,Cluster74,31.09020000000001
Customer1475,Cluster75,27.171400000000002
Customer1476,Cluster76,31.11049999999999
Customer1477,Cluster77,31.77800000000002
Customer1479,Cluster79,29.686199999999996
Customer148,Cluster48,28.2539
Customer1481,Cluster81,28.391166666666667
Customer1482,Cluster82,30.498900000000013
Customer1484,Cluster84,32.48450000000001
Customer1485,Cluster85,29.65040000000001
Customer1486,Cluster86,31.119099999999985
Customer1488,Cluster88,32.013875
Customer1489,Cluster89,29.672399999999993
Customer149,Cluster49,31.25390000000001
Customer1490,Cluster90,36.05939999999999
Customer1492,Cluster92,33.47009999999999
Customer1494,Cluster94,32.540499999999994
Customer1495,Cluster95,33.168099999999995
Customer1496,Cluster96,28.462549999999993
Customer1497,Cluster97,28.366800000000012
Customer1498,Cluster98,29.79173333333333
Customer1499,Cluster99,29.770900000000015
Customer15,Cluster15,31.743250000000003
Customer150,Cluster50,29.588233333333335
Customer1500,Cluster100,31.252549999999992
Customer1501,Cluster1,30.994249999999976
Customer1502,Cluster2,22.314
Customer1503,Cluster3,28.772933333333327
Customer1504,Cluster4,28.073999999999998
Customer1505,Cluster5,31.897000000000027
Customer1506,Cluster6,30.1776
Customer1507,Cluster7,28.399899999999985
Customer1508,Cluster8,29.44679999999999
Customer151,Cluster51,27.884550000000008
Customer1510,Cluster10,27.973299999999995
Customer1511,Cluster11,25.852733333333322
Customer1513,Cluster13,30.7029
Customer1514,Cluster14,25.470200000000006
Customer1515,Cluster15,28.432799999999997
Customer1516,Cluster16,29.435549999999992
Customer1517,Cluster17,30.779149999999994
Customer1518,Cluster18,28.3661
Customer1519,Cluster19,29.697699999999987
Customer152,Cluster52,33.89675
Customer1520,Cluster20,36.40040000000001
Customer1522,Cluster22,28.704849999999993
Customer1524,Cluster24,30.58413333333333
Customer1525,Cluster25,30.779666666666667
Customer1526,Cluster26,30.33685
Customer1527,Cluster27,32.40705
Customer1528,Cluster28,28.663500000000003
Customer1529,Cluster29,29.774549999999994
Customer153,Cluster53,34.6417
Customer1530,Cluster30,28.375559999999997
Customer1531,Cluster31,27.772599999999997
Customer1532,Cluster32,29.48725000000001
Customer1533,Cluster33,29.03159999999999
Customer1534,Cluster34,28.12889999999999
Customer1535,Cluster35,32.587699999999984
Customer1537,Cluster37,32.64829999999999
Customer1539,Cluster39,29.963066666666666
Customer154,Cluster54,31.93269999999999
Customer1540,Cluster40,28.132200000000008
Customer1541,Cluster41,32.92245000000001
Customer1542,Cluster42,33.2061
Customer1543,Cluster43,28.928699999999985
Customer1544,Cluster44,33.61500000000001
Customer1546,Cluster46,30.65985000000001
Customer1547,Cluster47,26.849800000000002
Customer1548,Cluster48,29.214600000000004
Customer1549,Cluster49,27.8635
Customer155,Cluster55,29.27513333333333
Customer1550,Cluster50,28.969100000000005
Customer1552,Cluster52,28.364300000000007
Customer1553,Cluster53,26.156599999999994
Customer1554,Cluster54,31.305699999999998
Customer1555,Cluster55,32.66259999999999
Customer1556,Cluster56,30.870100000000004
Customer1559,Cluster59,29.26785
Customer156,Cluster56,30.42543333333333
Customer1560,Cluster60,28.988333333333333
Customer1561,Cluster61,31.671050000000005
Customer1564,Cluster64,30.055325000000003
Customer1565,Cluster65,28.123349999999995
Customer1566,Cluster66,34.08910000000001
Customer1568,Cluster68,23.921799999999998
Customer1569,Cluster69,31.58640000000001
Customer157,Cluster57,29.03106666666668
Customer1570,Cluster70,29.61385
Customer1571,Cluster71,27.087350000000008
Customer1572,Cluster72,31.896500000000014
Customer1573,Cluster73,28.532299999999996
Customer1574,Cluster74,28.656600000000022
Customer1577,Cluster77,32.02949999999999
Customer1578,Cluster78,27.287199999999995
Customer1579,Cluster79,29.779050000000005
Customer158,Cluster58,32.0551
Customer1580,Cluster80,32.009466666666675
Customer1581,Cluster81,29.030299999999993
Customer1582,Cluster82,31.592400000000005
Customer1583,Cluster83,32.169900000000005
Customer1584,Cluster84,26.644249999999992
Customer1585,Cluster85,24.738900000000008
Customer1586,Cluster86,27.975633333333324
Customer1587,Cluster87,27.85420000000001
Customer1588,Cluster88,33.78825000000002
Customer1589,Cluster89,30.2815
Customer159,Cluster59,29.417649999999995
Customer1590,Cluster90,34.054199999999994
Customer1591,Cluster91,29.899399999999996
Customer1592,Cluster92,30.69900000000001
Customer1593,Cluster93,30.572000000000003
Customer1594,Cluster94,29.627233333333326
Customer1595,Cluster95,33.11659999999999
Customer1596,Cluster96,29.799000000000014
Customer1597,Cluster97,29.342233333333336
Customer1598,Cluster98,29.49363333333334
Customer1599,Cluster99,29.505250000000004
Customer16,Cluster16,28.655400000000018
Customer1600,Cluster100,31.2071
Customer1601,Cluster1,35.691199999999995
Customer1603,Cluster3,28.430700000000012
Customer1604,Cluster4,28.999575000000004
Customer1605,Cluster5,37.35670000000002
Customer1606,Cluster6,31.37449999999998
Customer1607,Cluster7,33.07920000000001
Customer1608,Cluster8,31.26626666666667
Customer1609,Cluster9,29.060600000000015
Customer161,Cluster61,28.260250000000003
Customer1610,Cluster10,29.527275000000003
Customer1611,Cluster11,32.178349999999995
Customer1612,Cluster12,30.7616
Customer1613,Cluster13,32.875166666666665
Customer1614,Cluster14,28.299100000000013
Customer1615,Cluster15,30.961299999999994
Customer1616,Cluster16,30.57305
Customer1617,Cluster17,33.134533333333344
Customer1618,Cluster18,26.43430000000001
Customer1619,Cluster19,26.79513333333333
Customer162,Cluster62,31.898149999999994
Customer1620,Cluster20,29.809500000000003
Customer1621,Cluster21,29.18894999999999
Customer1622,Cluster22,33.301100000000005
Customer1623,Cluster23,29.7153
Customer1625,Cluster25,33.27776666666667
Customer1627,Cluster27,34.7647
Customer1628,Cluster28,26.95790000000001
Customer1629,Cluster29,28.58845000000001
Customer1631,Cluster31,26.381300000000003
Customer1632,Cluster32,29.25955000000001
Customer1633,Cluster33,22.60305
Customer1634,Cluster34,29.249950000000005
Customer1635,Cluster35,30.831000000000003
Customer1636,Cluster36,31.21745
Customer1637,Cluster37,28.148300000000006
Customer1639,Cluster39,28.886059999999997
Customer164,Cluster64,29.85819999999998
Customer1640,Cluster40,30.516799999999996
Customer1641,Cluster41,29.712566666666664
Customer1642,Cluster42,28.589000000000006
Customer1643,Cluster43,25.651599999999995
Customer1644,Cluster44,35.633766666666666
Customer1645,Cluster45,29.577500000000008
Customer1646,Cluster46,31.113599999999995
Customer1647,Cluster47,32.568499999999986
Customer1648,Cluster48,30.737233333333336
Customer1649,Cluster49,24.295100000000016
Customer165,Cluster65,31.2927
Customer1650,Cluster50,30.353900000000003
Customer1651,Cluster51,28.01620000000002
Customer1652,Cluster52,35.708999999999996
Customer1653,Cluster53,31.1839
Customer1654,Cluster54,30.97185000000001
Customer1655,Cluster55,29.402
Customer1656,Cluster56,34.0681
Customer1657,Cluster57,29.682425000000002
Customer1658,Cluster58,30.72478000000001
Customer1659,Cluster59,30.787000000000003
Customer166,Cluster66,30.0001
Customer1660,Cluster60,28.379500000000004
Customer1661,Cluster61,25.36080000000001
Customer1662,Cluster62,30.0669
Customer1663,Cluster63,29.24549999999999
Customer1664,Cluster64,34.2736
Customer1665,Cluster65,27.595799999999997
Customer1667,Cluster67,29.548466666666666
Customer1668,Cluster68,28.324800000000014
Customer1669,Cluster69,33.01046666666667
Customer1670,Cluster70,32.06185
Customer1671,Cluster71,24.82890000000002
Customer1672,Cluster72,31.333699999999993
Customer1673,Cluster73,29.674100000000006
Customer1674,Cluster74,29.870949999999993
Customer1675,Cluster75,30.805200000000003
Customer1676,Cluster76,28.833800000000007
Customer1677,Cluster77,29.797
Customer1678,Cluster78,30.205199999999998
Customer168,Cluster68,30.020419999999994
Customer1680,Cluster80,27.902600000000007
Customer1681,Cluster81,36.35555000000001
Customer1682,Cluster82,31.301675000000003
Customer1683,Cluster83,31.955400000000004
Customer1684,Cluster84,29.942200000000003
Customer1685,Cluster85,29.430199999999992
Customer1686,Cluster86,29.390900000000006
Customer1687,Cluster87,23.4713
Customer1688,Cluster88,27.610199999999995
Customer1689,Cluster89,30.1378
Customer169,Cluster69,30.992599999999992
Customer1690,Cluster90,31.174799999999994
Customer1691,Cluster91,27.488000000000003
Customer1693,Cluster93,29.352400000000017
Customer1694,Cluster94,31.070149999999984
Customer1695,Cluster95,26.09080000000003
Customer1696,Cluster96,31.417725000000008
Customer1698,Cluster98,33.423966666666665
Customer1699,Cluster99,28.42204999999999
Customer17,Cluster17,28.871799999999997
Customer170,Cluster70,28.650233333333336
Customer1700,Cluster100,36.55339999999999
Customer1701,Cluster1,28.205100000000005
Customer1702,Cluster2,27.337400000000002
Customer1703,Cluster3,25.97499999999999
Customer1704,Cluster4,32.33469999999999
Customer1705,Cluster5,30.138800000000003
Customer1706,Cluster6,32.96855000000001
Customer1707,Cluster7,29.610500000000002
Customer1708,Cluster8,30.669700000000002
Customer171,Cluster71,28.512199999999993
Customer1710,Cluster10,33.51982499999998
Customer1711,Cluster11,35.29130000000001
Customer1712,Cluster12,31.141733333333335
Customer1713,Cluster13,39.617699999999985
Customer1714,Cluster14,25.663925000000003
Customer1715,Cluster15,33.19453333333333
Customer1717,Cluster17,34.57479999999999
Customer1718,Cluster18,29.039699999999993
Customer1719,Cluster19,31.398300000000006
Customer1721,Cluster21,30.900949999999998
Customer1722,Cluster22,30.9108
Customer1723,Cluster23,28.799200000000006
Customer1724,Cluster24,27.268899999999995
Customer1725,Cluster25,32.765600000000006
Customer1726,Cluster26,29.050699999999996
Customer1727,Cluster27,32.69770000000001
Customer1728,Cluster28,30.870300000000004
Customer1729,Cluster29,32.4628
Customer173,Cluster73,34.033550000000005
Customer1730,Cluster30,28.884733333333344
Customer1731,Cluster31,32.03790000000001
Customer1732,Cluster32,28.6203
Customer1733,Cluster33,30.25699999999999
Customer1735,Cluster35,25.598899999999993
Customer1736,Cluster36,29.260933333333337
Customer1738,Cluster38,30.41673333333333
Customer1739,Cluster39,28.015799999999995
Customer174,Cluster74,33.49679999999999
Customer1740,Cluster40,30.579899999999995
Customer1741,Cluster41,29.866600000000002
Customer1742,Cluster42,28.045099999999998
Customer1743,Cluster43,31.925850000000004
Customer1744,Cluster44,27.814849999999996
Customer1746,Cluster46,27.597133333333336
Customer1747,Cluster47,30.419133333333335
Customer1748,Cluster48,26.29024999999999
Customer1749,Cluster49,30.833066666666667
Customer1750,Cluster50,29.47230000000001
Customer1751,Cluster51,31.638400000000004
Customer1752,Cluster52,34.18576666666666
Customer1753,Cluster53,31.93869999999999
Customer1754,Cluster54,29.112800000000007
Customer1756,Cluster56,27.621099999999995
Customer1757,Cluster57,29.7885
Customer1758,Cluster58,32.490599999999986
Customer1759,Cluster59,28.732200000000006
Customer176,Cluster76,27.914099999999994
Customer1760,Cluster60,30.940799999999996
Customer1761,Cluster61,29.70053333333334
Customer1762,Cluster62,29.827700000000004
Customer1763,Cluster63,26.83199999999999
Customer1764,Cluster64,29.053800000000013
Customer1765,Cluster65,32.2507
Customer1766,Cluster66,27.501299999999997
Customer1767,Cluster67,33.57309999999998
Customer1768,Cluster68,28.096166666666672
Customer1769,Cluster69,31.02076666666666
Customer177,Cluster77,26.2583
Customer1770,Cluster70,28.209366666666668
Customer1771,Cluster71,26.44579999999999
Customer1774,Cluster74,30.66396666666667
Customer1775,Cluster75,27.84695000000001
Customer1776,Cluster76,30.85595000000001
Customer1779,Cluster79,28.174450000000007
Customer178,Cluster78,30.80129999999999
Customer1780,Cluster80,28.909299999999995
Customer1781,Cluster81,28.047566666666665
Customer1782,Cluster82,30.22713333333334
Customer1784,Cluster84,30.68706666666667
Customer1785,Cluster85,29.365066666666674
Customer1786,Cluster86,29.50176666666668
Customer1788,Cluster88,29.166500000000006
Customer1789,Cluster89,30.924300000000002
Customer179,Cluster79,29.348350000000007
Customer1790,Cluster90,29.294950000000004
Customer1791,Cluster91,26.90169999999999
Customer1792,Cluster92,28.555149999999998
Customer1793,Cluster93,30.29060000000001
Customer1794,Cluster94,26.228100000000005
Customer1797,Cluster97,31.91315
Customer1799,Cluster99,31.0578
Customer18,Cluster18,29.45804
Customer180,Cluster80,30.492599999999985
Customer1800,Cluster100,32.66896666666666
Customer1801,Cluster1,29.031425
Customer1802,Cluster2,31.448200000000014
Customer1804,Cluster4,30.38030000000001
Customer1805,Cluster5,31.772200000000005
Customer1806,Cluster6,28.747300000000024
Customer1807,Cluster7,31.480550000000008
Customer1808,Cluster8,28.90095000000001
Customer1809,Cluster9,28.793799999999987
Customer181,Cluster81,30.454600000000003
Customer1810,Cluster10,27.4511
Customer1811,Cluster11,30.643299999999982
Customer1812,Cluster12,28.924100000000003
Customer1813,Cluster13,32.12409999999999
Customer1814,Cluster14,33.923150000000014
Customer1815,Cluster15,26.03980000000001
Customer1816,Cluster16,29.383300000000006
Customer1817,Cluster17,34.587499999999984
Customer1818,Cluster18,28.352250000000005
Customer1819,Cluster19,29.858399999999996
Customer182,Cluster82,33.61900000000002
Customer1820,Cluster20,30.36849999999999
Customer1821,Cluster21,31.092299999999998
Customer1822,Cluster22,28.253099999999996
Customer1823,Cluster23,29.793700000000005
Customer1824,Cluster24,26.559649999999998
Customer1825,Cluster25,29.584400000000002
Customer1826,Cluster26,30.432449999999996
Customer1827,Cluster27,30.097599999999986
Customer1828,Cluster28,30.971666666666675
Customer1829,Cluster29,30.61945
Customer183,Cluster83,29.380899999999997
Customer1830,Cluster30,28.630200000000002
Customer1833,Cluster33,28.494666666666674
Customer1834,Cluster34,30.266000000000002
Customer1835,Cluster35,28.9904
Customer1836,Cluster36,29.2162
Customer1837,Cluster37,28.09193333333334
Customer1838,Cluster38,31.631200000000003
Customer1839,Cluster39,28.909400000000005
Customer184,Cluster84,28.023199999999992
Customer1840,Cluster40,34.50280000000001
Customer1841,Cluster41,28.453449999999997
Customer1842,Cluster42,28.138899999999996
Customer1843,Cluster43,31.490700000000004
Customer1844,Cluster44,32.899474999999995
Customer1845,Cluster45,33.97140000000001
Customer1847,Cluster47,32.2886
Customer1848,Cluster48,33.11975
Customer1849,Cluster49,35.352
Customer185,Cluster85,28.0302
Customer1850,Cluster50,31.308849999999985
Customer1853,Cluster53,28.9812
Customer1855,Cluster55,30.005300000000013
Customer1856,Cluster56,29.9414
Customer1858,Cluster58,33.96939999999999
Customer1859,Cluster59,30.60674999999999
Customer186,Cluster86,28.62773333333334
Customer1860,Cluster60,29.237466666666666
Customer1861,Cluster61,31.39285000000001
Customer1862,Cluster62,34.90325000000001
Customer1863,Cluster63,30.514050000000008
Customer1864,Cluster64,29.21945
Customer1865,Cluster65,32.2542
Customer1866,Cluster66,30.849799999999995
Customer1867,Cluster67,29.125899999999998
Customer1868,Cluster68,31.8043
Customer1869,Cluster69,31.76020000000001
Customer187,Cluster87,31.625433333333337
Customer1870,Cluster70,29.67484999999999
Customer1871,Cluster71,28.368500000000008
Customer1872,Cluster72,32.6729
Customer1873,Cluster73,30.136700000000005
Customer1874,Cluster74,29.544149999999995
Customer1875,Cluster75,28.28239999999999
Customer1876,Cluster76,32.05603333333334
Customer1877,Cluster77,31.299649999999996
Customer1878,Cluster78,28.306800000000003
Customer1879,Cluster79,29.40423333333334
Customer188,Cluster88,30.923424999999995
Customer1880,Cluster80,29.03150000000001
Customer1881,Cluster81,32.3576
Customer1882,Cluster82,35.99605
Customer1884,Cluster84,30.53533333333333
Customer1885,Cluster85,29.145100000000006
Customer1886,Cluster86,31.21160000000001
Customer1887,Cluster87,29.534066666666664
Customer189,Cluster89,31.0116
Customer1890,Cluster90,28.061633333333322
Customer1891,Cluster91,29.716800000000003
Customer1892,Cluster92,30.211000000000006
Customer1893,Cluster93,33.71200000000002
Customer1894,Cluster94,35.2946
Customer1895,Cluster95,31.09379999999999
Customer1897,Cluster97,32.14555
Customer1898,Cluster98,29.715500000000006
Customer1899,Cluster99,31.493050000000004
Customer19,Cluster19,33.32290000000002
Customer190,Cluster90,28.363249999999994
Customer1900,Cluster100,33.43699999999999
Customer1901,Cluster1,26.74460000000001
Customer1902,Cluster2,26.85329999999999
Customer1904,Cluster4,31.474700000000002
Customer1906,Cluster6,28.72113333333333
Customer1907,Cluster7,33.18030000000002
Customer1909,Cluster9,27.785300000000007
Customer191,Cluster91,31.967149999999997
Customer1910,Cluster10,30.725
Customer1913,Cluster13,33.46550000000002
Customer1914,Cluster14,29.930124999999997
Customer1915,Cluster15,27.85085
Customer1916,Cluster16,33.690000000000026
Customer1918,Cluster18,27.52449999999999
Customer1919,Cluster19,23.599299999999992
Customer1920,Cluster20,31.6112
Customer1921,Cluster21,29.907633333333337
Customer1922,Cluster22,29.219366666666662
Customer1923,Cluster23,30.086000000000006
Customer1924,Cluster24,27.8406
Customer1925,Cluster25,31.011700000000015
Customer1926,Cluster26,30.9386
Customer1927,Cluster27,35.412099999999995
Customer1928,Cluster28,30.470400000000005
Customer1929,Cluster29,31.419900000000013
Customer1930,Cluster30,28.613300000000006
Customer1931,Cluster31,31.087333333333323
Customer1932,Cluster32,30.91455000000002
Customer1934,Cluster34,29.240699999999993
Customer1936,Cluster36,32.065799999999996
Customer1937,Cluster37,28.31590000000001
Customer1938,Cluster38,27.717
Customer1939,Cluster39,27.50099999999999
Customer194,Cluster94,31.5257
Customer1941,Cluster41,31.559599999999996
Customer1942,Cluster42,28.625950000000003
Customer1943,Cluster43,36.12049999999999
Customer1944,Cluster44,31.6464
Customer1945,Cluster45,35.32699999999999
Customer1946,Cluster46,33.279500000000006
Customer1947,Cluster47,32.15465000000002
Customer1949,Cluster49,29.266550000000002
Customer195,Cluster95,30.296099999999992
Customer1950,Cluster50,30.387899999999995
Customer1952,Cluster52,32.11205000000001
Customer1953,Cluster53,30.644299999999998
Customer1955,Cluster55,32.4116
Customer1956,Cluster56,31.911150000000013
Customer1957,Cluster57,27.845800000000008
Customer1958,Cluster58,34.620000000000005
Customer1959,Cluster59,29.141200000000005
Customer196,Cluster96,32.443299999999994
Customer1960,Cluster60,27.867049999999995
Customer1961,Cluster61,29.276350000000004
Customer1962,Cluster62,32.617033333333346
Customer1963,Cluster63,30.1113
Customer1964,Cluster64,28.975299999999994
Customer1965,Cluster65,30.33095000000001
Customer1966,Cluster66,28.283099999999987
Customer1967,Cluster67,26.449800000000014
Customer1968,Cluster68,26.965250000000005
Customer1969,Cluster69,28.259166666666683
Customer197,Cluster97,31.37525
Customer1970,Cluster70,30.3684
Customer1971,Cluster71,31.277399999999997
Customer1972,Cluster72,26.559100000000008
Customer1973,Cluster73,32.242450000000005
Customer1974,Cluster74,31.88315
Customer1975,Cluster75,32.1455
Customer1976,Cluster76,28.4313
Customer1977,Cluster77,30.683100000000003
Customer1978,Cluster78,32.28225000000001
Customer1979,Cluster79,31.546200000000002
Customer198,Cluster98,28.102100000000004
Customer1981,Cluster81,29.24659999999999
Customer1982,Cluster82,27.130149999999997
Customer1984,Cluster84,30.28105000000001
Customer1985,Cluster85,30.25699999999999
Customer1986,Cluster86,30.000799999999998
Customer1987,Cluster87,32.39970000000001
Customer1988,Cluster88,28.13985
Customer1989,Cluster89,34.41110000000001
Customer1990,Cluster90,35.42660000000001
Customer1991,Cluster91,31.43585
Customer1992,Cluster92,23.889300000000002
Customer1993,Cluster93,29.6786
Customer1994,Cluster94,32.68459999999999
Customer1995,Cluster95,32.4965
Customer1996,Cluster96,31.759400000000014
Customer1998,Cluster98,30.03814000000001
Customer1999,Cluster99,32.600999999999985
Customer2,Cluster2,28.547274999999996
Customer20,Cluster20,28.628133333333327
Customer200,Cluster100,24.527
Customer2000,Cluster100,32.354833333333325
Customer201,Cluster1,31.5486
Customer202,Cluster2,29.6464
Customer203,Cluster3,32.24002500000001
Customer204,Cluster4,26.933750000000003
Customer205,Cluster5,28.200100000000006
Customer206,Cluster6,33.46583333333333
Customer207,Cluster7,27.1215
Customer208,Cluster8,30.30575
Customer21,Cluster21,29.758800000000008
Customer210,Cluster10,30.704233333333338
Customer211,Cluster11,28.42793333333333
Customer212,Cluster12,28.0141
Customer213,Cluster13,34.946
Customer214,Cluster14,31.587699999999998
Customer215,Cluster15,32.209533333333326
Customer216,Cluster16,27.112299999999998
Customer217,Cluster17,27.81246666666667
Customer219,Cluster19,30.232449999999986
Customer22,Cluster22,31.391250000000014
Customer220,Cluster20,25.83920000000001
Customer221,Cluster21,30.096250000000012
Customer222,Cluster22,29.237099999999987
Customer223,Cluster23,31.747850000000007
Customer224,Cluster24,26.517200000000003
Customer225,Cluster25,28.76730000000001
Customer226,Cluster26,36.5667
Customer228,Cluster28,32.44260000000001
Customer229,Cluster29,29.014300000000002
Customer230,Cluster30,33.9922
Customer231,Cluster31,30.076299999999993
Customer232,Cluster32,35.5067
Customer233,Cluster33,34.17849999999999
Customer234,Cluster34,27.877299999999998
Customer235,Cluster35,29.712199999999996
Customer236,Cluster36,29.15463333333334
Customer237,Cluster37,29.094099999999994
Customer238,Cluster38,31.445949999999996
Customer239,Cluster39,32.64255
Customer24,Cluster24,26.24400000000001
Customer240,Cluster40,36.1914
Customer241,Cluster41,30.99766666666667
Customer242,Cluster42,30.29655
Customer243,Cluster43,32.32920000000001
Customer244,Cluster44,30.437000000000005
Customer245,Cluster45,28.9407
Customer246,Cluster46,34.462500000000006
Customer247,Cluster47,26.810800000000004
Customer248,Cluster48,30.201899999999995
Customer249,Cluster49,33.2839
Customer25,Cluster25,28.87489999999999
Customer250,Cluster50,36.398250000000004
Customer251,Cluster51,30.797925000000003
Customer252,Cluster52,35.25540000000001
Customer253,Cluster53,32.2598
Customer254,Cluster54,27.677649999999996
Customer255,Cluster55,28.19820000000001
Customer256,Cluster56,31.323850000000007
Customer257,Cluster57,33.27680000000001
Customer258,Cluster58,29.09865
Customer259,Cluster59,32.16603333333333
Customer26,Cluster26,35.8095
Customer260,Cluster60,29.368950000000005
Customer261,Cluster61,35.392399999999995
Customer262,Cluster62,28.541850000000004
Customer264,Cluster64,31.274099999999997
Customer266,Cluster66,30.66163333333333
Customer267,Cluster67,28.999124999999996
Customer27,Cluster27,32.66260000000001
Customer270,Cluster70,31.092250000000007
Customer271,Cluster71,27.115849999999995
Customer272,Cluster72,28.403549999999996
Customer273,Cluster73,30.729450000000007
Customer274,Cluster74,30.882500000000007
Customer275,Cluster75,32.95555
Customer276,Cluster76,36.20249999999999
Customer277,Cluster77,27.654700000000005
Customer278,Cluster78,27.842100000000002
Customer279,Cluster79,28.150500000000008
Customer28,Cluster28,30.848000000000006
Customer280,Cluster80,28.628850000000003
Customer281,Cluster81,30.503549999999997
Customer283,Cluster83,28.133900000000008
Customer284,Cluster84,29.399549999999987
Customer285,Cluster85,32.35895
Customer286,Cluster86,31.564249999999994
Customer287,Cluster87,26.083899999999993
Customer288,Cluster88,29.077866666666665
Customer289,Cluster89,31.064650000000007
Customer29,Cluster29,30.02060000000001
Customer290,Cluster90,35.436699999999995
Customer291,Cluster91,24.196699999999996
Customer292,Cluster92,28.55605
Customer293,Cluster93,30.525600000000004
Customer295,Cluster95,28.542700000000004
Customer298,Cluster98,32.45380000000001
Customer299,Cluster99,31.01659999999999
Customer3,Cluster3,31.406750000000002
Customer30,Cluster30,31.472866666666672
Customer300,Cluster100,31.2032
Customer301,Cluster1,29.959399999999995
Customer303,Cluster3,28.565800000000014
Customer304,Cluster4,29.44574
Customer305,Cluster5,30.890350000000005
Customer306,Cluster6,26.476566666666674
Customer307,Cluster7,27.904700000000016
Customer308,Cluster8,30.08315
Customer31,Cluster31,28.238199999999992
Customer310,Cluster10,29.238700000000005
Customer311,Cluster11,30.126900000000003
Customer312,Cluster12,27.836625
Customer313,Cluster13,27.751166666666666
Customer314,Cluster14,31.40849999999999
Customer315,Cluster15,27.9135
Customer316,Cluster16,27.724550000000004
Customer317,Cluster17,31.534600000000005
Customer318,Cluster18,29.536599999999993
Customer319,Cluster19,31.740199999999998
Customer32,Cluster32,28.723775000000003
Customer320,Cluster20,31.839550000000003
Customer321,Cluster21,31.8959
Customer322,Cluster22,31.111275000000006
Customer323,Cluster23,31.54175
Customer324,Cluster24,33.861850000000004
Customer325,Cluster25,32.26540000000001
Customer327,Cluster27,29.386360000000007
Customer328,Cluster28,28.436125
Customer329,Cluster29,30.854800000000015
Customer33,Cluster33,30.06910000000001
Customer330,Cluster30,27.862550000000006
Customer331,Cluster31,28.3014
Customer332,Cluster32,26.80853333333333
Customer333,Cluster33,28.31969999999999
Customer335,Cluster35,30.901933333333332
Customer336,Cluster36,29.254466666666673
Customer337,Cluster37,25.7773
Customer339,Cluster39,29.275599999999997
Customer34,Cluster34,32.83720000000001
Customer340,Cluster40,28.361866666666668
Customer341,Cluster41,29.411350000000002
Customer343,Cluster43,28.982800000000008
Customer344,Cluster44,28.64494999999999
Customer345,Cluster45,31.796699999999998
Customer346,Cluster46,28.027350000000006
Customer347,Cluster47,34.385899999999985
Customer348,Cluster48,30.14090000000001
Customer349,Cluster49,27.88270000000001
Customer35,Cluster35,27.25669999999999
Customer350,Cluster50,31.282300000000006
Customer351,Cluster51,29.761233333333337
Customer352,Cluster52,29.58170000000001
Customer353,Cluster53,33.16910000000001
Customer354,Cluster54,29.443774999999995
Customer355,Cluster55,33.37489999999999
Customer356,Cluster56,33.471300000000014
Customer357,Cluster57,29.719025
Customer358,Cluster58,29.463800000000006
Customer359,Cluster59,30.5597
Customer36,Cluster36,30.958133333333336
Customer362,Cluster62,28.375350000000005
Customer364,Cluster64,31.53470000000001
Customer365,Cluster65,30.636849999999995
Customer367,Cluster67,34.3455
Customer368,Cluster68,32.931333333333335
Customer369,Cluster69,28.296999999999997
Customer37,Cluster37,32.4119
Customer370,Cluster70,32.149
Customer371,Cluster71,28.907650000000018
Customer372,Cluster72,30.199366666666663
Customer373,Cluster73,32.545800000000014
Customer375,Cluster75,29.70753333333334
Customer377,Cluster77,30.935750000000002
Customer378,Cluster78,29.998166666666673
Customer379,Cluster79,32.918200000000006
Customer38,Cluster38,29.482799999999997
Customer380,Cluster80,31.3872
Customer381,Cluster81,27.17090000000001
Customer382,Cluster82,29.872000000000003
Customer383,Cluster83,31.255699999999994
Customer384,Cluster84,29.394450000000006
Customer385,Cluster85,24.908099999999994
Customer387,Cluster87,30.000199999999996
Customer388,Cluster88,29.932999999999993
Customer389,Cluster89,28.285139999999995
Customer39,Cluster39,28.439999999999994
Customer390,Cluster90,32.53884999999999
Customer391,Cluster91,30.346900000000012
Customer392,Cluster92,27.782050000000005
Customer393,Cluster93,29.277100000000004
Customer394,Cluster94,27.1231
Customer395,Cluster95,31.029200000000003
Customer397,Cluster97,31.689
Customer398,Cluster98,36.07300000000001
Customer399,Cluster99,28.312075
Customer4,Cluster4,32.314799999999984
Customer40,Cluster40,32.568633333333324
Customer400,Cluster100,33.363449999999986
Customer401,Cluster1,30.397566666666666
Customer402,Cluster2,34.99110000000001
Customer403,Cluster3,32.0189
Customer404,Cluster4,30.176400000000005
Customer405,Cluster5,36.50800000000002
Customer406,Cluster6,29.152433333333324
Customer407,Cluster7,26.45360000000001
Customer409,Cluster9,32.21766666666666
Customer41,Cluster41,30.807549999999992
Customer410,Cluster10,28.616433333333333
Customer411,Cluster11,28.74550000000001
Customer412,Cluster12,27.473799999999997
Customer413,Cluster13,30.883149999999993
Customer414,Cluster14,31.280500000000007
Customer416,Cluster16,28.129849999999998
Customer417,Cluster17,26.0295
Customer42,Cluster42,29.222800000000003
Customer420,Cluster20,33.2292
Customer422,Cluster22,29.980100000000007
Customer423,Cluster23,27.92530000000001
Customer424,Cluster24,30.159533333333332
Customer425,Cluster25,32.06190000000001
Customer426,Cluster26,29.16259999999999
Customer427,Cluster27,34.581500000000005
Customer429,Cluster29,31.202133333333354
Customer43,Cluster43,30.10685
Customer430,Cluster30,30.566799999999997
Customer431,Cluster31,30.660600000000006
Customer432,Cluster32,28.599433333333337
Customer434,Cluster34,31.18596666666667
Customer436,Cluster36,33.473000000000006
Customer438,Cluster38,34.727099999999986
Customer439,Cluster39,31.329649999999997
Customer440,Cluster40,32.80916666666666
Customer441,Cluster41,28.67030000000001
Customer442,Cluster42,27.011699999999998
Customer443,Cluster43,36.15930000000001
Customer444,Cluster44,30.290499999999998
Customer445,Cluster45,33.60540000000001
Customer446,Cluster46,34.220499999999994
Customer447,Cluster47,30.03812
Customer448,Cluster48,31.68100000000001
Customer45,Cluster45,27.73026666666668
Customer451,Cluster51,28.580399999999997
Customer452,Cluster52,31.15973333333333
Customer453,Cluster53,32.5902
Customer455,Cluster55,29.61825
Customer456,Cluster56,31.885850000000005
Customer458,Cluster58,32.08605
Customer459,Cluster59,28.732499999999998
Customer46,Cluster46,33.5789
Customer460,Cluster60,31.36923333333333
Customer461,Cluster61,27.463725000000004
Customer462,Cluster62,29.276500000000002
Customer463,Cluster63,27.79300000000001
Customer464,Cluster64,31.014900000000004
Customer466,Cluster66,37.04594999999998
Customer467,Cluster67,33.85183333333334
Customer468,Cluster68,28.183750000000003
Customer469,Cluster69,27.90529999999999
Customer47,Cluster47,32.10045
Customer470,Cluster70,29.778900000000007
Customer471,Cluster71,30.403525000000002
Customer472,Cluster72,29.74819999999999
Customer473,Cluster73,29.304150000000003
Customer474,Cluster74,31.643533333333327
Customer475,Cluster75,30.8851
Customer476,Cluster76,30.150600000000008
Customer477,Cluster77,30.052649999999993
Customer478,Cluster78,36.437099999999994
Customer479,Cluster79,29.3723
Customer48,Cluster48,31.21904999999999
Customer480,Cluster80,29.88579999999999
Customer482,Cluster82,31.935900000000007
Customer483,Cluster83,33.3419
Customer484,Cluster84,30.892900000000004
Customer485,Cluster85,22.65820000000001
Customer486,Cluster86,25.77445
Customer487,Cluster87,26.434300000000007
Customer489,Cluster89,30.454200000000007
Customer49,Cluster49,30.66779999999999
Customer490,Cluster90,27.552566666666664
Customer491,Cluster91,30.081900000000015
Customer494,Cluster94,32.1881
Customer495,Cluster95,28.896899999999995
Customer496,Cluster96,30.845799999999997
Customer497,Cluster97,30.78216666666667
Customer498,Cluster98,34.07290000000002
Customer499,Cluster99,30.671699999999994
Customer5,Cluster5,31.03703333333334
Customer50,Cluster50,34.53879999999997
Customer500,Cluster100,31.382374999999996
Customer502,Cluster2,30.5765
Customer504,Cluster4,27.5239
Customer505,Cluster5,25.61970000000001
Customer506,Cluster6,29.955466666666666
Customer507,Cluster7,30.3063
Customer508,Cluster8,30.081700000000005
Customer509,Cluster9,30.798000000000016
Customer510,Cluster10,30.618300000000005
Customer511,Cluster11,28.998066666666674
Customer512,Cluster12,25.651449999999997
Customer513,Cluster13,26.943900000000014
Customer514,Cluster14,29.73932499999999
Customer515,Cluster15,29.739733333333334
Customer516,Cluster16,28.415900000000008
Customer518,Cluster18,27.982499999999987
Customer519,Cluster19,30.17070000000002
Customer52,Cluster52,30.41746666666667
Customer520,Cluster20,31.55346666666666
Customer521,Cluster21,29.985749999999996
Customer522,Cluster22,32.69999999999999
Customer523,Cluster23,28.865824999999994
Customer524,Cluster24,32.4503
Customer525,Cluster25,28.954800000000002
Customer526,Cluster26,31.44875000000001
Customer527,Cluster27,31.97655
Customer528,Cluster28,31.426300000000012
Customer529,Cluster29,29.375400000000003
Customer53,Cluster53,29.70480000000001
Customer530,Cluster30,28.043666666666667
Customer531,Cluster31,31.52535000000001
Customer532,Cluster32,30.046149999999997
Customer533,Cluster33,28.3149
Customer535,Cluster35,27.5192
Customer536,Cluster36,30.4595
Customer537,Cluster37,30.932199999999995
Customer538,Cluster38,32.49929999999998
Customer54,Cluster54,32.90350000000001
Customer541,Cluster41,30.091800000000006
Customer542,Cluster42,29.96914999999999
Customer543,Cluster43,30.778550000000003
Customer544,Cluster44,31.16810000000001
Customer545,Cluster45,31.413366666666665
Customer546,Cluster46,28.206850000000003
Customer548,Cluster48,33.098800000000004
Customer549,Cluster49,30.035200000000003
Customer55,Cluster55,29.88595000000001
Customer550,Cluster50,30.766750000000002
Customer551,Cluster51,30.499533333333346
Customer552,Cluster52,30.314
Customer553,Cluster53,34.466249999999995
Customer554,Cluster54,28.271933333333333
Customer556,Cluster56,27.5292
Customer557,Cluster57,31.977899999999995
Customer56,Cluster56,36.56060000000001
Customer560,Cluster60,23.319800000000008
Customer561,Cluster61,30.3183
Customer563,Cluster63,23.85010000000001
Customer564,Cluster64,29.63506666666666
Customer565,Cluster65,32.19930000000001
Customer566,Cluster66,25.212466666666668
Customer567,Cluster67,26.393600000000006
Customer568,Cluster68,32.347199999999994
Customer569,Cluster69,30.391999999999992
Customer57,Cluster57,27.41199999999999
Customer570,Cluster70,28.201033333333342
Customer571,Cluster71,30.00925
Customer572,Cluster72,30.296649999999996
Customer573,Cluster73,28.628799999999995
Customer574,Cluster74,33.6058
Customer575,Cluster75,28.588249999999988
Customer576,Cluster76,29.069666666666667
Customer577,Cluster77,28.061400000000003
Customer578,Cluster78,28.893300000000014
Customer579,Cluster79,32.095150000000004
Customer58,Cluster58,32.60155
Customer580,Cluster80,27.010033333333336
Customer581,Cluster81,31.94283333333333
Customer582,Cluster82,29.898549999999997
Customer583,Cluster83,26.774199999999997
Customer584,Cluster84,31.298450000000006
Customer585,Cluster85,24.21520000000001
Customer586,Cluster86,27.08475
Customer587,Cluster87,27.779100000000003
Customer588,Cluster88,33.1319
Customer589,Cluster89,28.067199999999993
Customer591,Cluster91,29.56215
Customer592,Cluster92,26.643899999999995
Customer593,Cluster93,31.399700000000003
Customer594,Cluster94,30.45995
Customer595,Cluster95,28.0033
Customer597,Cluster97,33.30233333333334
Customer599,Cluster99,30.45904999999999
Customer6,Cluster6,29.60875
Customer60,Cluster60,29.54765
Customer600,Cluster100,29.007500000000004
Customer601,Cluster1,31.589199999999995
Customer602,Cluster2,29.096466666666668
Customer603,Cluster3,34.82119999999999
Customer604,Cluster4,26.217799999999993
Customer605,Cluster5,32.6901
Customer606,Cluster6,26.477149999999995
Customer608,Cluster8,30.076766666666675
Customer609,Cluster9,31.109500000000015
Customer61,Cluster61,32.405033333333336
Customer610,Cluster10,27.1566
Customer612,Cluster12,27.704500000000017
Customer613,Cluster13,29.094699999999996
Customer615,Cluster15,30.755500000000005
Customer616,Cluster16,28.9238
Customer619,Cluster19,34.1331
Customer62,Cluster62,31.692449999999994
Customer620,Cluster20,30.99813333333334
Customer621,Cluster21,32.808800000000005
Customer622,Cluster22,32.716133333333325
Customer623,Cluster23,29.561
Customer624,Cluster24,31.10739999999998
Customer626,Cluster26,31.815799999999996
Customer627,Cluster27,31.088549999999998
Customer629,Cluster29,31.225600000000004
Customer63,Cluster63,27.438250000000007
Customer630,Cluster30,29.525650000000006
Customer632,Cluster32,29.64385
Customer633,Cluster33,32.4695
Customer634,Cluster34,24.653749999999995
Customer635,Cluster35,28.8473
Customer636,Cluster36,33.00006666666666
Customer637,Cluster37,31.390349999999998
Customer638,Cluster38,34.59860000000001
Customer639,Cluster39,34.2865
Customer64,Cluster64,30.74373333333334
Customer640,Cluster40,29.604350000000004
Customer641,Cluster41,24.983199999999993
Customer643,Cluster43,30.3831
Customer645,Cluster45,31.72615000000001
Customer646,Cluster46,30.668300000000002
Customer647,Cluster47,32.81283333333333
Customer648,Cluster48,31.515199999999997
Customer649,Cluster49,25.544749999999993
Customer65,Cluster65,30.00959999999999
Customer650,Cluster50,31.51595
Customer651,Cluster51,31.510599999999997
Customer652,Cluster52,28.78579999999999
Customer653,Cluster53,30.735499999999988
Customer654,Cluster54,31.84816666666666
Customer655,Cluster55,32.34386666666668
Customer656,Cluster56,32.673300000000005
Customer657,Cluster57,27.726450000000007
Customer658,Cluster58,31.116766666666663
Customer659,Cluster59,30.64815
Customer660,Cluster60,27.676499999999997
Customer661,Cluster61,34.055899999999994
Customer662,Cluster62,29.9483
Customer665,Cluster65,27.34330000000001
Customer666,Cluster66,26.087699999999998
Customer667,Cluster67,30.707600000000003
Customer669,Cluster69,28.446699999999993
Customer67,Cluster67,29.1937
Customer670,Cluster70,29.554850000000016
Customer672,Cluster72,29.9648
Customer673,Cluster73,29.225099999999987
Customer674,Cluster74,30.1103
Customer675,Cluster75,25.999940000000002
Customer677,Cluster77,25.286199999999994
Customer678,Cluster78,26.671650000000003
Customer679,Cluster79,30.243999999999993
Customer68,Cluster68,30.8806
Customer681,Cluster81,26.28255
Customer682,Cluster82,31.11970000000001
Customer683,Cluster83,28.668150000000004
Customer684,Cluster84,26.092500000000015
Customer686,Cluster86,31.755350000000004
Customer688,Cluster88,28.735700000000012
Customer690,Cluster90,27.417699999999996
Customer691,Cluster91,26.41678
Customer692,Cluster92,33.76589999999999
Customer693,Cluster93,28.707200000000007
Customer695,Cluster95,26.259733333333326
Customer696,Cluster96,31.492399999999996
Customer697,Cluster97,28.270100000000006
Customer698,Cluster98,32.18890000000001
Customer700,Cluster100,34.44405
Customer701,Cluster1,30.351650000000006
Customer702,Cluster2,36.46559999999999
Customer703,Cluster3,33.08570000000001
Customer705,Cluster5,33.4025
Customer706,Cluster6,30.533233333333328
Customer707,Cluster7,28.647949999999994
Customer708,Cluster8,25.714300000000012
Customer71,Cluster71,29.65365
Customer710,Cluster10,32.197300000000006
Customer712,Cluster12,33.30019999999999
Customer713,Cluster13,33.7076
Customer714,Cluster14,30.436425
Customer716,Cluster16,31.920099999999998
Customer717,Cluster17,29.300750000000008
Customer718,Cluster18,28.267000000000007
Customer719,Cluster19,32.92829999999999
Customer72,Cluster72,24.104000000000006
Customer720,Cluster20,28.357649999999992
Customer722,Cluster22,31.02735
Customer723,Cluster23,30.2887
Customer724,Cluster24,29.301599999999993
Customer725,Cluster25,29.48690000000001
Customer726,Cluster26,27.311299999999996
Customer727,Cluster27,30.450749999999996
Customer728,Cluster28,31.453249999999997
Customer729,Cluster29,29.0086
Customer73,Cluster73,27.90189999999999
Customer730,Cluster30,29.656900000000014
Customer731,Cluster31,30.237866666666672
Customer732,Cluster32,31.936999999999994
Customer733,Cluster33,31.446680000000004
Customer734,Cluster34,31.849625
Customer735,Cluster35,28.950633333333325
Customer736,Cluster36,29.73150000000001
Customer737,Cluster37,28.156875
Customer738,Cluster38,32.2041
Customer739,Cluster39,27.679799999999993
Customer74,Cluster74,28.12566666666667
Customer741,Cluster41,34.602500000000006
Customer742,Cluster42,29.010533333333328
Customer743,Cluster43,31.636249999999997
Customer744,Cluster44,34.9735
Customer745,Cluster45,30.643650000000004
Customer746,Cluster46,26.406099999999995
Customer747,Cluster47,28.902750000000005
Customer748,Cluster48,32.0415
Customer749,Cluster49,29.8587
Customer75,Cluster75,28.762175
Customer750,Cluster50,34.12156666666667
Customer751,Cluster51,32.97116666666667
Customer752,Cluster52,32.508266666666664
Customer753,Cluster53,33.6445
Customer754,Cluster54,32.9801
Customer755,Cluster55,26.746100000000016
Customer756,Cluster56,26.174399999999995
Customer757,Cluster57,31.1519
Customer759,Cluster59,29.137400000000007
Customer76,Cluster76,30.31405000000001
Customer760,Cluster60,28.645675000000004
Customer761,Cluster61,26.948400000000003
Customer762,Cluster62,31.0669
Customer763,Cluster63,30.700699999999994
Customer764,Cluster64,30.816250000000004
Customer765,Cluster65,35.27890000000001
Customer766,Cluster66,22.4894
Customer769,Cluster69,29.753199999999996
Customer77,Cluster77,30.39880000000001
Customer770,Cluster70,31.314699999999995
Customer771,Cluster71,29.8324
Customer772,Cluster72,29.859250000000003
Customer773,Cluster73,29.4377
Customer774,Cluster74,27.915833333333335
Customer777,Cluster77,26.19035000000001
Customer778,Cluster78,29.795780000000008
Customer779,Cluster79,30.065099999999994
Customer78,Cluster78,28.50360000000001
Customer780,Cluster80,32.259800000000006
Customer781,Cluster81,32.17450000000001
Customer782,Cluster82,28.686399999999995
Customer783,Cluster83,30.1704
Customer784,Cluster84,26.195400000000006
Customer785,Cluster85,31.121400000000005
Customer786,Cluster86,32.0853
Customer787,Cluster87,28.51910000000001
Customer788,Cluster88,29.478500000000007
Customer789,Cluster89,29.49940000000001
Customer79,Cluster79,32.272533333333335
Customer790,Cluster90,27.50769999999999
Customer791,Cluster91,33.66049999999999
Customer792,Cluster92,27.584750000000003
Customer793,Cluster93,30.173
Customer794,Cluster94,30.94665
Customer795,Cluster95,33.135099999999994
Customer797,Cluster97,28.316133333333337
Customer798,Cluster98,25.967249999999986
Customer799,Cluster99,30.122299999999985
Customer8,Cluster8,26.20460000000001
Customer800,Cluster100,28.898500000000006
Customer801,Cluster1,30.34766666666667
Customer803,Cluster3,32.71775
Customer804,Cluster4,29.26270000000001
Customer805,Cluster5,34.02079999999998
Customer806,Cluster6,32.800700000000006
Customer807,Cluster7,28.214999999999996
Customer808,Cluster8,29.587900000000005
Customer809,Cluster9,31.71896666666667
Customer81,Cluster81,31.928700000000006
Customer811,Cluster11,30.54885000000001
Customer812,Cluster12,31.307033333333333
Customer814,Cluster14,27.843400000000006
Customer815,Cluster15,30.244600000000002
Customer816,Cluster16,30.241966666666656
Customer817,Cluster17,31.443700000000003
Customer818,Cluster18,27.58179999999998
Customer819,Cluster19,19.6862
Customer820,Cluster20,31.399433333333334
Customer822,Cluster22,26.948399999999996
Customer823,Cluster23,33.36332500000001
Customer825,Cluster25,31.386899999999997
Customer826,Cluster26,29.105000000000004
Customer827,Cluster27,28.59069999999999
Customer828,Cluster28,32.69851666666667
Customer829,Cluster29,25.21789999999999
Customer83,Cluster83,29.826900000000006
Customer830,Cluster30,28.716599999999993
Customer831,Cluster31,28.44055
Customer833,Cluster33,34.17440000000001
Customer834,Cluster34,36.226600000000005
Customer835,Cluster35,30.771949999999983
Customer837,Cluster37,29.709925000000002
Customer838,Cluster38,28.450266666666668
Customer84,Cluster84,29.365625
Customer840,Cluster40,24.488899999999997
Customer841,Cluster41,30.95396666666667
Customer842,Cluster42,31.03154999999999
Customer843,Cluster43,31.25155
Customer844,Cluster44,31.659
Customer845,Cluster45,31.138875
Customer846,Cluster46,25.931199999999986
Customer847,Cluster47,25.4978
Customer848,Cluster48,34.2633
Customer849,Cluster49,31.038500000000003
Customer85,Cluster85,30.146099999999993
Customer850,Cluster50,29.44789999999999
Customer851,Cluster51,29.463949999999993
Customer852,Cluster52,30.86876666666666
Customer853,Cluster53,30.769349999999992
Customer854,Cluster54,29.502099999999988
Customer855,Cluster55,22.7383
Customer857,Cluster57,31.456900000000008
Customer858,Cluster58,29.874000000000013
Customer86,Cluster86,30.798000000000002
Customer860,Cluster60,33.802499999999995
Customer861,Cluster61,26.043900000000004
Customer862,Cluster62,32.99324999999999
Customer864,Cluster64,31.736000000000004
Customer865,Cluster65,28.214850000000002
Customer866,Cluster66,23.49319999999999
Customer867,Cluster67,28.133600000000005
Customer868,Cluster68,33.286425
Customer869,Cluster69,29.991659999999996
Customer87,Cluster87,30.95853333333335
Customer871,Cluster71,30.81256666666667
Customer872,Cluster72,27.251300000000004
Customer873,Cluster73,34.5263
Customer874,Cluster74,27.034549999999996
Customer875,Cluster75,31.843100000000007
Customer876,Cluster76,30.508866666666677
Customer877,Cluster77,30.975549999999995
Customer878,Cluster78,30.874050000000004
Customer879,Cluster79,31.44330000000001
Customer88,Cluster88,32.553000000000026
Customer880,Cluster80,30.267499999999995
Customer883,Cluster83,32.362649999999995
Customer885,Cluster85,29.844266666666673
Customer886,Cluster86,34.4189
Customer887,Cluster87,30.1989
Customer888,Cluster88,32.6814
Customer889,Cluster89,33.68039999999999
Customer89,Cluster89,32.26826666666667
Customer890,Cluster90,31.42250000000002
Customer892,Cluster92,27.686999999999994
Customer893,Cluster93,29.225700000000007
Customer894,Cluster94,28.20586666666667
Customer896,Cluster96,30.99043333333334
Customer899,Cluster99,25.114300000000007
Customer9,Cluster9,28.27325
Customer90,Cluster90,32.46143333333333
Customer902,Cluster2,31.924900000000008
Customer903,Cluster3,27.596633333333347
Customer904,Cluster4,22.953599999999994
Customer906,Cluster6,29.600249999999996
Customer907,Cluster7,28.37375
Customer908,Cluster8,30.538400000000006
Customer91,Cluster91,29.011266666666668
Customer910,Cluster10,29.455175000000008
Customer911,Cluster11,31.861800000000002
Customer912,Cluster12,30.905066666666666
Customer913,Cluster13,31.455099999999998
Customer915,Cluster15,24.305500000000006
Customer917,Cluster17,31.950899999999994
Customer918,Cluster18,30.78612500000001
Customer919,Cluster19,30.423500000000004
Customer92,Cluster92,31.1765
Customer920,Cluster20,25.348200000000013
Customer921,Cluster21,30.589366666666667
Customer922,Cluster22,28.20615
Customer923,Cluster23,32.30450000000001
Customer924,Cluster24,27.038899999999984
Customer925,Cluster25,23.965200000000003
Customer926,Cluster26,29.654899999999987
Customer927,Cluster27,28.653550000000003
Customer928,Cluster28,33.115
Customer929,Cluster29,30.45905
Customer93,Cluster93,28.64495
Customer931,Cluster31,30.598166666666657
Customer932,Cluster32,30.002100000000013
Customer933,Cluster33,23.75349999999998
Customer934,Cluster34,32.15303333333333
Customer935,Cluster35,31.377249999999997
Customer936,Cluster36,28.880650000000003
Customer937,Cluster37,28.408449999999995
Customer938,Cluster38,28.16850000000001
Customer939,Cluster39,31.32645
Customer94,Cluster94,29.611400000000003
Customer940,Cluster40,29.61860000000002
Customer943,Cluster43,29.80570000000002
Customer945,Cluster45,29.88576666666667
Customer948,Cluster48,31.04270000000001
Customer949,Cluster49,31.236866666666668
Customer95,Cluster95,33.12976666666666
Customer950,Cluster50,29.1414
Customer951,Cluster51,33.0874
Customer952,Cluster52,31.62889999999999
Customer953,Cluster53,27.67129999999999
Customer954,Cluster54,34.89723333333334
Customer955,Cluster55,29.367250000000006
Customer957,Cluster57,31.058833333333325
Customer96,Cluster96,30.780199999999997
Customer960,Cluster60,28.7461
Customer961,Cluster61,30.800833333333333
Customer962,Cluster62,30.592450000000014
Customer963,Cluster63,32.48469999999999
Customer964,Cluster64,31.475200000000008
Customer965,Cluster65,31.017599999999995
Customer966,Cluster66,27.0325
Customer967,Cluster67,34.799800000000005
Customer968,Cluster68,31.736133333333328
Customer969,Cluster69,27.81483333333333
Customer97,Cluster97,31.27016666666667
Customer970,Cluster70,36.14559999999999
Customer972,Cluster72,30.670350000000006
Customer973,Cluster73,30.5569
Customer974,Cluster74,26.662799999999997
Customer975,Cluster75,27.643099999999997
Customer976,Cluster76,30.67363333333334
Customer977,Cluster77,27.78266666666667
Customer978,Cluster78,31.197999999999997
Customer979,Cluster79,28.465700000000005
Customer98,Cluster98,24.6875
Customer980,Cluster80,28.72096666666667
Customer981,Cluster81,26.483800000000002
Customer983,Cluster83,30.43309999999999
Customer984,Cluster84,28.84656666666667
Customer985,Cluster85,30.865800000000018
Customer986,Cluster86,28.46859999999999
Customer988,Cluster88,24.3966
Customer989,Cluster89,30.238700000000005
Customer99,Cluster99,28.926375
Customer990,Cluster90,25.976499999999998
Customer992,Cluster92,29.580566666666666
Customer993,Cluster93,32.995
Customer994,Cluster94,26.6959
Customer995,Cluster95,29.259399999999992
Customer996,Cluster96,32.390800000000006
Customer998,Cluster98,26.80129999999999
Customer999,Cluster99,30.524
