Customer_ID,Cluster_ID,MS_Requirement_Predicted
Customer1,Cluster1,30.068466666666666
Customer10,Cluster10,32.16389999999999
Customer100,Cluster100,32.0871
Customer1000,Cluster100,27.67639999999999
Customer1001,Cluster1,34.2608
Customer1003,Cluster3,32.47960000000001
Customer1004,Cluster4,28.9637
Customer1005,Cluster5,32.37140000000001
Customer1006,Cluster6,31.002100000000013
Customer1007,Cluster7,26.775900000000007
Customer1008,Cluster8,31.027400000000007
Customer1009,Cluster9,30.687775
Customer101,Cluster1,33.20829999999999
Customer1010,Cluster10,30.499766666666662
Customer1011,Cluster11,29.30019999999999
Customer1012,Cluster12,26.470100000000002
Customer1013,Cluster13,32.32009999999998
Customer1014,Cluster14,33.5239
Customer1015,Cluster15,33.7138
Customer1016,Cluster16,31.62565
Customer1017,Cluster17,29.854300000000006
Customer1018,Cluster18,30.405525000000008
Customer1019,Cluster19,30.502000000000006
Customer102,Cluster2,27.894766666666666
Customer1020,Cluster20,25.742033333333342
Customer1021,Cluster21,30.030199999999997
Customer1022,Cluster22,29.18380000000002
Customer1023,Cluster23,25.508649999999996
Customer1024,Cluster24,27.501533333333345
Customer1025,Cluster25,27.394499999999997
Customer1026,Cluster26,30.522199999999998
Customer1027,Cluster27,28.126899999999992
Customer1028,Cluster28,24.951300000000007
Customer103,Cluster3,27.549699999999984
Customer1030,Cluster30,30.545749999999984
Customer1032,Cluster32,27.278700000000004
Customer1033,Cluster33,29.54670000000001
Customer1034,Cluster34,25.739599999999996
Customer1035,Cluster35,26.028833333333335
Customer1036,Cluster36,30.323700000000017
Customer1037,Cluster37,31.324500000000008
Customer1038,Cluster38,30.398533333333337
Customer1039,Cluster39,31.376099999999987
Customer104,Cluster4,32.04535
Customer1040,Cluster40,30.921499999999995
Customer1041,Cluster41,25.79420000000001
Customer1042,Cluster42,35.63399999999999
Customer1044,Cluster44,31.776249999999994
Customer1045,Cluster45,27.307500000000008
Customer1046,Cluster46,29.95315
Customer1047,Cluster47,21.9098
Customer1049,Cluster49,26.08383333333334
Customer105,Cluster5,27.506800000000013
Customer1050,Cluster50,27.710974999999998
Customer1051,Cluster51,26.525399999999998
Customer1052,Cluster52,32.7617
Customer1053,Cluster53,31.870800000000013
Customer1054,Cluster54,27.922225000000005
Customer1055,Cluster55,25.821500000000004
Customer1056,Cluster56,32.15755
Customer1057,Cluster57,29.386099999999978
Customer1058,Cluster58,25.822375000000005
Customer1059,Cluster59,30.389933333333335
Customer106,Cluster6,27.698100000000004
Customer1060,Cluster60,31.15739999999999
Customer1061,Cluster61,29.267599999999984
Customer1062,Cluster62,25.108299999999996
Customer1064,Cluster64,35.644899999999986
Customer1065,Cluster65,28.50160000000001
Customer1066,Cluster66,28.48245000000001
Customer1067,Cluster67,32.82810000000001
Customer1068,Cluster68,28.439700000000002
Customer1069,Cluster69,30.176499999999997
Customer107,Cluster7,35.38299999999999
Customer1070,Cluster70,30.576100000000004
Customer1071,Cluster71,30.882166666666663
Customer1072,Cluster72,25.892399999999995
Customer1073,Cluster73,30.03600000000001
Customer1074,Cluster74,29.458150000000007
Customer1075,Cluster75,32.302499999999995
Customer1076,Cluster76,29.658233333333328
Customer1077,Cluster77,30.523619999999994
Customer108,Cluster8,30.271125000000012
Customer1080,Cluster80,30.73424999999999
Customer1082,Cluster82,29.601866666666677
Customer1083,Cluster83,33.371399999999994
Customer1084,Cluster84,30.649600000000007
Customer1085,Cluster85,25.928999999999988
Customer1086,Cluster86,30.8946
Customer1087,Cluster87,27.214599999999994
Customer1088,Cluster88,21.861899999999995
Customer1089,Cluster89,26.219900000000003
Customer109,Cluster9,32.7607
Customer1091,Cluster91,29.799500000000005
Customer1092,Cluster92,30.928924999999996
Customer1094,Cluster94,31.03673333333334
Customer1095,Cluster95,32.83086666666666
Customer1097,Cluster97,21.427500000000006
Customer1098,Cluster98,30.310299999999987
Customer1099,Cluster99,33.519199999999984
Customer11,Cluster11,36.8446
Customer110,Cluster10,32.05873333333334
Customer1102,Cluster2,27.149100000000004
Customer1103,Cluster3,28.089000000000013
Customer1104,Cluster4,30.318200000000004
Customer1105,Cluster5,27.6552
Customer1106,Cluster6,29.862050000000004
Customer1107,Cluster7,26.4142
Customer1108,Cluster8,32.884150000000005
Customer1109,Cluster9,27.76509999999999
Customer111,Cluster11,29.94293333333333
Customer1110,Cluster10,29.8168
Customer1111,Cluster11,25.220399999999994
Customer1112,Cluster12,22.4716
Customer1113,Cluster13,23.798700000000007
Customer1114,Cluster14,25.711800000000004
Customer1116,Cluster16,28.70583333333333
Customer1117,Cluster17,25.14045
Customer1118,Cluster18,29.31183333333334
Customer1119,Cluster19,26.421800000000005
Customer112,Cluster12,29.33793333333334
Customer1120,Cluster20,26.37936666666666
Customer1121,Cluster21,30.978775000000006
Customer1122,Cluster22,29.356100000000005
Customer1123,Cluster23,30.9876
Customer1124,Cluster24,27.514000000000003
Customer1125,Cluster25,25.631266666666676
Customer1126,Cluster26,28.153800000000004
Customer1127,Cluster27,28.318766666666676
Customer1128,Cluster28,27.650999999999996
Customer1129,Cluster29,27.090900000000005
Customer113,Cluster13,27.08575
Customer1130,Cluster30,31.966050000000003
Customer1131,Cluster31,28.515299999999996
Customer1132,Cluster32,30.8594
Customer1134,Cluster34,31.961800000000004
Customer1136,Cluster36,26.88066666666666
Customer1137,Cluster37,35.837300000000006
Customer1139,Cluster39,29.125999999999987
Customer114,Cluster14,36.45399999999999
Customer1141,Cluster41,35.133399999999995
Customer1144,Cluster44,29.001500000000007
Customer1145,Cluster45,27.757775000000002
Customer1146,Cluster46,28.679450000000024
Customer1147,Cluster47,31.569750000000006
Customer1148,Cluster48,27.480399999999992
Customer1149,Cluster49,30.525150000000007
Customer115,Cluster15,31.113699999999998
Customer1151,Cluster51,28.931250000000013
Customer1152,Cluster52,27.1298
Customer1153,Cluster53,32.727050000000006
Customer1154,Cluster54,31.83539999999999
Customer1155,Cluster55,34.9348
Customer1156,Cluster56,31.4737
Customer1157,Cluster57,30.86813333333332
Customer1158,Cluster58,31.275300000000005
Customer1159,Cluster59,30.6102
Customer116,Cluster16,29.237499999999986
Customer1160,Cluster60,29.5455
Customer1161,Cluster61,33.913
Customer1162,Cluster62,28.16805
Customer1164,Cluster64,34.504999999999995
Customer1165,Cluster65,31.992166666666677
Customer1166,Cluster66,30.15788
Customer1167,Cluster67,28.607699999999994
Customer1168,Cluster68,30.11315
Customer1169,Cluster69,33.697066666666665
Customer117,Cluster17,30.634750000000007
Customer1170,Cluster70,30.073833333333337
Customer1172,Cluster72,29.574633333333328
Customer1173,Cluster73,32.215399999999995
Customer1174,Cluster74,28.1747
Customer1176,Cluster76,30.781100000000002
Customer1177,Cluster77,30.9901
Customer1178,Cluster78,30.287599999999998
Customer1179,Cluster79,30.460000000000004
Customer118,Cluster18,30.50995000000001
Customer1180,Cluster80,28.047166666666666
Customer1182,Cluster82,23.844800000000006
Customer1183,Cluster83,28.991874999999997
Customer1184,Cluster84,33.189633333333326
Customer1185,Cluster85,30.691000000000017
Customer1186,Cluster86,32.97500000000001
Customer1187,Cluster87,26.564149999999998
Customer1188,Cluster88,25.3904
Customer1189,Cluster89,33.8373
Customer119,Cluster19,28.770199999999996
Customer1190,Cluster90,31.179200000000026
Customer1192,Cluster92,27.765949999999997
Customer1193,Cluster93,29.222500000000004
Customer1194,Cluster94,29.331833333333336
Customer1195,Cluster95,30.55729999999999
Customer1196,Cluster96,31.878500000000003
Customer1197,Cluster97,32.82616666666666
Customer1198,Cluster98,24.494500000000013
Customer1199,Cluster99,26.676450000000003
Customer12,Cluster12,28.796
Customer120,Cluster20,31.205349999999996
Customer1200,Cluster100,28.559533333333345
Customer1201,Cluster1,34.037250000000014
Customer1202,Cluster2,31.296799999999994
Customer1203,Cluster3,27.696200000000005
Customer1204,Cluster4,28.649533333333334
Customer1205,Cluster5,31.236833333333333
Customer1206,Cluster6,31.758249999999997
Customer1207,Cluster7,32.359866666666676
Customer1208,Cluster8,31.325699999999983
Customer1209,Cluster9,32.85846666666667
Customer121,Cluster21,32.219549999999984
Customer1213,Cluster13,25.553400000000007
Customer1215,Cluster15,26.8258
Customer1216,Cluster16,30.003633333333337
Customer1218,Cluster18,28.650275000000004
Customer1219,Cluster19,31.82596666666665
Customer122,Cluster22,33.619199999999985
Customer1220,Cluster20,30.35170000000001
Customer1221,Cluster21,31.62694999999998
Customer1222,Cluster22,30.470300000000012
Customer1223,Cluster23,33.1141
Customer1224,Cluster24,35.02042
Customer1225,Cluster25,39.35539999999999
Customer1226,Cluster26,29.245399999999997
Customer1227,Cluster27,31.70046666666667
Customer1228,Cluster28,29.696633333333338
Customer1229,Cluster29,28.905133333333342
Customer123,Cluster23,29.006700000000006
Customer1230,Cluster30,32.673
Customer1231,Cluster31,28.375100000000007
Customer1232,Cluster32,29.960400000000014
Customer1233,Cluster33,26.55110000000001
Customer1234,Cluster34,28.939775000000008
Customer1235,Cluster35,32.560050000000004
Customer1236,Cluster36,28.441449999999996
Customer1237,Cluster37,26.907600000000006
Customer1238,Cluster38,30.059300000000018
Customer1239,Cluster39,29.48635000000001
Customer1240,Cluster40,32.36615
Customer1241,Cluster41,32.355275
Customer1242,Cluster42,34.412000000000006
Customer1243,Cluster43,30.960099999999994
Customer1244,Cluster44,30.587150000000012
Customer1245,Cluster45,31.568499999999993
Customer1246,Cluster46,30.005733333333335
Customer1248,Cluster48,28.96
Customer1249,Cluster49,38.14120000000001
Customer1250,Cluster50,29.87544999999999
Customer1251,Cluster51,27.761550000000003
Customer1252,Cluster52,29.461800000000004
Customer1253,Cluster53,25.9424
Customer1254,Cluster54,29.14055000000001
Customer1256,Cluster56,32.20959999999999
Customer1257,Cluster57,29.888300000000005
Customer1258,Cluster58,29.43293333333334
Customer1259,Cluster59,34.06432499999999
Customer126,Cluster26,28.87775
Customer1260,Cluster60,30.785533333333337
Customer1261,Cluster61,30.209500000000002
Customer1262,Cluster62,28.76133333333333
Customer1263,Cluster63,26.014300000000002
Customer1264,Cluster64,24.00690000000001
Customer1265,Cluster65,31.635099999999998
Customer1266,Cluster66,28.80016666666667
Customer1267,Cluster67,33.241249999999994
Customer1268,Cluster68,36.02590000000001
Customer1269,Cluster69,35.439600000000006
Customer127,Cluster27,37.50369999999999
Customer1270,Cluster70,34.2899
Customer1271,Cluster71,25.8966
Customer1272,Cluster72,26.812066666666666
Customer1273,Cluster73,26.65119999999999
Customer1274,Cluster74,30.838150000000006
Customer1275,Cluster75,29.6351
Customer1276,Cluster76,27.009800000000002
Customer1277,Cluster77,30.61996666666666
Customer1278,Cluster78,32.79259999999999
Customer128,Cluster28,29.217999999999996
Customer1280,Cluster80,32.98049999999999
Customer1281,Cluster81,29.90715000000001
Customer1282,Cluster82,30.33985
Customer1283,Cluster83,34.93449999999999
Customer1284,Cluster84,31.112050000000004
Customer1285,Cluster85,31.959750000000007
Customer1286,Cluster86,30.367399999999996
Customer1287,Cluster87,31.874799999999997
Customer1288,Cluster88,28.280575
Customer1289,Cluster89,35.80589999999997
Customer1290,Cluster90,30.631200000000007
Customer1291,Cluster91,28.7932
Customer1292,Cluster92,27.152500000000003
Customer1293,Cluster93,28.585649999999994
Customer1294,Cluster94,29.346500000000006
Customer1295,Cluster95,31.988000000000003
Customer1296,Cluster96,27.733060000000002
Customer1297,Cluster97,30.693950000000008
Customer1298,Cluster98,29.348000000000006
Customer1299,Cluster99,29.07833333333332
Customer13,Cluster13,31.336466666666663
Customer130,Cluster30,29.13786666666667
Customer1300,Cluster100,31.25283333333333
Customer1301,Cluster1,30.492749999999994
Customer1302,Cluster2,27.538133333333338
Customer1304,Cluster4,26.484499999999993
Customer1305,Cluster5,30.142199999999992
Customer1306,Cluster6,29.625599999999995
Customer1307,Cluster7,31.433300000000003
Customer1308,Cluster8,29.0688
Customer1309,Cluster9,31.502799999999993
Customer131,Cluster31,31.817566666666675
Customer1310,Cluster10,28.306150000000002
Customer1311,Cluster11,28.938249999999993
Customer1312,Cluster12,30.467350000000003
Customer1313,Cluster13,31.45046666666667
Customer1314,Cluster14,31.225699999999993
Customer1315,Cluster15,34.37225
Customer1316,Cluster16,29.780950000000004
Customer1317,Cluster17,28.1021
Customer1318,Cluster18,29.171999999999997
Customer1319,Cluster19,28.732599999999998
Customer132,Cluster32,30.459999999999997
Customer1320,Cluster20,28.43146666666667
Customer1321,Cluster21,26.991400000000002
Customer1322,Cluster22,26.205900000000007
Customer1323,Cluster23,32.457350000000005
Customer1325,Cluster25,27.00420000000001
Customer1326,Cluster26,31.568799999999996
Customer1327,Cluster27,28.861650000000008
Customer1329,Cluster29,29.293100000000006
Customer133,Cluster33,32.46205
Customer1330,Cluster30,34.1415
Customer1331,Cluster31,27.373599999999996
Customer1332,Cluster32,27.62590000000001
Customer1333,Cluster33,30.366100000000003
Customer1334,Cluster34,30.8999
Customer1335,Cluster35,32.344
Customer1336,Cluster36,30.43520000000001
Customer1337,Cluster37,30.1231
Customer1338,Cluster38,30.0268
Customer1339,Cluster39,32.29525
Customer134,Cluster34,27.08496666666667
Customer1340,Cluster40,29.020599999999988
Customer1341,Cluster41,29.346200000000007
Customer1342,Cluster42,29.95273333333333
Customer1343,Cluster43,28.94295000000001
Customer1344,Cluster44,30.77420000000001
Customer1345,Cluster45,31.964700000000004
Customer1346,Cluster46,29.410533333333337
Customer1347,Cluster47,30.264499999999998
Customer1349,Cluster49,30.040100000000002
Customer135,Cluster35,29.548400000000004
Customer1350,Cluster50,29.1536
Customer1353,Cluster53,25.9505
Customer1354,Cluster54,32.80350000000001
Customer1355,Cluster55,34.8292
Customer1356,Cluster56,30.4008
Customer1358,Cluster58,30.6303
Customer1359,Cluster59,31.341000000000008
Customer136,Cluster36,32.28120000000001
Customer1360,Cluster60,25.8073
Customer1361,Cluster61,33.086899999999986
Customer1362,Cluster62,31.09629999999999
Customer1363,Cluster63,31.058633333333333
Customer1365,Cluster65,30.729600000000005
Customer1366,Cluster66,29.2021
Customer1367,Cluster67,30.65839999999998
Customer1368,Cluster68,26.846000000000007
Customer1369,Cluster69,31.53329999999999
Customer137,Cluster37,26.49175000000001
Customer1370,Cluster70,28.812399999999997
Customer1371,Cluster71,26.850000000000005
Customer1372,Cluster72,31.3712
Customer1373,Cluster73,30.307800000000007
Customer1374,Cluster74,28.739600000000006
Customer1375,Cluster75,27.54223333333333
Customer1376,Cluster76,28.48585
Customer1377,Cluster77,25.9711
Customer1378,Cluster78,28.876399999999997
Customer1379,Cluster79,28.459599999999995
Customer138,Cluster38,29.587799999999998
Customer1380,Cluster80,33.4683
Customer1381,Cluster81,33.217700000000015
Customer1382,Cluster82,24.904799999999994
Customer1383,Cluster83,28.361400000000003
Customer1384,Cluster84,26.71709999999999
Customer1385,Cluster85,33.14339999999999
Customer1386,Cluster86,26.508100000000002
Customer1387,Cluster87,25.907200000000007
Customer1388,Cluster88,30.02155000000001
Customer1389,Cluster89,30.351650000000006
Customer139,Cluster39,27.868866666666673
Customer1390,Cluster90,28.968933333333336
Customer1391,Cluster91,26.10309999999999
Customer1392,Cluster92,24.374900000000007
Customer1393,Cluster93,31.323900000000016
Customer1394,Cluster94,27.626849999999997
Customer1395,Cluster95,27.88670000000001
Customer1396,Cluster96,27.816950000000006
Customer1397,Cluster97,30.4206
Customer1399,Cluster99,33.93319999999999
Customer140,Cluster40,32.235420000000005
Customer1400,Cluster100,28.1017
Customer1401,Cluster1,29.4659
Customer1402,Cluster2,26.904899999999987
Customer1403,Cluster3,28.42340000000001
Customer1404,Cluster4,35.236
Customer1405,Cluster5,30.646633333333337
Customer1408,Cluster8,30.8415
Customer1409,Cluster9,27.909599999999998
Customer1410,Cluster10,29.48363333333333
Customer1411,Cluster11,27.994366666666668
Customer1412,Cluster12,30.781149999999997
Customer1413,Cluster13,33.76935
Customer1414,Cluster14,28.781949999999995
Customer1415,Cluster15,27.279399999999995
Customer1416,Cluster16,29.91259999999999
Customer1417,Cluster17,28.675649999999997
Customer1418,Cluster18,32.59984999999999
Customer1419,Cluster19,27.471433333333334
Customer142,Cluster42,30.8129
Customer1420,Cluster20,28.8979
Customer1421,Cluster21,27.813600000000005
Customer1422,Cluster22,31.991299999999995
Customer1423,Cluster23,31.769966666666665
Customer1424,Cluster24,28.92220000000001
Customer1425,Cluster25,29.806499999999996
Customer1426,Cluster26,28.594699999999992
Customer1428,Cluster28,25.59950000000001
Customer1429,Cluster29,28.498566666666665
Customer1430,Cluster30,29.964299999999994
Customer1431,Cluster31,33.2558
Customer1432,Cluster32,34.46639999999999
Customer1433,Cluster33,30.912350000000007
Customer1434,Cluster34,29.847633333333334
Customer1435,Cluster35,31.621899999999997
Customer1437,Cluster37,31.226350000000004
Customer1438,Cluster38,31.75300000000002
Customer1439,Cluster39,31.405099999999994
Customer144,Cluster44,26.829100000000004
Customer1440,Cluster40,28.001350000000002
Customer1441,Cluster41,29.125700000000005
Customer1442,Cluster42,31.235749999999996
Customer1443,Cluster43,33.686875
Customer1444,Cluster44,28.14049999999999
Customer1445,Cluster45,31.441
Customer1446,Cluster46,31.72483333333334
Customer1447,Cluster47,30.976266666666664
Customer1448,Cluster48,26.40492499999999
Customer1449,Cluster49,35.89425
Customer1450,Cluster50,34.9215
Customer1451,Cluster51,29.82583333333334
Customer1452,Cluster52,32.90129999999999
Customer1453,Cluster53,31.469150000000006
Customer1455,Cluster55,28.849800000000005
Customer1456,Cluster56,33.68629999999999
Customer1457,Cluster57,34.163000000000004
Customer1458,Cluster58,34.286650000000016
Customer1459,Cluster59,27.21139999999999
Customer146,Cluster46,28.624449999999996
Customer1462,Cluster62,30.567650000000008
Customer1463,Cluster63,29.288225000000004
Customer1464,Cluster64,32.88219999999998
Customer1465,Cluster65,33.3787
Customer1466,Cluster66,28.1788
Customer1467,Cluster67,32.87486666666666
Customer1468,Cluster68,31.799550000000004
Customer147,Cluster47,31.658433333333335
Customer1470,Cluster70,32.15858
Customer1471,Cluster71,29.33945
Customer1472,Cluster72,30.2578
Customer1473,Cluster73,31.508350000000004
Customer1474,Cluster74,30.80480000000002
Customer1475,Cluster75,28.03970000000001
Customer1476,Cluster76,31.277866666666664
Customer1477,Cluster77,28.293850000000003
Customer1479,Cluster79,24.961
Customer148,Cluster48,30.498049999999985
Customer1481,Cluster81,29.415033333333326
Customer1482,Cluster82,26.925099999999993
Customer1484,Cluster84,31.8235
Customer1485,Cluster85,29.99134999999999
Customer1486,Cluster86,35.18690000000002
Customer1488,Cluster88,30.446975000000002
Customer1489,Cluster89,32.55949999999999
Customer149,Cluster49,30.465149999999994
Customer1490,Cluster90,29.061300000000013
Customer1492,Cluster92,32.035100000000014
Customer1494,Cluster94,35.71529999999999
Customer1495,Cluster95,29.73690000000001
Customer1496,Cluster96,32.87709999999999
Customer1497,Cluster97,33.125200000000014
Customer1498,Cluster98,34.95496666666667
Customer1499,Cluster99,30.461199999999998
Customer15,Cluster15,27.309699999999996
Customer150,Cluster50,32.3801
Customer1500,Cluster100,33.86970000000001
Customer1501,Cluster1,31.278649999999992
Customer1502,Cluster2,30.012600000000006
Customer1503,Cluster3,29.28096666666666
Customer1504,Cluster4,32.97949999999999
Customer1505,Cluster5,30.3748
Customer1506,Cluster6,34.27220000000002
Customer1507,Cluster7,30.7942
Customer1508,Cluster8,26.258300000000016
Customer151,Cluster51,30.96474999999999
Customer1510,Cluster10,31.392900000000004
Customer1511,Cluster11,32.2974
Customer1513,Cluster13,30.7943
Customer1514,Cluster14,37.71500000000001
Customer1515,Cluster15,27.733950000000004
Customer1516,Cluster16,31.458299999999998
Customer1517,Cluster17,30.368899999999996
Customer1518,Cluster18,26.769100000000012
Customer1519,Cluster19,30.106500000000008
Customer152,Cluster52,33.21050000000001
Customer1520,Cluster20,30.337649999999996
Customer1522,Cluster22,31.13499999999999
Customer1524,Cluster24,29.26203333333333
Customer1525,Cluster25,31.5248
Customer1526,Cluster26,26.235850000000003
Customer1527,Cluster27,27.638300000000008
Customer1528,Cluster28,27.79630000000001
Customer1529,Cluster29,29.915500000000005
Customer153,Cluster53,29.17480000000002
Customer1530,Cluster30,27.471600000000002
Customer1531,Cluster31,28.186649999999993
Customer1532,Cluster32,33.43225
Customer1533,Cluster33,30.20036
Customer1534,Cluster34,31.189999999999994
Customer1535,Cluster35,32.2861
Customer1537,Cluster37,30.393399999999996
Customer1539,Cluster39,30.770200000000003
Customer154,Cluster54,25.497400000000013
Customer1540,Cluster40,31.40989999999999
Customer1541,Cluster41,32.97075
Customer1542,Cluster42,32.707899999999995
Customer1543,Cluster43,25.715500000000006
Customer1544,Cluster44,29.653299999999987
Customer1546,Cluster46,29.9623
Customer1547,Cluster47,32.0204
Customer1548,Cluster48,31.13924999999999
Customer1549,Cluster49,27.259666666666664
Customer155,Cluster55,29.752533333333332
Customer1550,Cluster50,31.15145
Customer1552,Cluster52,30.758499999999998
Customer1553,Cluster53,27.35149999999999
Customer1554,Cluster54,30.849866666666667
Customer1555,Cluster55,31.410800000000005
Customer1556,Cluster56,30.43756666666667
Customer1559,Cluster59,29.5639
Customer156,Cluster56,33.86790000000001
Customer1560,Cluster60,31.11263333333334
Customer1561,Cluster61,33.2932
Customer1564,Cluster64,29.9463
Customer1565,Cluster65,29.315549999999995
Customer1566,Cluster66,25.561600000000013
Customer1568,Cluster68,29.152400000000007
Customer1569,Cluster69,30.689800000000005
Customer157,Cluster57,27.125833333333333
Customer1570,Cluster70,32.81815
Customer1571,Cluster71,30.27835000000001
Customer1572,Cluster72,29.898240000000005
Customer1573,Cluster73,29.23160000000001
Customer1574,Cluster74,27.214199999999995
Customer1577,Cluster77,28.980099999999993
Customer1578,Cluster78,30.997549999999997
Customer1579,Cluster79,32.84320000000001
Customer158,Cluster58,32.92473333333333
Customer1580,Cluster80,28.687633333333338
Customer1581,Cluster81,31.349399999999992
Customer1582,Cluster82,33.59974999999999
Customer1583,Cluster83,28.431600000000003
Customer1584,Cluster84,32.60199999999999
Customer1585,Cluster85,35.896
Customer1586,Cluster86,32.05576666666666
Customer1587,Cluster87,30.129799999999985
Customer1588,Cluster88,28.42150000000001
Customer1589,Cluster89,26.341249999999995
Customer159,Cluster59,30.203699999999998
Customer1590,Cluster90,29.617300000000004
Customer1591,Cluster91,31.896399999999993
Customer1592,Cluster92,30.43
Customer1593,Cluster93,31.244749999999996
Customer1594,Cluster94,30.801366666666667
Customer1595,Cluster95,28.923949999999998
Customer1596,Cluster96,27.471700000000006
Customer1597,Cluster97,32.32216666666667
Customer1598,Cluster98,30.985766666666667
Customer1599,Cluster99,29.476149999999997
Customer16,Cluster16,34.8069
Customer1600,Cluster100,26.861600000000006
Customer1601,Cluster1,28.539499999999997
Customer1603,Cluster3,30.965300000000003
Customer1604,Cluster4,28.4497
Customer1605,Cluster5,32.051399999999994
Customer1606,Cluster6,30.439799999999995
Customer1607,Cluster7,26.533499999999982
Customer1608,Cluster8,28.353400000000008
Customer1609,Cluster9,29.869250000000008
Customer161,Cluster61,30.67745
Customer1610,Cluster10,27.184750000000008
Customer1611,Cluster11,31.727999999999994
Customer1612,Cluster12,28.8674
Customer1613,Cluster13,26.889033333333334
Customer1614,Cluster14,29.641000000000005
Customer1615,Cluster15,28.073599999999995
Customer1616,Cluster16,30.648449999999997
Customer1617,Cluster17,32.42276666666666
Customer1618,Cluster18,30.20245
Customer1619,Cluster19,31.804466666666674
Customer162,Cluster62,30.55229999999999
Customer1620,Cluster20,24.101700000000008
Customer1621,Cluster21,34.50970000000001
Customer1622,Cluster22,30.900800000000007
Customer1623,Cluster23,34.51943333333333
Customer1625,Cluster25,27.887299999999993
Customer1627,Cluster27,24.887599999999992
Customer1628,Cluster28,34.0312
Customer1629,Cluster29,26.714550000000006
Customer1631,Cluster31,26.473250000000007
Customer1632,Cluster32,33.4152
Customer1633,Cluster33,33.22184999999999
Customer1634,Cluster34,30.136400000000002
Customer1635,Cluster35,31.148449999999993
Customer1636,Cluster36,29.047099999999993
Customer1637,Cluster37,32.11384999999999
Customer1639,Cluster39,28.33734
Customer164,Cluster64,28.76680000000001
Customer1640,Cluster40,30.36675
Customer1641,Cluster41,28.2987
Customer1642,Cluster42,33.72450000000003
Customer1643,Cluster43,32.9465
Customer1644,Cluster44,33.856666666666676
Customer1645,Cluster45,30.637499999999996
Customer1646,Cluster46,32.91860000000001
Customer1647,Cluster47,31.3403
Customer1648,Cluster48,31.42263333333334
Customer1649,Cluster49,32.247299999999974
Customer165,Cluster65,31.325100000000003
Customer1650,Cluster50,32.61385
Customer1651,Cluster51,26.38895
Customer1652,Cluster52,27.555
Customer1653,Cluster53,32.36085000000001
Customer1654,Cluster54,34.722949999999976
Customer1655,Cluster55,32.53970000000001
Customer1656,Cluster56,28.309100000000008
Customer1657,Cluster57,31.233274999999992
Customer1658,Cluster58,32.839620000000004
Customer1659,Cluster59,31.542600000000004
Customer166,Cluster66,31.012800000000002
Customer1660,Cluster60,30.075499999999998
Customer1661,Cluster61,30.223900000000025
Customer1662,Cluster62,27.726199999999995
Customer1663,Cluster63,27.331500000000005
Customer1664,Cluster64,28.827549999999995
Customer1665,Cluster65,30.678649999999998
Customer1667,Cluster67,30.26636666666667
Customer1668,Cluster68,26.231800000000007
Customer1669,Cluster69,31.955799999999993
Customer1670,Cluster70,30.527599999999996
Customer1671,Cluster71,30.713899999999988
Customer1672,Cluster72,28.09010000000001
Customer1673,Cluster73,31.134750000000004
Customer1674,Cluster74,31.326850000000007
Customer1675,Cluster75,23.92749999999999
Customer1676,Cluster76,34.12870000000001
Customer1677,Cluster77,28.398099999999992
Customer1678,Cluster78,33.77225
Customer168,Cluster68,32.32298000000001
Customer1680,Cluster80,29.7867
Customer1681,Cluster81,27.8197
Customer1682,Cluster82,33.324299999999994
Customer1683,Cluster83,31.136800000000008
Customer1684,Cluster84,27.807050000000004
Customer1685,Cluster85,33.020399999999995
Customer1686,Cluster86,31.214899999999997
Customer1687,Cluster87,30.0058
Customer1688,Cluster88,23.951699999999988
Customer1689,Cluster89,31.416799999999988
Customer169,Cluster69,32.76165
Customer1690,Cluster90,37.22099999999998
Customer1691,Cluster91,30.169400000000003
Customer1693,Cluster93,24.81110000000001
Customer1694,Cluster94,27.3092
Customer1695,Cluster95,26.765200000000007
Customer1696,Cluster96,29.194474999999997
Customer1698,Cluster98,29.04463333333334
Customer1699,Cluster99,34.48410000000001
Customer17,Cluster17,30.337199999999985
Customer170,Cluster70,28.926200000000005
Customer1700,Cluster100,27.8298
Customer1701,Cluster1,31.210899999999985
Customer1702,Cluster2,28.34085
Customer1703,Cluster3,35.70229999999999
Customer1704,Cluster4,30.437599999999996
Customer1705,Cluster5,29.912850000000006
Customer1706,Cluster6,31.943000000000005
Customer1707,Cluster7,26.541999999999994
Customer1708,Cluster8,27.381866666666667
Customer171,Cluster71,29.047850000000004
Customer1710,Cluster10,27.561424999999996
Customer1711,Cluster11,31.100500000000014
Customer1712,Cluster12,29.815200000000004
Customer1713,Cluster13,36.50160000000001
Customer1714,Cluster14,30.59734999999999
Customer1715,Cluster15,29.32516666666665
Customer1717,Cluster17,32.1382
Customer1718,Cluster18,31.414099999999998
Customer1719,Cluster19,29.564833333333336
Customer1721,Cluster21,30.94905
Customer1722,Cluster22,28.41990000000001
Customer1723,Cluster23,28.928099999999986
Customer1724,Cluster24,33.5444
Customer1725,Cluster25,29.23420000000001
Customer1726,Cluster26,31.322500000000012
Customer1727,Cluster27,27.446649999999998
Customer1728,Cluster28,28.28845
Customer1729,Cluster29,28.6109
Customer173,Cluster73,33.3409
Customer1730,Cluster30,32.20999999999999
Customer1731,Cluster31,28.325499999999995
Customer1732,Cluster32,30.578400000000002
Customer1733,Cluster33,32.4215
Customer1735,Cluster35,28.35065
Customer1736,Cluster36,31.89450000000001
Customer1738,Cluster38,28.938266666666664
Customer1739,Cluster39,33.596599999999995
Customer174,Cluster74,29.579249999999984
Customer1740,Cluster40,32.97249999999999
Customer1741,Cluster41,30.9196
Customer1742,Cluster42,31.70704285714286
Customer1743,Cluster43,30.5654
Customer1744,Cluster44,32.14815
Customer1746,Cluster46,31.62506666666667
Customer1747,Cluster47,25.680000000000003
Customer1748,Cluster48,34.48419999999999
Customer1749,Cluster49,33.858
Customer1750,Cluster50,30.512150000000005
Customer1751,Cluster51,30.9752
Customer1752,Cluster52,29.651299999999996
Customer1753,Cluster53,25.368400000000005
Customer1754,Cluster54,30.483800000000002
Customer1756,Cluster56,29.26103333333333
Customer1757,Cluster57,30.136733333333325
Customer1758,Cluster58,32.1601
Customer1759,Cluster59,30.064924999999995
Customer176,Cluster76,27.368550000000006
Customer1760,Cluster60,29.275299999999998
Customer1761,Cluster61,29.229199999999995
Customer1762,Cluster62,30.093599999999995
Customer1763,Cluster63,24.418999999999997
Customer1764,Cluster64,33.404100000000014
Customer1765,Cluster65,30.849025
Customer1766,Cluster66,31.7474
Customer1767,Cluster67,35.26379999999999
Customer1768,Cluster68,28.046000000000003
Customer1769,Cluster69,30.93256666666666
Customer177,Cluster77,25.7692
Customer1770,Cluster70,30.051833333333324
Customer1771,Cluster71,29.665300000000002
Customer1774,Cluster74,30.20113333333333
Customer1775,Cluster75,31.174199999999992
Customer1776,Cluster76,28.305199999999992
Customer1779,Cluster79,30.98539999999999
Customer178,Cluster78,27.779200000000007
Customer1780,Cluster80,26.486800000000013
Customer1781,Cluster81,29.255066666666668
Customer1782,Cluster82,29.728700000000003
Customer1784,Cluster84,32.162866666666666
Customer1785,Cluster85,30.10449999999999
Customer1786,Cluster86,28.856399999999997
Customer1788,Cluster88,33.51934999999999
Customer1789,Cluster89,31.854833333333335
Customer179,Cluster79,31.26984999999999
Customer1790,Cluster90,33.1442
Customer1791,Cluster91,26.704699999999992
Customer1792,Cluster92,23.824250000000003
Customer1793,Cluster93,29.96349999999999
Customer1794,Cluster94,28.995699999999992
Customer1797,Cluster97,31.517125000000007
Customer1799,Cluster99,29.299199999999995
Customer18,Cluster18,32.05318000000001
Customer180,Cluster80,32.40570000000002
Customer1800,Cluster100,29.861100000000008
Customer1801,Cluster1,27.402475000000003
Customer1802,Cluster2,32.537200000000006
Customer1804,Cluster4,33.64756666666667
Customer1805,Cluster5,32.26117999999999
Customer1806,Cluster6,33.3304
Customer1807,Cluster7,26.7539
Customer1808,Cluster8,28.596099999999993
Customer1809,Cluster9,30.88969999999999
Customer181,Cluster81,34.24486666666667
Customer1810,Cluster10,29.39179999999998
Customer1811,Cluster11,33.24540000000001
Customer1812,Cluster12,30.3298
Customer1813,Cluster13,29.7271
Customer1814,Cluster14,31.012250000000005
Customer1815,Cluster15,30.43915000000001
Customer1816,Cluster16,33.218600000000016
Customer1817,Cluster17,33.41979999999999
Customer1818,Cluster18,30.35995
Customer1819,Cluster19,29.863000000000003
Customer182,Cluster82,26.403700000000008
Customer1820,Cluster20,30.472100000000005
Customer1821,Cluster21,28.82630000000001
Customer1822,Cluster22,30.719700000000007
Customer1823,Cluster23,27.87949999999999
Customer1824,Cluster24,31.183800000000005
Customer1825,Cluster25,27.993800000000007
Customer1826,Cluster26,30.518299999999996
Customer1827,Cluster27,29.55014999999999
Customer1828,Cluster28,27.81286666666666
Customer1829,Cluster29,28.809375
Customer183,Cluster83,25.6042
Customer1830,Cluster30,33.225
Customer1833,Cluster33,28.724866666666667
Customer1834,Cluster34,29.060200000000005
Customer1835,Cluster35,29.799
Customer1836,Cluster36,33.124399999999994
Customer1837,Cluster37,29.155866666666668
Customer1838,Cluster38,31.904200000000003
Customer1839,Cluster39,26.168400000000013
Customer184,Cluster84,32.51504999999999
Customer1840,Cluster40,25.165199999999984
Customer1841,Cluster41,26.434999999999995
Customer1842,Cluster42,30.3688
Customer1843,Cluster43,31.30106666666666
Customer1844,Cluster44,31.555199999999992
Customer1845,Cluster45,31.150299999999987
Customer1847,Cluster47,29.023866666666663
Customer1848,Cluster48,32.37755000000001
Customer1849,Cluster49,29.33555
Customer185,Cluster85,29.283300000000004
Customer1850,Cluster50,30.38665
Customer1853,Cluster53,30.74855000000001
Customer1855,Cluster55,33.890699999999995
Customer1856,Cluster56,32.8696
Customer1858,Cluster58,29.255399999999998
Customer1859,Cluster59,29.904750000000003
Customer186,Cluster86,28.63203333333333
Customer1860,Cluster60,30.039299999999997
Customer1861,Cluster61,30.64325000000001
Customer1862,Cluster62,29.35735000000001
Customer1863,Cluster63,30.605750000000004
Customer1864,Cluster64,30.49295
Customer1865,Cluster65,31.533099999999994
Customer1866,Cluster66,29.875450000000004
Customer1867,Cluster67,26.0695
Customer1868,Cluster68,31.43186666666666
Customer1869,Cluster69,33.301349999999985
Customer187,Cluster87,27.17256666666667
Customer1870,Cluster70,32.0361
Customer1871,Cluster71,36.064599999999984
Customer1872,Cluster72,29.5352
Customer1873,Cluster73,30.22715000000001
Customer1874,Cluster74,29.94470000000001
Customer1875,Cluster75,33.779500000000006
Customer1876,Cluster76,31.22996666666667
Customer1877,Cluster77,30.876850000000005
Customer1878,Cluster78,33.30559999999999
Customer1879,Cluster79,27.36736666666667
Customer188,Cluster88,32.955600000000004
Customer1880,Cluster80,28.01809999999999
Customer1881,Cluster81,28.08130000000001
Customer1882,Cluster82,26.464449999999992
Customer1884,Cluster84,31.58276666666667
Customer1885,Cluster85,29.767900000000022
Customer1886,Cluster86,26.944999999999986
Customer1887,Cluster87,29.7222
Customer189,Cluster89,29.79445000000001
Customer1890,Cluster90,32.299933333333335
Customer1891,Cluster91,28.529500000000013
Customer1892,Cluster92,31.06615000000001
Customer1893,Cluster93,31.846599999999988
Customer1894,Cluster94,32.312400000000004
Customer1895,Cluster95,31.910999999999998
Customer1897,Cluster97,31.12645000000001
Customer1898,Cluster98,28.093100000000014
Customer1899,Cluster99,33.279650000000004
Customer19,Cluster19,32.48735
Customer190,Cluster90,32.959700000000005
Customer1900,Cluster100,27.7075
Customer1901,Cluster1,24.539400000000004
Customer1902,Cluster2,29.325800000000008
Customer1904,Cluster4,27.95659999999999
Customer1906,Cluster6,30.32086666666666
Customer1907,Cluster7,26.574800000000003
Customer1909,Cluster9,31.305599999999984
Customer191,Cluster91,34.03355000000002
Customer1910,Cluster10,30.549299999999988
Customer1913,Cluster13,29.171699999999994
Customer1914,Cluster14,29.958625
Customer1915,Cluster15,31.99860000000001
Customer1916,Cluster16,28.433799999999987
Customer1918,Cluster18,33.37640000000001
Customer1919,Cluster19,28.672700000000006
Customer1920,Cluster20,32.35626666666666
Customer1921,Cluster21,30.48393333333333
Customer1922,Cluster22,27.521700000000006
Customer1923,Cluster23,28.166250000000005
Customer1924,Cluster24,31.488799999999998
Customer1925,Cluster25,28.114849999999997
Customer1926,Cluster26,30.7454
Customer1927,Cluster27,30.34574999999999
Customer1928,Cluster28,27.837775
Customer1929,Cluster29,32.388749999999995
Customer1930,Cluster30,31.633366666666657
Customer1931,Cluster31,27.83796666666667
Customer1932,Cluster32,29.208700000000007
Customer1934,Cluster34,32.07539999999999
Customer1936,Cluster36,26.236099999999993
Customer1937,Cluster37,30.87376666666668
Customer1938,Cluster38,26.837649999999996
Customer1939,Cluster39,29.47789999999999
Customer194,Cluster94,29.117100000000008
Customer1941,Cluster41,31.13049999999999
Customer1942,Cluster42,28.41285
Customer1943,Cluster43,33.60529999999999
Customer1944,Cluster44,30.314449999999994
Customer1945,Cluster45,27.948999999999984
Customer1946,Cluster46,28.77210000000001
Customer1947,Cluster47,29.175599999999996
Customer1949,Cluster49,28.979
Customer195,Cluster95,32.344199999999994
Customer1950,Cluster50,28.36349999999999
Customer1952,Cluster52,29.665949999999995
Customer1953,Cluster53,30.017966666666666
Customer1955,Cluster55,28.439333333333323
Customer1956,Cluster56,32.56515
Customer1957,Cluster57,31.3271
Customer1958,Cluster58,30.402399999999993
Customer1959,Cluster59,33.26684999999999
Customer196,Cluster96,29.831799999999998
Customer1960,Cluster60,32.201125
Customer1961,Cluster61,29.901300000000006
Customer1962,Cluster62,31.431833333333334
Customer1963,Cluster63,28.356650000000005
Customer1964,Cluster64,29.5259
Customer1965,Cluster65,33.17014999999999
Customer1966,Cluster66,38.96729999999998
Customer1967,Cluster67,25.78309999999999
Customer1968,Cluster68,30.97874999999999
Customer1969,Cluster69,31.547333333333338
Customer197,Cluster97,31.859799999999996
Customer1970,Cluster70,28.320000000000007
Customer1971,Cluster71,26.455799999999996
Customer1972,Cluster72,29.172549999999987
Customer1973,Cluster73,30.813949999999984
Customer1974,Cluster74,25.77649999999999
Customer1975,Cluster75,26.71245
Customer1976,Cluster76,31.184399999999997
Customer1977,Cluster77,30.995720000000006
Customer1978,Cluster78,31.68200000000001
Customer1979,Cluster79,29.992650000000012
Customer198,Cluster98,32.12949999999999
Customer1981,Cluster81,33.72929999999999
Customer1982,Cluster82,32.59397499999999
Customer1984,Cluster84,27.671599999999998
Customer1985,Cluster85,28.667266666666666
Customer1986,Cluster86,31.63995
Customer1987,Cluster87,22.3494
Customer1988,Cluster88,31.842699999999986
Customer1989,Cluster89,31.87859999999999
Customer1990,Cluster90,32.2695
Customer1991,Cluster91,33.165974999999996
Customer1992,Cluster92,28.201799999999995
Customer1993,Cluster93,29.6673
Customer1994,Cluster94,25.4837
Customer1995,Cluster95,27.848249999999997
Customer1996,Cluster96,31.103025000000002
Customer1998,Cluster98,29.355360000000008
Customer1999,Cluster99,36.08670000000001
Customer2,Cluster2,31.003875000000004
Customer20,Cluster20,30.57043333333334
Customer200,Cluster100,30.3614
Customer2000,Cluster100,29.4247
Customer201,Cluster1,27.972799999999992
Customer202,Cluster2,27.764933333333335
Customer203,Cluster3,30.17955000000001
Customer204,Cluster4,32.19950000000001
Customer205,Cluster5,31.11680000000001
Customer206,Cluster6,30.27273333333334
Customer207,Cluster7,29.816300000000002
Customer208,Cluster8,27.5715
Customer21,Cluster21,29.067300000000003
Customer210,Cluster10,28.1426
Customer211,Cluster11,30.228566666666666
Customer212,Cluster12,28.43613333333333
Customer213,Cluster13,29.234350000000006
Customer214,Cluster14,29.05490000000001
Customer215,Cluster15,26.96489999999999
Customer216,Cluster16,30.343799999999995
Customer217,Cluster17,30.36173333333333
Customer219,Cluster19,33.159749999999995
Customer22,Cluster22,32.64194999999999
Customer220,Cluster20,32.1133
Customer221,Cluster21,33.61565
Customer222,Cluster22,32.0857
Customer223,Cluster23,27.476299999999995
Customer224,Cluster24,29.5416
Customer225,Cluster25,31.237699999999986
Customer226,Cluster26,29.425699999999996
Customer228,Cluster28,32.384499999999996
Customer229,Cluster29,31.446899999999996
Customer230,Cluster30,29.4444
Customer231,Cluster31,29.926666666666666
Customer232,Cluster32,29.8427
Customer233,Cluster33,28.318700000000007
Customer234,Cluster34,28.7308
Customer235,Cluster35,28.400450000000006
Customer236,Cluster36,30.30683333333333
Customer237,Cluster37,24.875500000000002
Customer238,Cluster38,29.559750000000005
Customer239,Cluster39,26.825750000000003
Customer24,Cluster24,29.142700000000012
Customer240,Cluster40,31.91695
Customer241,Cluster41,32.45423333333334
Customer242,Cluster42,30.232275
Customer243,Cluster43,25.94070000000001
Customer244,Cluster44,32.264700000000005
Customer245,Cluster45,32.1391
Customer246,Cluster46,24.981399999999997
Customer247,Cluster47,31.203400000000006
Customer248,Cluster48,31.984099999999987
Customer249,Cluster49,31.152700000000003
Customer25,Cluster25,29.63145
Customer250,Cluster50,25.815150000000003
Customer251,Cluster51,29.216075
Customer252,Cluster52,30.69275
Customer253,Cluster53,30.360539999999997
Customer254,Cluster54,33.7296
Customer255,Cluster55,27.99669999999999
Customer256,Cluster56,30.524150000000006
Customer257,Cluster57,26.43960000000001
Customer258,Cluster58,32.31449999999999
Customer259,Cluster59,30.056300000000004
Customer26,Cluster26,25.656900000000014
Customer260,Cluster60,21.611349999999998
Customer261,Cluster61,28.197000000000003
Customer262,Cluster62,30.523450000000004
Customer264,Cluster64,27.264000000000003
Customer266,Cluster66,27.14663333333333
Customer267,Cluster67,30.778250000000007
Customer27,Cluster27,29.589200000000005
Customer270,Cluster70,30.11575
Customer271,Cluster71,29.423449999999995
Customer272,Cluster72,28.06150000000001
Customer273,Cluster73,32.99974999999999
Customer274,Cluster74,28.804699999999997
Customer275,Cluster75,28.6351
Customer276,Cluster76,27.021799999999995
Customer277,Cluster77,29.547649999999997
Customer278,Cluster78,30.837799999999998
Customer279,Cluster79,27.83599999999999
Customer28,Cluster28,29.62174999999999
Customer280,Cluster80,28.708599999999997
Customer281,Cluster81,25.46769999999999
Customer283,Cluster83,29.437100000000015
Customer284,Cluster84,28.028549999999996
Customer285,Cluster85,30.51269999999999
Customer286,Cluster86,30.878649999999997
Customer287,Cluster87,27.054299999999998
Customer288,Cluster88,32.97119999999999
Customer289,Cluster89,28.377499999999998
Customer29,Cluster29,28.50504999999999
Customer290,Cluster90,28.25099999999999
Customer291,Cluster91,30.999699999999983
Customer292,Cluster92,31.135499999999997
Customer293,Cluster93,29.556849999999997
Customer295,Cluster95,29.72489999999999
Customer298,Cluster98,27.987399999999997
Customer299,Cluster99,28.2931
Customer3,Cluster3,27.116950000000003
Customer30,Cluster30,27.872066666666665
Customer300,Cluster100,31.724549999999997
Customer301,Cluster1,29.568399999999993
Customer303,Cluster3,32.964200000000005
Customer304,Cluster4,28.07176
Customer305,Cluster5,27.89295
Customer306,Cluster6,30.119200000000003
Customer307,Cluster7,29.203799999999983
Customer308,Cluster8,29.171375
Customer31,Cluster31,30.776750000000014
Customer310,Cluster10,27.593566666666664
Customer311,Cluster11,31.23266666666666
Customer312,Cluster12,27.514200000000002
Customer313,Cluster13,30.751599999999996
Customer314,Cluster14,28.025999999999996
Customer315,Cluster15,30.693399999999997
Customer316,Cluster16,31.059399999999997
Customer317,Cluster17,28.9812
Customer318,Cluster18,29.268599999999996
Customer319,Cluster19,27.9798
Customer32,Cluster32,30.883900000000004
Customer320,Cluster20,29.659050000000004
Customer321,Cluster21,30.173150000000003
Customer322,Cluster22,30.294574999999995
Customer323,Cluster23,31.68875
Customer324,Cluster24,28.89625000000001
Customer325,Cluster25,28.581166666666665
Customer327,Cluster27,27.959179999999996
Customer328,Cluster28,33.07034999999999
Customer329,Cluster29,34.826499999999996
Customer33,Cluster33,30.96625
Customer330,Cluster30,28.698599999999992
Customer331,Cluster31,28.59920000000001
Customer332,Cluster32,31.78656666666666
Customer333,Cluster33,29.815
Customer335,Cluster35,29.463733333333334
Customer336,Cluster36,29.314399999999996
Customer337,Cluster37,30.449499999999993
Customer339,Cluster39,32.292625
Customer34,Cluster34,36.451499999999996
Customer340,Cluster40,32.612133333333325
Customer341,Cluster41,27.485599999999998
Customer343,Cluster43,30.364949999999997
Customer344,Cluster44,31.838100000000004
Customer345,Cluster45,31.511150000000008
Customer346,Cluster46,28.729050000000008
Customer347,Cluster47,30.680600000000005
Customer348,Cluster48,30.80635
Customer349,Cluster49,28.382899999999996
Customer35,Cluster35,26.97469999999999
Customer350,Cluster50,28.746400000000005
Customer351,Cluster51,27.7015
Customer352,Cluster52,26.766899999999996
Customer353,Cluster53,30.261433333333326
Customer354,Cluster54,27.801699999999997
Customer355,Cluster55,29.5696
Customer356,Cluster56,28.19969999999999
Customer357,Cluster57,29.672975000000005
Customer358,Cluster58,33.71919999999997
Customer359,Cluster59,28.39150000000001
Customer36,Cluster36,30.657899999999998
Customer362,Cluster62,32.296800000000005
Customer364,Cluster64,29.157799999999988
Customer365,Cluster65,30.381600000000006
Customer367,Cluster67,31.688750000000002
Customer368,Cluster68,31.034666666666677
Customer369,Cluster69,28.06805
Customer37,Cluster37,29.285900000000005
Customer370,Cluster70,32.30494999999999
Customer371,Cluster71,30.328299999999988
Customer372,Cluster72,26.643266666666662
Customer373,Cluster73,28.612100000000005
Customer375,Cluster75,30.08926666666666
Customer377,Cluster77,34.2452
Customer378,Cluster78,31.875966666666667
Customer379,Cluster79,35.21900000000001
Customer38,Cluster38,30.51650000000002
Customer380,Cluster80,29.93785
Customer381,Cluster81,32.18909999999999
Customer382,Cluster82,29.381749999999997
Customer383,Cluster83,26.978500000000004
Customer384,Cluster84,28.57749999999999
Customer385,Cluster85,30.652949999999997
Customer387,Cluster87,29.67175
Customer388,Cluster88,30.486700000000003
Customer389,Cluster89,29.35322
Customer39,Cluster39,31.832499999999996
Customer390,Cluster90,30.239450000000012
Customer391,Cluster91,31.039400000000008
Customer392,Cluster92,29.63865
Customer393,Cluster93,33.43619999999999
Customer394,Cluster94,27.407000000000004
Customer395,Cluster95,29.691699999999997
Customer397,Cluster97,33.283599999999986
Customer398,Cluster98,32.327799999999996
Customer399,Cluster99,29.903150000000004
Customer4,Cluster4,30.740899999999993
Customer40,Cluster40,28.72083333333333
Customer400,Cluster100,28.8662
Customer401,Cluster1,29.950766666666656
Customer402,Cluster2,27.845200000000006
Customer403,Cluster3,31.873
Customer404,Cluster4,30.8719
Customer405,Cluster5,29.2523
Customer406,Cluster6,30.20063333333333
Customer407,Cluster7,29.90834999999999
Customer409,Cluster9,33.26016666666666
Customer41,Cluster41,33.18124999999999
Customer410,Cluster10,28.045233333333343
Customer411,Cluster11,27.778599999999997
Customer412,Cluster12,34.7616
Customer413,Cluster13,28.391024999999996
Customer414,Cluster14,30.05369999999999
Customer416,Cluster16,25.439899999999994
Customer417,Cluster17,29.2629
Customer42,Cluster42,33.906400000000005
Customer420,Cluster20,30.30170000000001
Customer422,Cluster22,32.19330000000001
Customer423,Cluster23,28.621600000000008
Customer424,Cluster24,28.74393333333333
Customer425,Cluster25,28.646
Customer426,Cluster26,29.027974999999998
Customer427,Cluster27,25.99974999999999
Customer429,Cluster29,29.883833333333328
Customer43,Cluster43,29.640749999999993
Customer430,Cluster30,34.4345
Customer431,Cluster31,34.974133333333334
Customer432,Cluster32,29.22596666666666
Customer434,Cluster34,27.192666666666668
Customer436,Cluster36,32.605799999999995
Customer438,Cluster38,28.871166666666664
Customer439,Cluster39,34.45455
Customer440,Cluster40,31.304633333333328
Customer441,Cluster41,30.23880000000001
Customer442,Cluster42,29.575799999999987
Customer443,Cluster43,27.767300000000013
Customer444,Cluster44,28.833199999999998
Customer445,Cluster45,29.021599999999992
Customer446,Cluster46,32.838999999999984
Customer447,Cluster47,29.441420000000004
Customer448,Cluster48,28.712900000000005
Customer45,Cluster45,30.628466666666665
Customer451,Cluster51,31.1383
Customer452,Cluster52,28.831899999999994
Customer453,Cluster53,29.93839999999999
Customer455,Cluster55,31.438149999999997
Customer456,Cluster56,29.5307
Customer458,Cluster58,30.9979
Customer459,Cluster59,28.840833333333325
Customer46,Cluster46,31.789999999999996
Customer460,Cluster60,31.82559999999999
Customer461,Cluster61,29.877725000000005
Customer462,Cluster62,32.5004
Customer463,Cluster63,28.41109999999999
Customer464,Cluster64,29.942525
Customer466,Cluster66,27.11880000000001
Customer467,Cluster67,31.235933333333335
Customer468,Cluster68,29.222800000000007
Customer469,Cluster69,30.029699999999995
Customer47,Cluster47,27.423450000000003
Customer470,Cluster70,24.285499999999985
Customer471,Cluster71,28.080700000000007
Customer472,Cluster72,28.569450000000003
Customer473,Cluster73,30.566250000000004
Customer474,Cluster74,28.030333333333328
Customer475,Cluster75,29.871599999999994
Customer476,Cluster76,32.92199999999999
Customer477,Cluster77,28.701600000000006
Customer478,Cluster78,29.025099999999988
Customer479,Cluster79,29.506033333333335
Customer48,Cluster48,30.808499999999995
Customer480,Cluster80,27.366766666666674
Customer482,Cluster82,30.16505
Customer483,Cluster83,33.217499999999994
Customer484,Cluster84,28.0274
Customer485,Cluster85,27.7161
Customer486,Cluster86,27.108300000000003
Customer487,Cluster87,33.26819999999999
Customer489,Cluster89,33.3222
Customer49,Cluster49,26.4482
Customer490,Cluster90,32.81643333333333
Customer491,Cluster91,31.088699999999996
Customer494,Cluster94,31.38190000000001
Customer495,Cluster95,31.559624999999997
Customer496,Cluster96,30.38716666666667
Customer497,Cluster97,27.5937
Customer498,Cluster98,28.518599999999996
Customer499,Cluster99,34.795049999999996
Customer5,Cluster5,30.78966666666666
Customer50,Cluster50,31.28889999999999
Customer500,Cluster100,29.63845
Customer502,Cluster2,28.902600000000007
Customer504,Cluster4,28.960166666666666
Customer505,Cluster5,28.6265
Customer506,Cluster6,31.09386666666667
Customer507,Cluster7,25.022999999999993
Customer508,Cluster8,27.892425000000003
Customer509,Cluster9,40.263000000000005
Customer510,Cluster10,30.118550000000006
Customer511,Cluster11,28.534000000000002
Customer512,Cluster12,29.582900000000002
Customer513,Cluster13,30.16329999999999
Customer514,Cluster14,30.82645
Customer515,Cluster15,26.926600000000004
Customer516,Cluster16,30.909499999999994
Customer518,Cluster18,28.614099999999986
Customer519,Cluster19,25.8023
Customer52,Cluster52,28.637199999999996
Customer520,Cluster20,30.28963333333334
Customer521,Cluster21,29.080049999999986
Customer522,Cluster22,23.708200000000005
Customer523,Cluster23,27.745449999999998
Customer524,Cluster24,27.8923
Customer525,Cluster25,26.923225000000002
Customer526,Cluster26,27.652300000000004
Customer527,Cluster27,33.77100000000001
Customer528,Cluster28,27.66389999999999
Customer529,Cluster29,35.05460000000001
Customer53,Cluster53,28.356400000000008
Customer530,Cluster30,31.433033333333327
Customer531,Cluster31,28.587000000000003
Customer532,Cluster32,28.223799999999997
Customer533,Cluster33,28.071399999999997
Customer535,Cluster35,25.490599999999993
Customer536,Cluster36,27.8222
Customer537,Cluster37,26.050699999999992
Customer538,Cluster38,29.707199999999993
Customer54,Cluster54,32.114266666666666
Customer541,Cluster41,34.0189
Customer542,Cluster42,26.37005
Customer543,Cluster43,27.407150000000005
Customer544,Cluster44,30.60905000000001
Customer545,Cluster45,29.15023333333333
Customer546,Cluster46,28.785999999999987
Customer548,Cluster48,30.064199999999982
Customer549,Cluster49,29.565699999999985
Customer55,Cluster55,30.280500000000007
Customer550,Cluster50,28.208899999999993
Customer551,Cluster51,25.689933333333332
Customer552,Cluster52,29.49484
Customer553,Cluster53,31.98935
Customer554,Cluster54,32.81813333333333
Customer556,Cluster56,30.164200000000015
Customer557,Cluster57,27.781099999999995
Customer56,Cluster56,28.56999999999999
Customer560,Cluster60,35.548399999999994
Customer561,Cluster61,24.315099999999997
Customer563,Cluster63,30.4247
Customer564,Cluster64,30.64056666666666
Customer565,Cluster65,25.894449999999992
Customer566,Cluster66,30.7072
Customer567,Cluster67,30.706549999999993
Customer568,Cluster68,27.14809999999999
Customer569,Cluster69,29.463200000000004
Customer57,Cluster57,33.887499999999996
Customer570,Cluster70,27.689033333333327
Customer571,Cluster71,28.280699999999992
Customer572,Cluster72,26.99564999999999
Customer573,Cluster73,32.32136666666667
Customer574,Cluster74,31.035799999999995
Customer575,Cluster75,29.0135
Customer576,Cluster76,30.680233333333337
Customer577,Cluster77,29.894
Customer578,Cluster78,29.471499999999992
Customer579,Cluster79,30.1446
Customer58,Cluster58,33.69744999999999
Customer580,Cluster80,30.842199999999995
Customer581,Cluster81,28.3967
Customer582,Cluster82,31.64795
Customer583,Cluster83,27.470699999999983
Customer584,Cluster84,30.873999999999995
Customer585,Cluster85,27.865399999999994
Customer586,Cluster86,30.476124999999993
Customer587,Cluster87,29.790800000000004
Customer588,Cluster88,32.8971
Customer589,Cluster89,27.305600000000005
Customer591,Cluster91,29.991749999999996
Customer592,Cluster92,30.58835
Customer593,Cluster93,31.534899999999972
Customer594,Cluster94,28.00424999999999
Customer595,Cluster95,38.58319999999998
Customer597,Cluster97,32.85013333333334
Customer599,Cluster99,33.038099999999986
Customer6,Cluster6,29.8804
Customer60,Cluster60,31.227299999999993
Customer600,Cluster100,31.447799999999997
Customer601,Cluster1,29.239549999999994
Customer602,Cluster2,26.947500000000005
Customer603,Cluster3,34.460499999999996
Customer604,Cluster4,28.305100000000007
Customer605,Cluster5,27.764000000000006
Customer606,Cluster6,31.167749999999995
Customer608,Cluster8,27.938100000000002
Customer609,Cluster9,28.657233333333334
Customer61,Cluster61,24.618766666666662
Customer610,Cluster10,28.836199999999998
Customer612,Cluster12,31.79779999999998
Customer613,Cluster13,29.62295000000001
Customer615,Cluster15,34.5969
Customer616,Cluster16,30.69560000000001
Customer619,Cluster19,28.363949999999996
Customer62,Cluster62,27.202949999999998
Customer620,Cluster20,27.83353333333334
Customer621,Cluster21,30.579599999999985
Customer622,Cluster22,29.075266666666675
Customer623,Cluster23,29.852000000000007
Customer624,Cluster24,27.698000000000008
Customer626,Cluster26,27.58479999999999
Customer627,Cluster27,29.6293
Customer629,Cluster29,29.784566666666674
Customer63,Cluster63,28.24860000000001
Customer630,Cluster30,28.346000000000007
Customer632,Cluster32,29.0127
Customer633,Cluster33,27.026600000000002
Customer634,Cluster34,32.22285
Customer635,Cluster35,30.007999999999996
Customer636,Cluster36,27.517099999999996
Customer637,Cluster37,29.0756
Customer638,Cluster38,28.424000000000007
Customer639,Cluster39,32.83765
Customer64,Cluster64,28.742633333333334
Customer640,Cluster40,29.281450000000003
Customer641,Cluster41,31.8548
Customer643,Cluster43,31.623649999999987
Customer645,Cluster45,28.192949999999996
Customer646,Cluster46,29.017200000000017
Customer647,Cluster47,32.98303333333334
Customer648,Cluster48,30.135366666666666
Customer649,Cluster49,28.003449999999997
Customer65,Cluster65,29.951800000000013
Customer650,Cluster50,25.42635
Customer651,Cluster51,29.83775
Customer652,Cluster52,27.791299999999996
Customer653,Cluster53,24.222799999999985
Customer654,Cluster54,25.77273333333333
Customer655,Cluster55,27.87223333333334
Customer656,Cluster56,29.852299999999996
Customer657,Cluster57,30.47805000000001
Customer658,Cluster58,31.604933333333335
Customer659,Cluster59,31.021649999999998
Customer660,Cluster60,26.80005
Customer661,Cluster61,23.88920000000001
Customer662,Cluster62,30.83095
Customer665,Cluster65,31.7243
Customer666,Cluster66,29.589999999999996
Customer667,Cluster67,22.699799999999996
Customer669,Cluster69,34.98954999999998
Customer67,Cluster67,29.390549999999998
Customer670,Cluster70,30.469550000000005
Customer672,Cluster72,28.524699999999996
Customer673,Cluster73,29.624699999999997
Customer674,Cluster74,30.639900000000008
Customer675,Cluster75,29.901340000000005
Customer677,Cluster77,27.03939999999999
Customer678,Cluster78,30.548850000000005
Customer679,Cluster79,31.580499999999986
Customer68,Cluster68,25.3027
Customer681,Cluster81,28.181499999999993
Customer682,Cluster82,26.54085
Customer683,Cluster83,25.9416
Customer684,Cluster84,29.153100000000006
Customer686,Cluster86,30.558300000000003
Customer688,Cluster88,27.136799999999983
Customer690,Cluster90,30.010466666666662
Customer691,Cluster91,26.632079999999995
Customer692,Cluster92,23.257300000000004
Customer693,Cluster93,30.463899999999995
Customer695,Cluster95,28.308766666666674
Customer696,Cluster96,29.45429999999999
Customer697,Cluster97,27.41500000000001
Customer698,Cluster98,30.912550000000003
Customer700,Cluster100,24.737149999999996
Customer701,Cluster1,31.41044999999999
Customer702,Cluster2,22.321399999999997
Customer703,Cluster3,27.49840000000001
Customer705,Cluster5,24.075599999999998
Customer706,Cluster6,31.358466666666672
Customer707,Cluster7,30.464100000000006
Customer708,Cluster8,30.165099999999992
Customer71,Cluster71,28.289200000000008
Customer710,Cluster10,27.421425
Customer712,Cluster12,27.889650000000003
Customer713,Cluster13,27.002999999999997
Customer714,Cluster14,29.505974999999996
Customer716,Cluster16,34.87249999999999
Customer717,Cluster17,28.33565
Customer718,Cluster18,30.0357
Customer719,Cluster19,28.60890000000001
Customer72,Cluster72,28.681599999999992
Customer720,Cluster20,26.843250000000005
Customer722,Cluster22,28.295900000000003
Customer723,Cluster23,29.1187
Customer724,Cluster24,29.015099999999997
Customer725,Cluster25,33.299599999999984
Customer726,Cluster26,30.2687
Customer727,Cluster27,29.851950000000002
Customer728,Cluster28,28.451175
Customer729,Cluster29,27.803300000000014
Customer73,Cluster73,25.305
Customer730,Cluster30,29.733300000000007
Customer731,Cluster31,28.3653
Customer732,Cluster32,25.9662
Customer733,Cluster33,29.012660000000004
Customer734,Cluster34,29.913850000000004
Customer735,Cluster35,28.752033333333326
Customer736,Cluster36,31.5576
Customer737,Cluster37,30.086900000000004
Customer738,Cluster38,31.59925
Customer739,Cluster39,32.438500000000005
Customer74,Cluster74,35.26673333333333
Customer741,Cluster41,25.985099999999992
Customer742,Cluster42,29.261733333333325
Customer743,Cluster43,27.26845
Customer744,Cluster44,30.993299999999998
Customer745,Cluster45,30.525
Customer746,Cluster46,29.21184999999999
Customer747,Cluster47,30.28465
Customer748,Cluster48,39.609500000000004
Customer749,Cluster49,31.368600000000015
Customer75,Cluster75,31.54075
Customer750,Cluster50,29.059
Customer751,Cluster51,29.635666666666665
Customer752,Cluster52,28.188633333333332
Customer753,Cluster53,26.4813
Customer754,Cluster54,27.732200000000006
Customer755,Cluster55,21.66940000000001
Customer756,Cluster56,27.56270000000001
Customer757,Cluster57,26.33699999999999
Customer759,Cluster59,29.496450000000003
Customer76,Cluster76,27.66224999999999
Customer760,Cluster60,29.953375
Customer761,Cluster61,32.4958
Customer762,Cluster62,25.714600000000004
Customer763,Cluster63,29.329000000000004
Customer764,Cluster64,26.58775
Customer765,Cluster65,26.112499999999997
Customer766,Cluster66,30.339100000000016
Customer769,Cluster69,35.89220000000001
Customer77,Cluster77,22.938900000000004
Customer770,Cluster70,29.586075000000005
Customer771,Cluster71,28.509725
Customer772,Cluster72,31.9465
Customer773,Cluster73,28.557499999999983
Customer774,Cluster74,32.69566666666666
Customer777,Cluster77,33.48309999999999
Customer778,Cluster78,29.917160000000003
Customer779,Cluster79,24.323700000000002
Customer78,Cluster78,28.580699999999997
Customer780,Cluster80,30.352166666666665
Customer781,Cluster81,31.74290000000001
Customer782,Cluster82,32.9961
Customer783,Cluster83,32.64039999999999
Customer784,Cluster84,24.822049999999997
Customer785,Cluster85,30.871233333333347
Customer786,Cluster86,28.936800000000005
Customer787,Cluster87,35.1822
Customer788,Cluster88,29.55135
Customer789,Cluster89,30.124699999999997
Customer79,Cluster79,28.608800000000006
Customer790,Cluster90,28.671400000000002
Customer791,Cluster91,30.856100000000012
Customer792,Cluster92,26.4476
Customer793,Cluster93,32.45329999999999
Customer794,Cluster94,26.044749999999997
Customer795,Cluster95,28.0129
Customer797,Cluster97,32.344100000000005
Customer798,Cluster98,33.10049999999998
Customer799,Cluster99,28.268433333333334
Customer8,Cluster8,31.053500000000003
Customer800,Cluster100,28.2784
Customer801,Cluster1,25.07143333333333
Customer803,Cluster3,30.648950000000006
Customer804,Cluster4,28.89580000000001
Customer805,Cluster5,26.690100000000008
Customer806,Cluster6,31.18469999999999
Customer807,Cluster7,30.677950000000003
Customer808,Cluster8,24.46049999999999
Customer809,Cluster9,28.959166666666675
Customer81,Cluster81,28.867750000000008
Customer811,Cluster11,27.710100000000004
Customer812,Cluster12,26.765133333333328
Customer814,Cluster14,31.09723333333333
Customer815,Cluster15,32.22866666666666
Customer816,Cluster16,29.399166666666662
Customer817,Cluster17,28.153700000000008
Customer818,Cluster18,31.09379999999999
Customer819,Cluster19,34.52589999999999
Customer820,Cluster20,28.847400000000007
Customer822,Cluster22,27.558100000000003
Customer823,Cluster23,27.811825000000002
Customer825,Cluster25,30.55709999999999
Customer826,Cluster26,27.80973333333334
Customer827,Cluster27,34.8324
Customer828,Cluster28,29.02958333333333
Customer829,Cluster29,28.25340000000001
Customer83,Cluster83,30.783050000000003
Customer830,Cluster30,27.2472
Customer831,Cluster31,30.704349999999998
Customer833,Cluster33,31.61810000000001
Customer834,Cluster34,32.15645000000001
Customer835,Cluster35,31.65294999999999
Customer837,Cluster37,28.990775
Customer838,Cluster38,31.20786666666667
Customer84,Cluster84,28.474750000000004
Customer840,Cluster40,35.403299999999994
Customer841,Cluster41,31.140033333333335
Customer842,Cluster42,31.02960000000001
Customer843,Cluster43,28.238349999999997
Customer844,Cluster44,30.818150000000003
Customer845,Cluster45,29.828599999999994
Customer846,Cluster46,30.904399999999992
Customer847,Cluster47,27.8265
Customer848,Cluster48,25.795100000000005
Customer849,Cluster49,30.042749999999998
Customer85,Cluster85,23.751599999999986
Customer850,Cluster50,31.365325000000013
Customer851,Cluster51,29.853949999999998
Customer852,Cluster52,28.921966666666666
Customer853,Cluster53,25.694200000000002
Customer854,Cluster54,34.426700000000004
Customer855,Cluster55,29.953400000000002
Customer857,Cluster57,27.427000000000003
Customer858,Cluster58,25.6897
Customer86,Cluster86,31.62265
Customer860,Cluster60,30.515949999999982
Customer861,Cluster61,27.0422
Customer862,Cluster62,31.840900000000005
Customer864,Cluster64,25.97645
Customer865,Cluster65,31.266249999999996
Customer866,Cluster66,32.26489999999999
Customer867,Cluster67,31.418600000000005
Customer868,Cluster68,30.713774999999995
Customer869,Cluster69,28.87704
Customer87,Cluster87,31.814066666666662
Customer871,Cluster71,27.056
Customer872,Cluster72,28.49259999999999
Customer873,Cluster73,30.660200000000003
Customer874,Cluster74,24.51555
Customer875,Cluster75,31.714200000000012
Customer876,Cluster76,27.665433333333322
Customer877,Cluster77,27.460649999999998
Customer878,Cluster78,32.45375000000001
Customer879,Cluster79,25.986099999999986
Customer88,Cluster88,35.39670000000002
Customer880,Cluster80,31.229200000000013
Customer883,Cluster83,31.033550000000005
Customer885,Cluster85,29.666800000000006
Customer886,Cluster86,32.02055
Customer887,Cluster87,29.542975
Customer888,Cluster88,29.73265
Customer889,Cluster89,28.593900000000005
Customer89,Cluster89,31.119
Customer890,Cluster90,26.402299999999993
Customer892,Cluster92,33.002766666666666
Customer893,Cluster93,28.535466666666675
Customer894,Cluster94,31.804433333333332
Customer896,Cluster96,28.16603333333333
Customer899,Cluster99,24.021800000000017
Customer9,Cluster9,30.156849999999995
Customer90,Cluster90,29.28823333333334
Customer902,Cluster2,30.429300000000005
Customer903,Cluster3,28.425733333333337
Customer904,Cluster4,30.68095000000001
Customer906,Cluster6,30.31664999999999
Customer907,Cluster7,25.145049999999994
Customer908,Cluster8,29.7033
Customer91,Cluster91,33.072600000000016
Customer910,Cluster10,28.236475000000002
Customer911,Cluster11,30.828100000000003
Customer912,Cluster12,28.305633333333333
Customer913,Cluster13,34.5168
Customer915,Cluster15,30.655600000000007
Customer917,Cluster17,34.10430000000001
Customer918,Cluster18,31.49022500000001
Customer919,Cluster19,25.449199999999998
Customer92,Cluster92,34.54600000000001
Customer920,Cluster20,30.071400000000004
Customer921,Cluster21,26.068799999999992
Customer922,Cluster22,30.162950000000002
Customer923,Cluster23,33.945
Customer924,Cluster24,29.758099999999992
Customer925,Cluster25,28.401099999999996
Customer926,Cluster26,28.105399999999996
Customer927,Cluster27,29.40175
Customer928,Cluster28,32.98490000000001
Customer929,Cluster29,28.35804999999999
Customer93,Cluster93,32.364050000000006
Customer931,Cluster31,27.43693333333334
Customer932,Cluster32,26.381000000000014
Customer933,Cluster33,25.8776
Customer934,Cluster34,32.11763333333334
Customer935,Cluster35,31.119749999999996
Customer936,Cluster36,27.749849999999995
Customer937,Cluster37,31.124449999999996
Customer938,Cluster38,27.534200000000006
Customer939,Cluster39,31.343299999999992
Customer94,Cluster94,28.67524000000001
Customer940,Cluster40,32.93890000000001
Customer943,Cluster43,28.822000000000006
Customer945,Cluster45,28.895100000000003
Customer948,Cluster48,23.036699999999996
Customer949,Cluster49,29.54069999999999
Customer95,Cluster95,33.19493333333333
Customer950,Cluster50,30.84965000000001
Customer951,Cluster51,31.613400000000002
Customer952,Cluster52,21.924799999999994
Customer953,Cluster53,36.39849999999999
Customer954,Cluster54,28.820700000000006
Customer955,Cluster55,29.273199999999992
Customer957,Cluster57,28.467433333333336
Customer96,Cluster96,31.814566666666668
Customer960,Cluster60,29.744100000000017
Customer961,Cluster61,29.143333333333334
Customer962,Cluster62,30.59145000000001
Customer963,Cluster63,29.091366666666662
Customer964,Cluster64,28.61420000000001
Customer965,Cluster65,32.06130000000002
Customer966,Cluster66,30.171233333333344
Customer967,Cluster67,28.7202
Customer968,Cluster68,31.4894
Customer969,Cluster69,32.22223333333333
Customer97,Cluster97,31.2024
Customer970,Cluster70,33.6848
Customer972,Cluster72,29.934450000000012
Customer973,Cluster73,30.108700000000013
Customer974,Cluster74,30.657900000000005
Customer975,Cluster75,26.806849999999997
Customer976,Cluster76,31.03306666666667
Customer977,Cluster77,32.37973333333334
Customer978,Cluster78,34.63899999999999
Customer979,Cluster79,34.41409999999999
Customer98,Cluster98,27.09089999999999
Customer980,Cluster80,31.411599999999996
Customer981,Cluster81,40.428100000000015
Customer983,Cluster83,24.98280000000001
Customer984,Cluster84,30.141899999999993
Customer985,Cluster85,33.8957
Customer986,Cluster86,27.935200000000005
Customer988,Cluster88,31.298399999999983
Customer989,Cluster89,31.224100000000004
Customer99,Cluster99,29.448399999999985
Customer990,Cluster90,25.745200000000008
Customer992,Cluster92,29.774466666666665
Customer993,Cluster93,27.665599999999998
Customer994,Cluster94,29.19374999999998
Customer995,Cluster95,24.745499999999993
Customer996,Cluster96,32.9277
Customer998,Cluster98,32.35760000000001
Customer999,Cluster99,24.4196
