Customer_ID,Cluster_ID,SKO_Requirement_Predicted
Customer1,Cluster1,29.04473333333333
Customer10,Cluster10,30.784000000000002
Customer100,Cluster100,32.417699999999996
Customer1000,Cluster100,32.653899999999986
Customer1001,Cluster1,26.95859999999999
Customer1003,Cluster3,26.269099999999995
Customer1004,Cluster4,30.20126666666668
Customer1005,Cluster5,31.942999999999987
Customer1006,Cluster6,24.75710000000001
Customer1007,Cluster7,28.762800000000002
Customer1008,Cluster8,28.25779999999999
Customer1009,Cluster9,29.89205
Customer101,Cluster1,31.809299999999997
Customer1010,Cluster10,29.780333333333317
Customer1011,Cluster11,31.564400000000006
Customer1012,Cluster12,31.92
Customer1013,Cluster13,33.60175000000001
Customer1014,Cluster14,29.9237
Customer1015,Cluster15,34.28015
Customer1016,Cluster16,29.36095
Customer1017,Cluster17,27.839100000000002
Customer1018,Cluster18,28.073324999999997
Customer1019,Cluster19,28.197400000000002
Customer102,Cluster2,33.180266666666675
Customer1020,Cluster20,30.16186666666667
Customer1021,Cluster21,31.930300000000006
Customer1022,Cluster22,30.257399999999997
Customer1023,Cluster23,32.299699999999994
Customer1024,Cluster24,29.586600000000004
Customer1025,Cluster25,29.41819999999999
Customer1026,Cluster26,27.774900000000006
Customer1027,Cluster27,31.8791
Customer1028,Cluster28,31.464699999999997
Customer103,Cluster3,28.1906
Customer1030,Cluster30,31.800900000000006
Customer1032,Cluster32,28.007799999999996
Customer1033,Cluster33,36.45559999999998
Customer1034,Cluster34,28.747149999999998
Customer1035,Cluster35,30.950266666666668
Customer1036,Cluster36,26.17099999999999
Customer1037,Cluster37,28.558124999999997
Customer1038,Cluster38,34.682199999999995
Customer1039,Cluster39,24.9591
Customer104,Cluster4,28.850799999999992
Customer1040,Cluster40,29.790199999999995
Customer1041,Cluster41,29.213850000000008
Customer1042,Cluster42,26.1393
Customer1044,Cluster44,30.036750000000005
Customer1045,Cluster45,33.648999999999994
Customer1046,Cluster46,25.8607
Customer1047,Cluster47,35.70549999999999
Customer1049,Cluster49,29.283333333333342
Customer105,Cluster5,31.563049999999997
Customer1050,Cluster50,31.851725000000002
Customer1051,Cluster51,30.658449999999995
Customer1052,Cluster52,31.929250000000014
Customer1053,Cluster53,31.771800000000013
Customer1054,Cluster54,29.78199999999999
Customer1055,Cluster55,31.844500000000004
Customer1056,Cluster56,30.24895
Customer1057,Cluster57,33.212999999999994
Customer1058,Cluster58,31.742850000000004
Customer1059,Cluster59,31.82486666666667
Customer106,Cluster6,28.11345
Customer1060,Cluster60,33.562349999999995
Customer1061,Cluster61,30.447200000000006
Customer1062,Cluster62,32.32400000000001
Customer1064,Cluster64,32.9222
Customer1065,Cluster65,28.008400000000005
Customer1066,Cluster66,29.226900000000004
Customer1067,Cluster67,28.50930000000001
Customer1068,Cluster68,35.23220000000001
Customer1069,Cluster69,31.492199999999993
Customer107,Cluster7,31.48849999999999
Customer1070,Cluster70,30.594050000000003
Customer1071,Cluster71,30.917233333333332
Customer1072,Cluster72,32.4559
Customer1073,Cluster73,32.974
Customer1074,Cluster74,29.189850000000003
Customer1075,Cluster75,31.788399999999992
Customer1076,Cluster76,29.562766666666672
Customer1077,Cluster77,28.825560000000003
Customer108,Cluster8,28.474925000000002
Customer1080,Cluster80,24.721199999999996
Customer1082,Cluster82,28.892900000000015
Customer1083,Cluster83,28.82665
Customer1084,Cluster84,26.573850000000007
Customer1085,Cluster85,30.55695
Customer1086,Cluster86,26.851366666666667
Customer1087,Cluster87,27.739599999999996
Customer1088,Cluster88,26.173299999999998
Customer1089,Cluster89,28.90489999999998
Customer109,Cluster9,32.45549999999999
Customer1091,Cluster91,34.494499999999995
Customer1092,Cluster92,29.401575000000005
Customer1094,Cluster94,29.148533333333344
Customer1095,Cluster95,30.09893333333334
Customer1097,Cluster97,30.907600000000023
Customer1098,Cluster98,31.07650000000001
Customer1099,Cluster99,27.53510000000001
Customer11,Cluster11,26.45860000000001
Customer110,Cluster10,26.993999999999996
Customer1102,Cluster2,31.648799999999998
Customer1103,Cluster3,29.030699999999996
Customer1104,Cluster4,29.672399999999996
Customer1105,Cluster5,30.797750000000004
Customer1106,Cluster6,32.856350000000006
Customer1107,Cluster7,30.801800000000007
Customer1108,Cluster8,29.15984999999999
Customer1109,Cluster9,25.674149999999997
Customer111,Cluster11,29.969399999999997
Customer1110,Cluster10,32.40149999999999
Customer1111,Cluster11,25.35930000000001
Customer1112,Cluster12,27.5154
Customer1113,Cluster13,30.517999999999997
Customer1114,Cluster14,30.567899999999995
Customer1116,Cluster16,28.772400000000008
Customer1117,Cluster17,26.622349999999997
Customer1118,Cluster18,30.824133333333346
Customer1119,Cluster19,31.775066666666675
Customer112,Cluster12,30.90926666666667
Customer1120,Cluster20,29.80186666666667
Customer1121,Cluster21,29.121600000000008
Customer1122,Cluster22,31.056750000000005
Customer1123,Cluster23,27.914400000000004
Customer1124,Cluster24,29.21445
Customer1125,Cluster25,30.460000000000008
Customer1126,Cluster26,30.831549999999986
Customer1127,Cluster27,32.0719
Customer1128,Cluster28,29.664525
Customer1129,Cluster29,31.306599999999992
Customer113,Cluster13,29.208775
Customer1130,Cluster30,32.4721
Customer1131,Cluster31,28.501450000000006
Customer1132,Cluster32,28.51130000000001
Customer1134,Cluster34,31.480749999999993
Customer1136,Cluster36,31.80643333333333
Customer1137,Cluster37,30.1907
Customer1139,Cluster39,34.861799999999995
Customer114,Cluster14,29.052000000000003
Customer1141,Cluster41,28.2193
Customer1144,Cluster44,25.513400000000004
Customer1145,Cluster45,32.27782499999999
Customer1146,Cluster46,25.297400000000003
Customer1147,Cluster47,30.40660000000001
Customer1148,Cluster48,31.478799999999993
Customer1149,Cluster49,30.809849999999997
Customer115,Cluster15,29.270500000000002
Customer1151,Cluster51,33.5279
Customer1152,Cluster52,31.137300000000003
Customer1153,Cluster53,29.3645
Customer1154,Cluster54,32.1614
Customer1155,Cluster55,32.5273
Customer1156,Cluster56,29.273299999999995
Customer1157,Cluster57,30.893900000000013
Customer1158,Cluster58,29.927999999999997
Customer1159,Cluster59,31.967900000000007
Customer116,Cluster16,28.854200000000002
Customer1160,Cluster60,29.869699999999987
Customer1161,Cluster61,26.636299999999995
Customer1162,Cluster62,29.726250000000014
Customer1164,Cluster64,33.21050000000002
Customer1165,Cluster65,29.480666666666675
Customer1166,Cluster66,31.36948
Customer1167,Cluster67,30.012299999999996
Customer1168,Cluster68,27.49324999999999
Customer1169,Cluster69,28.54373333333332
Customer117,Cluster17,28.3134
Customer1170,Cluster70,27.591566666666676
Customer1172,Cluster72,30.79693333333334
Customer1173,Cluster73,31.385850000000005
Customer1174,Cluster74,32.66999999999997
Customer1176,Cluster76,32.0501
Customer1177,Cluster77,33.454266666666655
Customer1178,Cluster78,28.563649999999996
Customer1179,Cluster79,29.316999999999993
Customer118,Cluster18,29.256099999999993
Customer1180,Cluster80,28.50686666666667
Customer1182,Cluster82,34.07839999999999
Customer1183,Cluster83,29.017075000000006
Customer1184,Cluster84,30.458099999999998
Customer1185,Cluster85,29.155249999999995
Customer1186,Cluster86,27.130799999999997
Customer1187,Cluster87,28.344099999999997
Customer1188,Cluster88,31.874900000000007
Customer1189,Cluster89,36.0592
Customer119,Cluster19,26.939099999999993
Customer1190,Cluster90,28.081100000000006
Customer1192,Cluster92,30.37605
Customer1193,Cluster93,30.652650000000015
Customer1194,Cluster94,27.923033333333336
Customer1195,Cluster95,29.743425000000013
Customer1196,Cluster96,27.806400000000004
Customer1197,Cluster97,29.088766666666654
Customer1198,Cluster98,29.019299999999998
Customer1199,Cluster99,29.96034999999999
Customer12,Cluster12,25.932900000000004
Customer120,Cluster20,36.5295
Customer1200,Cluster100,31.02546666666666
Customer1201,Cluster1,30.09714999999999
Customer1202,Cluster2,27.576
Customer1203,Cluster3,24.922699999999992
Customer1204,Cluster4,32.23873333333333
Customer1205,Cluster5,31.346499999999995
Customer1206,Cluster6,31.207250000000002
Customer1207,Cluster7,31.779466666666668
Customer1208,Cluster8,28.706666666666667
Customer1209,Cluster9,29.683766666666667
Customer121,Cluster21,29.276800000000005
Customer1213,Cluster13,29.310100000000006
Customer1215,Cluster15,29.352200000000007
Customer1216,Cluster16,30.352499999999996
Customer1218,Cluster18,29.575900000000004
Customer1219,Cluster19,29.634333333333345
Customer122,Cluster22,28.61100000000002
Customer1220,Cluster20,28.77218
Customer1221,Cluster21,30.64584999999999
Customer1222,Cluster22,26.435299999999998
Customer1223,Cluster23,27.869899999999994
Customer1224,Cluster24,31.207060000000006
Customer1225,Cluster25,29.166900000000005
Customer1226,Cluster26,32.21739999999999
Customer1227,Cluster27,30.748500000000007
Customer1228,Cluster28,29.572599999999984
Customer1229,Cluster29,28.191666666666674
Customer123,Cluster23,31.8625
Customer1230,Cluster30,26.594300000000008
Customer1231,Cluster31,30.298366666666663
Customer1232,Cluster32,31.240800000000007
Customer1233,Cluster33,28.50365
Customer1234,Cluster34,30.072475
Customer1235,Cluster35,27.315450000000006
Customer1236,Cluster36,29.503549999999994
Customer1237,Cluster37,29.830299999999998
Customer1238,Cluster38,31.800700000000017
Customer1239,Cluster39,33.065799999999996
Customer1240,Cluster40,29.619500000000002
Customer1241,Cluster41,29.893850000000004
Customer1242,Cluster42,31.240250000000003
Customer1243,Cluster43,30.995300000000004
Customer1244,Cluster44,29.188050000000004
Customer1245,Cluster45,35.372600000000006
Customer1246,Cluster46,28.59153333333333
Customer1248,Cluster48,34.153250000000014
Customer1249,Cluster49,33.47359999999999
Customer1250,Cluster50,28.7231
Customer1251,Cluster51,31.629150000000003
Customer1252,Cluster52,27.028399999999998
Customer1253,Cluster53,31.687950000000008
Customer1254,Cluster54,35.48335
Customer1256,Cluster56,28.43715
Customer1257,Cluster57,28.817066666666676
Customer1258,Cluster58,30.10523333333334
Customer1259,Cluster59,28.840649999999993
Customer126,Cluster26,26.677400000000002
Customer1260,Cluster60,28.108
Customer1261,Cluster61,31.961333333333314
Customer1262,Cluster62,28.49803333333333
Customer1263,Cluster63,29.174500000000002
Customer1264,Cluster64,28.8073
Customer1265,Cluster65,35.73570000000001
Customer1266,Cluster66,29.41629999999999
Customer1267,Cluster67,28.569999999999997
Customer1268,Cluster68,25.705600000000008
Customer1269,Cluster69,35.087599999999995
Customer127,Cluster27,29.018199999999993
Customer1270,Cluster70,30.88499999999999
Customer1271,Cluster71,32.784400000000005
Customer1272,Cluster72,33.089999999999996
Customer1273,Cluster73,33.769
Customer1274,Cluster74,29.862650000000002
Customer1275,Cluster75,28.506800000000002
Customer1276,Cluster76,31.783525
Customer1277,Cluster77,30.25443333333335
Customer1278,Cluster78,31.242549999999994
Customer128,Cluster28,27.773399999999988
Customer1280,Cluster80,34.26559999999999
Customer1281,Cluster81,28.466299999999983
Customer1282,Cluster82,31.457700000000006
Customer1283,Cluster83,33.3609
Customer1284,Cluster84,33.801349999999985
Customer1285,Cluster85,28.181300000000014
Customer1286,Cluster86,26.42280000000001
Customer1287,Cluster87,35.699499999999986
Customer1288,Cluster88,29.939425000000007
Customer1289,Cluster89,29.704650000000004
Customer1290,Cluster90,33.343849999999996
Customer1291,Cluster91,37.80460000000002
Customer1292,Cluster92,32.58414999999999
Customer1293,Cluster93,31.391449999999992
Customer1294,Cluster94,30.97449999999999
Customer1295,Cluster95,30.361099999999997
Customer1296,Cluster96,28.409499999999998
Customer1297,Cluster97,30.829724999999996
Customer1298,Cluster98,32.3864
Customer1299,Cluster99,27.9543
Customer13,Cluster13,28.434199999999993
Customer130,Cluster30,30.12663333333333
Customer1300,Cluster100,31.436000000000018
Customer1301,Cluster1,30.4024
Customer1302,Cluster2,30.279200000000007
Customer1304,Cluster4,25.22640000000001
Customer1305,Cluster5,31.443499999999993
Customer1306,Cluster6,29.895399999999984
Customer1307,Cluster7,28.676849999999998
Customer1308,Cluster8,35.748999999999995
Customer1309,Cluster9,37.00149999999999
Customer131,Cluster31,26.502299999999995
Customer1310,Cluster10,32.148300000000006
Customer1311,Cluster11,33.164399999999986
Customer1312,Cluster12,31.60505
Customer1313,Cluster13,30.304433333333332
Customer1314,Cluster14,31.728399999999997
Customer1315,Cluster15,30.722550000000005
Customer1316,Cluster16,28.992650000000012
Customer1317,Cluster17,24.638799999999993
Customer1318,Cluster18,28.478766666666672
Customer1319,Cluster19,30.377799999999997
Customer132,Cluster32,29.445266666666672
Customer1320,Cluster20,29.884233333333338
Customer1321,Cluster21,25.189900000000016
Customer1322,Cluster22,33.25404999999999
Customer1323,Cluster23,31.654449999999983
Customer1325,Cluster25,28.914599999999997
Customer1326,Cluster26,29.726699999999987
Customer1327,Cluster27,29.905300000000004
Customer1329,Cluster29,32.837849999999996
Customer133,Cluster33,28.936275000000006
Customer1330,Cluster30,34.51690000000001
Customer1331,Cluster31,32.16385000000001
Customer1332,Cluster32,33.707550000000005
Customer1333,Cluster33,27.536299999999997
Customer1334,Cluster34,35.569
Customer1335,Cluster35,29.778000000000006
Customer1336,Cluster36,32.607699999999994
Customer1337,Cluster37,28.282700000000006
Customer1338,Cluster38,27.453400000000002
Customer1339,Cluster39,29.673150000000003
Customer134,Cluster34,31.533200000000004
Customer1340,Cluster40,33.390899999999995
Customer1341,Cluster41,36.114000000000004
Customer1342,Cluster42,30.7406
Customer1343,Cluster43,32.56759999999999
Customer1344,Cluster44,28.51749999999999
Customer1345,Cluster45,23.285999999999998
Customer1346,Cluster46,32.009366666666665
Customer1347,Cluster47,25.530533333333334
Customer1349,Cluster49,33.76764999999999
Customer135,Cluster35,37.59159999999999
Customer1350,Cluster50,31.601766666666673
Customer1353,Cluster53,30.4149
Customer1354,Cluster54,32.114866666666664
Customer1355,Cluster55,32.803900000000006
Customer1356,Cluster56,36.034899999999986
Customer1358,Cluster58,30.199449999999995
Customer1359,Cluster59,29.571733333333338
Customer136,Cluster36,29.178099999999997
Customer1360,Cluster60,27.392799999999987
Customer1361,Cluster61,27.595950000000002
Customer1362,Cluster62,29.439900000000012
Customer1363,Cluster63,29.833466666666663
Customer1365,Cluster65,30.598799999999997
Customer1366,Cluster66,29.645199999999985
Customer1367,Cluster67,26.71190000000001
Customer1368,Cluster68,34.230099999999986
Customer1369,Cluster69,29.4392
Customer137,Cluster37,30.720549999999996
Customer1370,Cluster70,35.41959999999999
Customer1371,Cluster71,31.5361
Customer1372,Cluster72,30.2397
Customer1373,Cluster73,33.78800000000002
Customer1374,Cluster74,31.77870000000002
Customer1375,Cluster75,30.99483333333332
Customer1376,Cluster76,31.16805
Customer1377,Cluster77,35.04239999999999
Customer1378,Cluster78,31.595600000000005
Customer1379,Cluster79,33.326100000000004
Customer138,Cluster38,29.126999999999995
Customer1380,Cluster80,30.645899999999997
Customer1381,Cluster81,20.274599999999996
Customer1382,Cluster82,29.04060000000001
Customer1383,Cluster83,29.014099999999996
Customer1384,Cluster84,28.554050000000004
Customer1385,Cluster85,31.143399999999996
Customer1386,Cluster86,30.318799999999996
Customer1387,Cluster87,28.55079999999998
Customer1388,Cluster88,29.78799999999999
Customer1389,Cluster89,26.791449999999998
Customer139,Cluster39,28.986833333333323
Customer1390,Cluster90,31.273799999999994
Customer1391,Cluster91,36.032199999999996
Customer1392,Cluster92,26.3886
Customer1393,Cluster93,25.321100000000005
Customer1394,Cluster94,29.021949999999993
Customer1395,Cluster95,28.39676666666668
Customer1396,Cluster96,33.23724999999999
Customer1397,Cluster97,26.228299999999997
Customer1399,Cluster99,30.993233333333336
Customer140,Cluster40,30.847500000000004
Customer1400,Cluster100,28.435350000000014
Customer1401,Cluster1,23.0881
Customer1402,Cluster2,29.10540000000001
Customer1403,Cluster3,30.362400000000015
Customer1404,Cluster4,33.490800000000014
Customer1405,Cluster5,29.71943333333333
Customer1408,Cluster8,29.395950000000006
Customer1409,Cluster9,30.447400000000002
Customer1410,Cluster10,28.362933333333327
Customer1411,Cluster11,29.48066666666666
Customer1412,Cluster12,28.292950000000005
Customer1413,Cluster13,31.16715000000001
Customer1414,Cluster14,31.535425000000004
Customer1415,Cluster15,29.12809999999999
Customer1416,Cluster16,31.916999999999994
Customer1417,Cluster17,29.372850000000007
Customer1418,Cluster18,28.74675
Customer1419,Cluster19,30.91156666666667
Customer142,Cluster42,31.065400000000004
Customer1420,Cluster20,33.515499999999996
Customer1421,Cluster21,31.438449999999996
Customer1422,Cluster22,29.48629999999999
Customer1423,Cluster23,27.8887
Customer1424,Cluster24,30.034549999999996
Customer1425,Cluster25,30.505249999999997
Customer1426,Cluster26,31.77416666666667
Customer1428,Cluster28,28.839599999999997
Customer1429,Cluster29,32.613266666666675
Customer1430,Cluster30,30.765500000000007
Customer1431,Cluster31,27.811600000000002
Customer1432,Cluster32,36.20390000000002
Customer1433,Cluster33,25.734400000000008
Customer1434,Cluster34,36.1753
Customer1435,Cluster35,23.4246
Customer1437,Cluster37,30.065150000000003
Customer1438,Cluster38,29.889799999999987
Customer1439,Cluster39,30.591999999999988
Customer144,Cluster44,25.986500000000007
Customer1440,Cluster40,27.78335
Customer1441,Cluster41,30.521800000000013
Customer1442,Cluster42,31.712224999999997
Customer1443,Cluster43,30.460275000000003
Customer1444,Cluster44,29.845799999999986
Customer1445,Cluster45,31.034899999999983
Customer1446,Cluster46,31.92306666666667
Customer1447,Cluster47,30.36943333333333
Customer1448,Cluster48,28.786100000000005
Customer1449,Cluster49,31.029799999999998
Customer1450,Cluster50,28.9501
Customer1451,Cluster51,29.00293333333333
Customer1452,Cluster52,29.258100000000006
Customer1453,Cluster53,30.3438
Customer1455,Cluster55,29.519600000000004
Customer1456,Cluster56,26.8414
Customer1457,Cluster57,29.42829999999999
Customer1458,Cluster58,32.895700000000005
Customer1459,Cluster59,28.31119999999999
Customer146,Cluster46,28.018250000000002
Customer1462,Cluster62,28.6514
Customer1463,Cluster63,30.608349999999998
Customer1464,Cluster64,29.904999999999987
Customer1465,Cluster65,31.1945
Customer1466,Cluster66,28.731249999999996
Customer1467,Cluster67,33.91559999999999
Customer1468,Cluster68,30.7911
Customer147,Cluster47,28.54073333333334
Customer1470,Cluster70,30.378719999999998
Customer1471,Cluster71,32.7857
Customer1472,Cluster72,29.893900000000002
Customer1473,Cluster73,33.767675000000004
Customer1474,Cluster74,34.1334
Customer1475,Cluster75,25.060899999999993
Customer1476,Cluster76,31.435899999999993
Customer1477,Cluster77,31.307249999999996
Customer1479,Cluster79,32.27160000000001
Customer148,Cluster48,28.417450000000002
Customer1481,Cluster81,30.532033333333334
Customer1482,Cluster82,31.38060000000001
Customer1484,Cluster84,30.3425
Customer1485,Cluster85,28.945849999999986
Customer1486,Cluster86,27.4282
Customer1488,Cluster88,28.875449999999994
Customer1489,Cluster89,29.334300000000006
Customer149,Cluster49,29.94634999999999
Customer1490,Cluster90,28.681499999999996
Customer1492,Cluster92,27.7366
Customer1494,Cluster94,27.72449999999999
Customer1495,Cluster95,29.676999999999985
Customer1496,Cluster96,30.91095
Customer1497,Cluster97,32.58369999999999
Customer1498,Cluster98,27.026466666666668
Customer1499,Cluster99,27.389699999999994
Customer15,Cluster15,22.325599999999994
Customer150,Cluster50,31.564966666666667
Customer1500,Cluster100,28.16865
Customer1501,Cluster1,31.853599999999997
Customer1502,Cluster2,29.647500000000004
Customer1503,Cluster3,25.377600000000005
Customer1504,Cluster4,27.377400000000012
Customer1505,Cluster5,29.983300000000007
Customer1506,Cluster6,28.3731
Customer1507,Cluster7,29.775700000000008
Customer1508,Cluster8,32.507400000000004
Customer151,Cluster51,33.643499999999996
Customer1510,Cluster10,29.526950000000003
Customer1511,Cluster11,30.470799999999997
Customer1513,Cluster13,27.63735
Customer1514,Cluster14,32.225199999999994
Customer1515,Cluster15,24.976250000000007
Customer1516,Cluster16,32.244550000000004
Customer1517,Cluster17,28.301399999999994
Customer1518,Cluster18,34.24029999999999
Customer1519,Cluster19,31.623566666666665
Customer152,Cluster52,28.87235
Customer1520,Cluster20,28.398899999999987
Customer1522,Cluster22,29.094100000000005
Customer1524,Cluster24,30.886700000000005
Customer1525,Cluster25,29.104333333333333
Customer1526,Cluster26,31.618749999999995
Customer1527,Cluster27,31.78865000000002
Customer1528,Cluster28,30.103599999999993
Customer1529,Cluster29,29.525750000000002
Customer153,Cluster53,30.00775
Customer1530,Cluster30,27.72
Customer1531,Cluster31,33.191599999999994
Customer1532,Cluster32,29.881699999999988
Customer1533,Cluster33,32.30076
Customer1534,Cluster34,29.3906
Customer1535,Cluster35,33.84659999999999
Customer1537,Cluster37,26.278800000000004
Customer1539,Cluster39,32.46873333333333
Customer154,Cluster54,28.649399999999996
Customer1540,Cluster40,31.5165
Customer1541,Cluster41,30.981550000000006
Customer1542,Cluster42,27.0895
Customer1543,Cluster43,29.46969999999998
Customer1544,Cluster44,30.2226
Customer1546,Cluster46,28.631650000000008
Customer1547,Cluster47,29.78169999999999
Customer1548,Cluster48,30.87195
Customer1549,Cluster49,32.49150000000001
Customer155,Cluster55,31.39890000000001
Customer1550,Cluster50,28.598549999999996
Customer1552,Cluster52,32.254200000000004
Customer1553,Cluster53,32.448100000000004
Customer1554,Cluster54,30.801400000000005
Customer1555,Cluster55,29.618000000000006
Customer1556,Cluster56,27.7041
Customer1559,Cluster59,29.663433333333334
Customer156,Cluster56,30.937466666666666
Customer1560,Cluster60,31.132666666666665
Customer1561,Cluster61,28.436950000000003
Customer1564,Cluster64,29.3811
Customer1565,Cluster65,29.150049999999997
Customer1566,Cluster66,26.396600000000003
Customer1568,Cluster68,27.083999999999996
Customer1569,Cluster69,31.10409999999999
Customer157,Cluster57,29.235866666666666
Customer1570,Cluster70,29.527900000000002
Customer1571,Cluster71,30.24044999999999
Customer1572,Cluster72,32.15218
Customer1573,Cluster73,29.73560000000001
Customer1574,Cluster74,21.497600000000002
Customer1577,Cluster77,33.976600000000005
Customer1578,Cluster78,26.567999999999998
Customer1579,Cluster79,30.194649999999996
Customer158,Cluster58,30.607833333333332
Customer1580,Cluster80,29.04276666666667
Customer1581,Cluster81,31.529700000000002
Customer1582,Cluster82,27.96925000000001
Customer1583,Cluster83,28.756350000000005
Customer1584,Cluster84,26.312450000000002
Customer1585,Cluster85,27.849699999999988
Customer1586,Cluster86,26.063066666666657
Customer1587,Cluster87,26.98269999999999
Customer1588,Cluster88,32.09675
Customer1589,Cluster89,28.552999999999997
Customer159,Cluster59,28.02105
Customer1590,Cluster90,24.275399999999994
Customer1591,Cluster91,31.3288
Customer1592,Cluster92,28.958500000000004
Customer1593,Cluster93,24.598150000000004
Customer1594,Cluster94,29.41976666666667
Customer1595,Cluster95,30.893750000000004
Customer1596,Cluster96,29.533049999999996
Customer1597,Cluster97,32.2539
Customer1598,Cluster98,31.181800000000006
Customer1599,Cluster99,29.709149999999998
Customer16,Cluster16,28.70820000000002
Customer1600,Cluster100,31.0327
Customer1601,Cluster1,33.531000000000006
Customer1603,Cluster3,34.28559999999999
Customer1604,Cluster4,34.565450000000006
Customer1605,Cluster5,29.381000000000014
Customer1606,Cluster6,36.401900000000005
Customer1607,Cluster7,31.534099999999988
Customer1608,Cluster8,31.908533333333324
Customer1609,Cluster9,28.181450000000005
Customer161,Cluster61,29.732999999999997
Customer1610,Cluster10,31.375875000000004
Customer1611,Cluster11,28.655749999999998
Customer1612,Cluster12,33.28394999999999
Customer1613,Cluster13,33.857200000000006
Customer1614,Cluster14,27.673700000000004
Customer1615,Cluster15,29.788
Customer1616,Cluster16,31.052449999999997
Customer1617,Cluster17,31.78333333333333
Customer1618,Cluster18,29.86724999999999
Customer1619,Cluster19,31.428933333333333
Customer162,Cluster62,25.6166
Customer1620,Cluster20,29.9375
Customer1621,Cluster21,27.562300000000008
Customer1622,Cluster22,33.548799999999986
Customer1623,Cluster23,32.16893333333332
Customer1625,Cluster25,30.040266666666668
Customer1627,Cluster27,24.464100000000002
Customer1628,Cluster28,30.606800000000003
Customer1629,Cluster29,32.324250000000006
Customer1631,Cluster31,25.353449999999995
Customer1632,Cluster32,35.1263
Customer1633,Cluster33,31.70320000000001
Customer1634,Cluster34,31.03635
Customer1635,Cluster35,30.13635
Customer1636,Cluster36,30.870350000000002
Customer1637,Cluster37,28.843749999999993
Customer1639,Cluster39,31.626659999999998
Customer164,Cluster64,26.4703
Customer1640,Cluster40,31.067500000000006
Customer1641,Cluster41,30.21623333333334
Customer1642,Cluster42,30.634199999999986
Customer1643,Cluster43,33.063
Customer1644,Cluster44,30.79426666666667
Customer1645,Cluster45,28.545149999999985
Customer1646,Cluster46,25.890499999999996
Customer1647,Cluster47,29.066100000000002
Customer1648,Cluster48,29.34719999999999
Customer1649,Cluster49,29.134599999999992
Customer165,Cluster65,29.806000000000004
Customer1650,Cluster50,28.723124999999992
Customer1651,Cluster51,30.553499999999996
Customer1652,Cluster52,38.617200000000004
Customer1653,Cluster53,29.17989999999999
Customer1654,Cluster54,27.679350000000003
Customer1655,Cluster55,26.844100000000008
Customer1656,Cluster56,25.164700000000003
Customer1657,Cluster57,29.534924999999994
Customer1658,Cluster58,27.808280000000003
Customer1659,Cluster59,29.386400000000013
Customer166,Cluster66,30.37626666666667
Customer1660,Cluster60,26.534799999999997
Customer1661,Cluster61,24.245800000000003
Customer1662,Cluster62,30.191800000000004
Customer1663,Cluster63,27.26679999999998
Customer1664,Cluster64,30.688200000000002
Customer1665,Cluster65,30.8889
Customer1667,Cluster67,35.91266666666667
Customer1668,Cluster68,27.290300000000023
Customer1669,Cluster69,33.309133333333335
Customer1670,Cluster70,28.89755000000001
Customer1671,Cluster71,29.770199999999985
Customer1672,Cluster72,29.55089999999999
Customer1673,Cluster73,27.95470000000001
Customer1674,Cluster74,33.69404999999999
Customer1675,Cluster75,28.390299999999996
Customer1676,Cluster76,29.099699999999988
Customer1677,Cluster77,30.176900000000003
Customer1678,Cluster78,27.365574999999993
Customer168,Cluster68,29.799859999999995
Customer1680,Cluster80,31.03009999999999
Customer1681,Cluster81,28.930350000000004
Customer1682,Cluster82,29.2021
Customer1683,Cluster83,28.144900000000007
Customer1684,Cluster84,28.608100000000007
Customer1685,Cluster85,30.0518
Customer1686,Cluster86,25.0368
Customer1687,Cluster87,21.458299999999994
Customer1688,Cluster88,29.0347
Customer1689,Cluster89,29.860199999999995
Customer169,Cluster69,26.373850000000004
Customer1690,Cluster90,23.322199999999995
Customer1691,Cluster91,29.158700000000003
Customer1693,Cluster93,29.240699999999997
Customer1694,Cluster94,30.081950000000013
Customer1695,Cluster95,22.602800000000013
Customer1696,Cluster96,29.641075
Customer1698,Cluster98,29.32406666666667
Customer1699,Cluster99,28.634999999999998
Customer17,Cluster17,34.345000000000006
Customer170,Cluster70,28.54753333333333
Customer1700,Cluster100,31.88699999999999
Customer1701,Cluster1,31.143299999999996
Customer1702,Cluster2,29.146550000000005
Customer1703,Cluster3,27.286699999999996
Customer1704,Cluster4,33.93580000000001
Customer1705,Cluster5,28.933999999999997
Customer1706,Cluster6,31.865549999999995
Customer1707,Cluster7,23.93059999999999
Customer1708,Cluster8,26.19343333333333
Customer171,Cluster71,31.98105
Customer1710,Cluster10,30.149549999999998
Customer1711,Cluster11,31.89450000000001
Customer1712,Cluster12,30.625866666666663
Customer1713,Cluster13,27.661400000000018
Customer1714,Cluster14,26.756225
Customer1715,Cluster15,31.082099999999993
Customer1717,Cluster17,31.261100000000003
Customer1718,Cluster18,27.717799999999993
Customer1719,Cluster19,30.996066666666668
Customer1721,Cluster21,28.952849999999998
Customer1722,Cluster22,30.524166666666662
Customer1723,Cluster23,27.816799999999997
Customer1724,Cluster24,35.575800000000015
Customer1725,Cluster25,28.89909999999999
Customer1726,Cluster26,28.755499999999994
Customer1727,Cluster27,30.383900000000008
Customer1728,Cluster28,28.989999999999995
Customer1729,Cluster29,28.1527
Customer173,Cluster73,26.635450000000006
Customer1730,Cluster30,31.084033333333334
Customer1731,Cluster31,31.307000000000016
Customer1732,Cluster32,31.16999999999999
Customer1733,Cluster33,30.29359999999999
Customer1735,Cluster35,32.87925000000001
Customer1736,Cluster36,28.4192
Customer1738,Cluster38,29.09079999999999
Customer1739,Cluster39,31.564599999999995
Customer174,Cluster74,32.045649999999995
Customer1740,Cluster40,32.429899999999996
Customer1741,Cluster41,27.738899999999997
Customer1742,Cluster42,30.1756
Customer1743,Cluster43,29.734700000000004
Customer1744,Cluster44,31.32795000000001
Customer1746,Cluster46,26.976133333333337
Customer1747,Cluster47,30.400900000000007
Customer1748,Cluster48,27.277700000000003
Customer1749,Cluster49,29.871333333333343
Customer1750,Cluster50,32.881050000000016
Customer1751,Cluster51,27.441049999999997
Customer1752,Cluster52,28.974066666666662
Customer1753,Cluster53,32.74920000000001
Customer1754,Cluster54,31.576049999999995
Customer1756,Cluster56,27.81053333333334
Customer1757,Cluster57,30.33316666666667
Customer1758,Cluster58,30.789499999999997
Customer1759,Cluster59,26.784774999999996
Customer176,Cluster76,30.096199999999996
Customer1760,Cluster60,25.314399999999996
Customer1761,Cluster61,29.0539
Customer1762,Cluster62,26.970933333333335
Customer1763,Cluster63,20.928399999999996
Customer1764,Cluster64,29.53960000000001
Customer1765,Cluster65,29.89795
Customer1766,Cluster66,21.275499999999997
Customer1767,Cluster67,34.732200000000006
Customer1768,Cluster68,30.940233333333328
Customer1769,Cluster69,28.06316666666667
Customer177,Cluster77,28.319900000000004
Customer1770,Cluster70,29.183333333333337
Customer1771,Cluster71,28.702899999999996
Customer1774,Cluster74,29.921200000000002
Customer1775,Cluster75,28.6248
Customer1776,Cluster76,30.97119999999999
Customer1779,Cluster79,30.0187
Customer178,Cluster78,29.384300000000003
Customer1780,Cluster80,31.004999999999978
Customer1781,Cluster81,30.110366666666675
Customer1782,Cluster82,29.61753333333334
Customer1784,Cluster84,27.84726666666667
Customer1785,Cluster85,30.114
Customer1786,Cluster86,25.991600000000005
Customer1788,Cluster88,29.007600000000004
Customer1789,Cluster89,25.322000000000013
Customer179,Cluster79,30.060299999999998
Customer1790,Cluster90,30.739199999999997
Customer1791,Cluster91,29.941700000000004
Customer1792,Cluster92,26.927150000000005
Customer1793,Cluster93,29.60320000000002
Customer1794,Cluster94,28.014000000000003
Customer1797,Cluster97,27.872375
Customer1799,Cluster99,30.939999999999994
Customer18,Cluster18,29.51035999999999
Customer180,Cluster80,35.60060000000001
Customer1800,Cluster100,28.704366666666672
Customer1801,Cluster1,29.8508
Customer1802,Cluster2,31.960399999999996
Customer1804,Cluster4,29.345633333333325
Customer1805,Cluster5,29.613580000000002
Customer1806,Cluster6,34.209999999999994
Customer1807,Cluster7,29.784150000000007
Customer1808,Cluster8,30.9384
Customer1809,Cluster9,31.913799999999995
Customer181,Cluster81,28.109233333333336
Customer1810,Cluster10,32.573299999999996
Customer1811,Cluster11,30.678000000000008
Customer1812,Cluster12,21.726399999999995
Customer1813,Cluster13,28.25465000000001
Customer1814,Cluster14,28.140150000000006
Customer1815,Cluster15,31.799699999999998
Customer1816,Cluster16,28.4413
Customer1817,Cluster17,30.06530000000001
Customer1818,Cluster18,30.75755
Customer1819,Cluster19,35.12339999999999
Customer182,Cluster82,25.1348
Customer1820,Cluster20,27.3044
Customer1821,Cluster21,33.95080000000002
Customer1822,Cluster22,31.382700000000003
Customer1823,Cluster23,28.715999999999994
Customer1824,Cluster24,28.396899999999995
Customer1825,Cluster25,28.964600000000004
Customer1826,Cluster26,30.57915
Customer1827,Cluster27,30.562599999999996
Customer1828,Cluster28,28.334866666666674
Customer1829,Cluster29,27.865375000000004
Customer183,Cluster83,27.979949999999995
Customer1830,Cluster30,28.828400000000002
Customer1833,Cluster33,31.151233333333323
Customer1834,Cluster34,29.150650000000002
Customer1835,Cluster35,28.6494
Customer1836,Cluster36,29.87533333333333
Customer1837,Cluster37,31.312600000000003
Customer1838,Cluster38,31.670433333333335
Customer1839,Cluster39,28.174449999999993
Customer184,Cluster84,30.436199999999992
Customer1840,Cluster40,30.813099999999995
Customer1841,Cluster41,26.10925
Customer1842,Cluster42,28.10615
Customer1843,Cluster43,33.54183333333334
Customer1844,Cluster44,30.61894999999999
Customer1845,Cluster45,37.8399
Customer1847,Cluster47,30.120166666666677
Customer1848,Cluster48,29.64957500000001
Customer1849,Cluster49,33.64885
Customer185,Cluster85,29.943899999999996
Customer1850,Cluster50,30.1899
Customer1853,Cluster53,32.26494999999999
Customer1855,Cluster55,30.084200000000006
Customer1856,Cluster56,27.353700000000018
Customer1858,Cluster58,32.669000000000004
Customer1859,Cluster59,26.606500000000004
Customer186,Cluster86,29.422033333333346
Customer1860,Cluster60,30.171366666666668
Customer1861,Cluster61,28.176100000000005
Customer1862,Cluster62,30.54295000000002
Customer1863,Cluster63,26.774575000000002
Customer1864,Cluster64,33.81509999999997
Customer1865,Cluster65,27.130950000000002
Customer1866,Cluster66,29.8859
Customer1867,Cluster67,29.40605
Customer1868,Cluster68,28.718000000000007
Customer1869,Cluster69,31.32740000000001
Customer187,Cluster87,25.065633333333338
Customer1870,Cluster70,27.187900000000013
Customer1871,Cluster71,28.785899999999998
Customer1872,Cluster72,30.9765
Customer1873,Cluster73,24.907800000000012
Customer1874,Cluster74,32.14095000000001
Customer1875,Cluster75,28.117800000000003
Customer1876,Cluster76,32.316666666666656
Customer1877,Cluster77,28.372499999999995
Customer1878,Cluster78,29.870449999999998
Customer1879,Cluster79,29.8394
Customer188,Cluster88,27.040850000000002
Customer1880,Cluster80,28.787099999999995
Customer1881,Cluster81,30.655400000000007
Customer1882,Cluster82,29.62775
Customer1884,Cluster84,31.082566666666665
Customer1885,Cluster85,30.644699999999997
Customer1886,Cluster86,29.375799999999998
Customer1887,Cluster87,28.952133333333336
Customer189,Cluster89,25.036049999999996
Customer1890,Cluster90,29.22283333333334
Customer1891,Cluster91,26.2553
Customer1892,Cluster92,24.533799999999996
Customer1893,Cluster93,30.82915
Customer1894,Cluster94,32.81879999999998
Customer1895,Cluster95,30.562699999999996
Customer1897,Cluster97,27.316950000000013
Customer1898,Cluster98,31.738900000000005
Customer1899,Cluster99,29.477349999999994
Customer19,Cluster19,31.312349999999988
Customer190,Cluster90,28.588100000000004
Customer1900,Cluster100,30.425099999999997
Customer1901,Cluster1,28.559000000000005
Customer1902,Cluster2,24.175000000000008
Customer1904,Cluster4,33.9368
Customer1906,Cluster6,29.130166666666668
Customer1907,Cluster7,33.26300000000001
Customer1909,Cluster9,28.072999999999983
Customer191,Cluster91,29.62175
Customer1910,Cluster10,24.164100000000012
Customer1913,Cluster13,31.278200000000005
Customer1914,Cluster14,29.43135
Customer1915,Cluster15,34.991200000000006
Customer1916,Cluster16,24.8882
Customer1918,Cluster18,30.97970000000001
Customer1919,Cluster19,35.4822
Customer1920,Cluster20,31.40596666666666
Customer1921,Cluster21,29.273433333333344
Customer1922,Cluster22,34.800600000000024
Customer1923,Cluster23,31.22175
Customer1924,Cluster24,27.318549999999995
Customer1925,Cluster25,31.787099999999988
Customer1926,Cluster26,35.7843
Customer1927,Cluster27,29.703399999999995
Customer1928,Cluster28,30.643625
Customer1929,Cluster29,29.60495
Customer1930,Cluster30,31.490233333333332
Customer1931,Cluster31,29.498566666666665
Customer1932,Cluster32,28.400149999999996
Customer1934,Cluster34,35.328700000000005
Customer1936,Cluster36,27.561500000000002
Customer1937,Cluster37,28.493799999999993
Customer1938,Cluster38,31.88385000000001
Customer1939,Cluster39,32.74099999999999
Customer194,Cluster94,29.17060000000001
Customer1941,Cluster41,32.60619999999999
Customer1942,Cluster42,29.12230000000001
Customer1943,Cluster43,29.7794
Customer1944,Cluster44,29.47395000000001
Customer1945,Cluster45,26.156599999999994
Customer1946,Cluster46,30.905200000000008
Customer1947,Cluster47,31.07855
Customer1949,Cluster49,27.068700000000003
Customer195,Cluster95,27.0577
Customer1950,Cluster50,26.005200000000006
Customer1952,Cluster52,26.272800000000004
Customer1953,Cluster53,30.768466666666672
Customer1955,Cluster55,35.56560000000001
Customer1956,Cluster56,32.18875
Customer1957,Cluster57,28.429599999999997
Customer1958,Cluster58,27.89285000000001
Customer1959,Cluster59,29.45845
Customer196,Cluster96,29.835299999999982
Customer1960,Cluster60,31.814900000000005
Customer1961,Cluster61,29.66595000000001
Customer1962,Cluster62,27.928366666666665
Customer1963,Cluster63,30.50480000000001
Customer1964,Cluster64,24.4114
Customer1965,Cluster65,33.6507
Customer1966,Cluster66,22.309600000000003
Customer1967,Cluster67,27.55200000000001
Customer1968,Cluster68,28.747050000000005
Customer1969,Cluster69,28.443533333333335
Customer197,Cluster97,27.866474999999994
Customer1970,Cluster70,32.9909
Customer1971,Cluster71,32.24219999999998
Customer1972,Cluster72,28.36625
Customer1973,Cluster73,28.640500000000003
Customer1974,Cluster74,34.06870000000001
Customer1975,Cluster75,30.534300000000012
Customer1976,Cluster76,32.14700000000001
Customer1977,Cluster77,29.996200000000005
Customer1978,Cluster78,29.354400000000002
Customer1979,Cluster79,32.48485
Customer198,Cluster98,22.369
Customer1981,Cluster81,31.435699999999994
Customer1982,Cluster82,27.806875000000005
Customer1984,Cluster84,33.10625
Customer1985,Cluster85,27.045500000000004
Customer1986,Cluster86,30.907949999999996
Customer1987,Cluster87,29.7223
Customer1988,Cluster88,29.721749999999997
Customer1989,Cluster89,34.592000000000006
Customer1990,Cluster90,31.68800000000001
Customer1991,Cluster91,29.606525000000005
Customer1992,Cluster92,32.04839999999999
Customer1993,Cluster93,32.76343333333333
Customer1994,Cluster94,32.067499999999995
Customer1995,Cluster95,27.892200000000003
Customer1996,Cluster96,28.92085
Customer1998,Cluster98,28.310900000000004
Customer1999,Cluster99,26.7957
Customer2,Cluster2,30.29000000000001
Customer20,Cluster20,33.103066666666656
Customer200,Cluster100,28.698300000000003
Customer2000,Cluster100,25.801199999999998
Customer201,Cluster1,29.893099999999997
Customer202,Cluster2,30.049400000000002
Customer203,Cluster3,29.356075
Customer204,Cluster4,31.182249999999996
Customer205,Cluster5,29.860799999999994
Customer206,Cluster6,31.24926666666667
Customer207,Cluster7,29.429000000000002
Customer208,Cluster8,30.667999999999996
Customer21,Cluster21,32.636900000000004
Customer210,Cluster10,31.673533333333335
Customer211,Cluster11,33.50323333333333
Customer212,Cluster12,28.878466666666657
Customer213,Cluster13,29.13745
Customer214,Cluster14,30.15149999999999
Customer215,Cluster15,30.181266666666662
Customer216,Cluster16,28.47965
Customer217,Cluster17,29.901133333333334
Customer219,Cluster19,28.529349999999997
Customer22,Cluster22,28.722150000000003
Customer220,Cluster20,30.28430000000001
Customer221,Cluster21,30.175149999999995
Customer222,Cluster22,34.3197
Customer223,Cluster23,28.392599999999995
Customer224,Cluster24,29.86200000000001
Customer225,Cluster25,24.638100000000005
Customer226,Cluster26,33.73940000000002
Customer228,Cluster28,28.236849999999997
Customer229,Cluster29,30.997099999999985
Customer230,Cluster30,33.59930000000001
Customer231,Cluster31,34.310599999999994
Customer232,Cluster32,33.596899999999984
Customer233,Cluster33,30.037899999999993
Customer234,Cluster34,30.2412
Customer235,Cluster35,26.23749999999999
Customer236,Cluster36,31.385266666666666
Customer237,Cluster37,37.212199999999996
Customer238,Cluster38,30.47379999999999
Customer239,Cluster39,27.783300000000004
Customer24,Cluster24,27.838399999999993
Customer240,Cluster40,27.64255000000001
Customer241,Cluster41,28.187866666666668
Customer242,Cluster42,30.599099999999996
Customer243,Cluster43,31.183100000000014
Customer244,Cluster44,31.058775
Customer245,Cluster45,31.399449999999998
Customer246,Cluster46,34.12759999999998
Customer247,Cluster47,29.560099999999988
Customer248,Cluster48,30.831000000000003
Customer249,Cluster49,31.758999999999997
Customer25,Cluster25,34.11710000000001
Customer250,Cluster50,34.710100000000004
Customer251,Cluster51,30.73935
Customer252,Cluster52,29.661450000000002
Customer253,Cluster53,32.0342
Customer254,Cluster54,31.330199999999998
Customer255,Cluster55,29.77130000000001
Customer256,Cluster56,28.074975
Customer257,Cluster57,26.40569999999998
Customer258,Cluster58,30.842000000000006
Customer259,Cluster59,29.2817
Customer26,Cluster26,26.791900000000005
Customer260,Cluster60,27.335400000000007
Customer261,Cluster61,28.519700000000004
Customer262,Cluster62,28.203999999999986
Customer264,Cluster64,29.475149999999996
Customer266,Cluster66,30.197466666666667
Customer267,Cluster67,28.542249999999992
Customer27,Cluster27,25.720549999999996
Customer270,Cluster70,29.4229
Customer271,Cluster71,31.31135000000001
Customer272,Cluster72,29.673650000000002
Customer273,Cluster73,32.038
Customer274,Cluster74,29.032900000000005
Customer275,Cluster75,32.024699999999996
Customer276,Cluster76,33.336299999999994
Customer277,Cluster77,29.742300000000004
Customer278,Cluster78,26.724899999999998
Customer279,Cluster79,30.864600000000006
Customer28,Cluster28,28.24925000000001
Customer280,Cluster80,28.4816
Customer281,Cluster81,24.911350000000002
Customer283,Cluster83,32.08019999999999
Customer284,Cluster84,32.05909999999999
Customer285,Cluster85,28.690700000000003
Customer286,Cluster86,30.884099999999997
Customer287,Cluster87,30.53710000000001
Customer288,Cluster88,28.71993333333333
Customer289,Cluster89,31.11685
Customer29,Cluster29,29.490949999999998
Customer290,Cluster90,27.861900000000013
Customer291,Cluster91,29.89269999999999
Customer292,Cluster92,30.086
Customer293,Cluster93,30.72780000000001
Customer295,Cluster95,31.486949999999997
Customer298,Cluster98,27.588800000000006
Customer299,Cluster99,32.1252
Customer3,Cluster3,30.538450000000005
Customer30,Cluster30,31.651133333333334
Customer300,Cluster100,31.701875
Customer301,Cluster1,32.246799999999986
Customer303,Cluster3,32.03590000000001
Customer304,Cluster4,31.515779999999996
Customer305,Cluster5,29.922500000000007
Customer306,Cluster6,30.966966666666668
Customer307,Cluster7,30.909800000000008
Customer308,Cluster8,30.083075
Customer31,Cluster31,29.796100000000006
Customer310,Cluster10,33.639900000000004
Customer311,Cluster11,30.700033333333334
Customer312,Cluster12,32.967475
Customer313,Cluster13,24.800400000000007
Customer314,Cluster14,34.8801
Customer315,Cluster15,28.57669999999999
Customer316,Cluster16,31.161449999999995
Customer317,Cluster17,28.718399999999995
Customer318,Cluster18,26.757999999999996
Customer319,Cluster19,29.42140000000001
Customer32,Cluster32,32.770374999999994
Customer320,Cluster20,35.80924999999998
Customer321,Cluster21,26.636800000000008
Customer322,Cluster22,30.465425000000003
Customer323,Cluster23,31.143749999999994
Customer324,Cluster24,28.552499999999995
Customer325,Cluster25,32.47853333333333
Customer327,Cluster27,31.3807
Customer328,Cluster28,32.3905
Customer329,Cluster29,28.739700000000013
Customer33,Cluster33,29.859199999999994
Customer330,Cluster30,30.169650000000004
Customer331,Cluster31,32.793499999999995
Customer332,Cluster32,32.00393333333333
Customer333,Cluster33,24.54
Customer335,Cluster35,30.598866666666666
Customer336,Cluster36,31.004333333333335
Customer337,Cluster37,30.87554999999999
Customer339,Cluster39,30.678775000000005
Customer34,Cluster34,30.6063
Customer340,Cluster40,30.248500000000007
Customer341,Cluster41,33.00515
Customer343,Cluster43,30.61160000000001
Customer344,Cluster44,33.72675
Customer345,Cluster45,28.216500000000003
Customer346,Cluster46,30.061150000000012
Customer347,Cluster47,29.972599999999996
Customer348,Cluster48,33.8059
Customer349,Cluster49,28.236
Customer35,Cluster35,33.533699999999996
Customer350,Cluster50,32.9016
Customer351,Cluster51,32.588399999999986
Customer352,Cluster52,29.404700000000002
Customer353,Cluster53,30.17549999999999
Customer354,Cluster54,33.0818
Customer355,Cluster55,35.137099999999975
Customer356,Cluster56,28.56739999999999
Customer357,Cluster57,31.25835
Customer358,Cluster58,33.17889999999999
Customer359,Cluster59,34.57455
Customer36,Cluster36,30.455099999999998
Customer362,Cluster62,26.77080000000001
Customer364,Cluster64,27.162199999999995
Customer365,Cluster65,25.9875
Customer367,Cluster67,29.8317
Customer368,Cluster68,25.816533333333336
Customer369,Cluster69,29.870500000000003
Customer37,Cluster37,32.62998
Customer370,Cluster70,29.125100000000003
Customer371,Cluster71,36.61180000000001
Customer372,Cluster72,33.10070000000001
Customer373,Cluster73,25.411899999999996
Customer375,Cluster75,31.93983333333334
Customer377,Cluster77,28.76084999999999
Customer378,Cluster78,30.5737
Customer379,Cluster79,27.492599999999996
Customer38,Cluster38,31.08849999999999
Customer380,Cluster80,28.939199999999992
Customer381,Cluster81,31.509799999999988
Customer382,Cluster82,26.21995000000002
Customer383,Cluster83,31.290499999999994
Customer384,Cluster84,28.726499999999994
Customer385,Cluster85,31.742024999999998
Customer387,Cluster87,30.411350000000002
Customer388,Cluster88,26.592499999999998
Customer389,Cluster89,32.14996
Customer39,Cluster39,30.133000000000003
Customer390,Cluster90,29.71855
Customer391,Cluster91,33.525800000000004
Customer392,Cluster92,31.585300000000018
Customer393,Cluster93,28.327699999999997
Customer394,Cluster94,29.482300000000006
Customer395,Cluster95,31.01363333333332
Customer397,Cluster97,29.996900000000004
Customer398,Cluster98,34.47890000000001
Customer399,Cluster99,31.257824999999997
Customer4,Cluster4,34.867999999999995
Customer40,Cluster40,30.566700000000008
Customer400,Cluster100,30.366899999999994
Customer401,Cluster1,33.2619
Customer402,Cluster2,27.83119999999999
Customer403,Cluster3,31.356399999999997
Customer404,Cluster4,26.771299999999986
Customer405,Cluster5,29.894099999999995
Customer406,Cluster6,31.07503333333334
Customer407,Cluster7,31.8469
Customer409,Cluster9,29.718600000000006
Customer41,Cluster41,33.7718
Customer410,Cluster10,31.582866666666664
Customer411,Cluster11,31.94645
Customer412,Cluster12,30.049250000000008
Customer413,Cluster13,34.37825000000001
Customer414,Cluster14,25.475999999999978
Customer416,Cluster16,31.63595000000001
Customer417,Cluster17,27.06329999999999
Customer42,Cluster42,30.603100000000005
Customer420,Cluster20,24.717099999999995
Customer422,Cluster22,30.932050000000004
Customer423,Cluster23,29.588199999999986
Customer424,Cluster24,28.050866666666664
Customer425,Cluster25,31.7325
Customer426,Cluster26,29.500649999999997
Customer427,Cluster27,31.523799999999994
Customer429,Cluster29,30.71926666666667
Customer43,Cluster43,28.441900000000004
Customer430,Cluster30,36.156100000000016
Customer431,Cluster31,34.3082
Customer432,Cluster32,28.94186666666667
Customer434,Cluster34,30.62650000000001
Customer436,Cluster36,27.880600000000005
Customer438,Cluster38,30.923333333333336
Customer439,Cluster39,29.418550000000003
Customer440,Cluster40,29.897066666666664
Customer441,Cluster41,31.124750000000006
Customer442,Cluster42,29.413099999999982
Customer443,Cluster43,30.488800000000005
Customer444,Cluster44,25.7643
Customer445,Cluster45,30.281400000000005
Customer446,Cluster46,23.479700000000012
Customer447,Cluster47,32.16162
Customer448,Cluster48,30.027199999999997
Customer45,Cluster45,31.772433333333336
Customer451,Cluster51,30.852150000000012
Customer452,Cluster52,26.876100000000008
Customer453,Cluster53,25.429700000000004
Customer455,Cluster55,28.462750000000007
Customer456,Cluster56,30.0021
Customer458,Cluster58,28.880399999999998
Customer459,Cluster59,28.317000000000007
Customer46,Cluster46,34.95774999999999
Customer460,Cluster60,29.9579
Customer461,Cluster61,28.913624999999996
Customer462,Cluster62,30.81935
Customer463,Cluster63,31.490099999999988
Customer464,Cluster64,31.86135
Customer466,Cluster66,31.42630000000001
Customer467,Cluster67,32.788333333333334
Customer468,Cluster68,28.564399999999996
Customer469,Cluster69,28.058199999999992
Customer47,Cluster47,31.042300000000004
Customer470,Cluster70,30.16440000000001
Customer471,Cluster71,30.271750000000004
Customer472,Cluster72,31.174549999999996
Customer473,Cluster73,32.66985
Customer474,Cluster74,29.367899999999995
Customer475,Cluster75,29.38965000000001
Customer476,Cluster76,31.25958
Customer477,Cluster77,32.42555000000001
Customer478,Cluster78,33.539800000000014
Customer479,Cluster79,30.077266666666663
Customer48,Cluster48,29.31165
Customer480,Cluster80,29.5097
Customer482,Cluster82,29.46395
Customer483,Cluster83,32.61669999999999
Customer484,Cluster84,32.336850000000005
Customer485,Cluster85,31.05289999999999
Customer486,Cluster86,31.8397
Customer487,Cluster87,27.913799999999995
Customer489,Cluster89,28.872599999999995
Customer49,Cluster49,27.885400000000008
Customer490,Cluster90,31.38019999999999
Customer491,Cluster91,31.771099999999986
Customer494,Cluster94,23.2579
Customer495,Cluster95,30.531050000000004
Customer496,Cluster96,30.858933333333326
Customer497,Cluster97,28.00173333333333
Customer498,Cluster98,32.78990000000001
Customer499,Cluster99,29.04815
Customer5,Cluster5,32.33283333333333
Customer50,Cluster50,28.311500000000006
Customer500,Cluster100,30.1327
Customer502,Cluster2,34.79189999999999
Customer504,Cluster4,29.59866666666667
Customer505,Cluster5,30.500700000000002
Customer506,Cluster6,29.141799999999993
Customer507,Cluster7,32.29880000000001
Customer508,Cluster8,29.217674999999996
Customer509,Cluster9,31.65629999999999
Customer510,Cluster10,28.82464999999999
Customer511,Cluster11,29.01633333333334
Customer512,Cluster12,30.352849999999997
Customer513,Cluster13,28.24529999999999
Customer514,Cluster14,30.214899999999997
Customer515,Cluster15,28.730800000000002
Customer516,Cluster16,28.38544999999999
Customer518,Cluster18,27.808899999999998
Customer519,Cluster19,28.220799999999993
Customer52,Cluster52,30.392666666666674
Customer520,Cluster20,29.735066666666672
Customer521,Cluster21,29.1209
Customer522,Cluster22,32.84359999999998
Customer523,Cluster23,29.093100000000007
Customer524,Cluster24,29.949100000000012
Customer525,Cluster25,31.838000000000008
Customer526,Cluster26,28.9524
Customer527,Cluster27,32.0634
Customer528,Cluster28,29.951200000000014
Customer529,Cluster29,29.529899999999994
Customer53,Cluster53,37.58199999999999
Customer530,Cluster30,30.491733333333343
Customer531,Cluster31,32.76104999999998
Customer532,Cluster32,29.57315
Customer533,Cluster33,29.204950000000007
Customer535,Cluster35,30.822999999999997
Customer536,Cluster36,34.612399999999994
Customer537,Cluster37,27.631750000000004
Customer538,Cluster38,30.551900000000014
Customer54,Cluster54,28.8385
Customer541,Cluster41,27.88295
Customer542,Cluster42,30.6794
Customer543,Cluster43,32.0619
Customer544,Cluster44,30.14969999999999
Customer545,Cluster45,30.781733333333325
Customer546,Cluster46,31.9962
Customer548,Cluster48,33.737200000000016
Customer549,Cluster49,30.889699999999998
Customer55,Cluster55,27.352899999999998
Customer550,Cluster50,29.83895
Customer551,Cluster51,29.877433333333332
Customer552,Cluster52,32.89948
Customer553,Cluster53,31.711949999999998
Customer554,Cluster54,30.08646666666667
Customer556,Cluster56,35.979
Customer557,Cluster57,29.135150000000003
Customer56,Cluster56,32.79790000000002
Customer560,Cluster60,30.841899999999995
Customer561,Cluster61,32.4975
Customer563,Cluster63,31.438599999999994
Customer564,Cluster64,29.987733333333324
Customer565,Cluster65,27.874950000000005
Customer566,Cluster66,29.74236666666667
Customer567,Cluster67,30.79485000000001
Customer568,Cluster68,31.042
Customer569,Cluster69,31.086549999999995
Customer57,Cluster57,28.443899999999985
Customer570,Cluster70,29.902466666666665
Customer571,Cluster71,30.366600000000005
Customer572,Cluster72,28.89765
Customer573,Cluster73,28.659633333333332
Customer574,Cluster74,32.181549999999994
Customer575,Cluster75,28.25585
Customer576,Cluster76,29.459833333333346
Customer577,Cluster77,30.393
Customer578,Cluster78,30.8415
Customer579,Cluster79,31.881750000000004
Customer58,Cluster58,30.124149999999993
Customer580,Cluster80,29.67576666666667
Customer581,Cluster81,27.597466666666662
Customer582,Cluster82,31.086749999999988
Customer583,Cluster83,26.877500000000005
Customer584,Cluster84,30.2936
Customer585,Cluster85,30.7136
Customer586,Cluster86,30.178325
Customer587,Cluster87,31.550266666666676
Customer588,Cluster88,30.3789
Customer589,Cluster89,28.15349999999999
Customer591,Cluster91,31.673299999999998
Customer592,Cluster92,30.103050000000003
Customer593,Cluster93,26.063399999999998
Customer594,Cluster94,27.63745
Customer595,Cluster95,29.018199999999997
Customer597,Cluster97,28.56406666666666
Customer599,Cluster99,30.950550000000007
Customer6,Cluster6,29.62445000000001
Customer60,Cluster60,31.203050000000005
Customer600,Cluster100,28.924299999999995
Customer601,Cluster1,27.86665
Customer602,Cluster2,31.38556666666666
Customer603,Cluster3,32.30125000000001
Customer604,Cluster4,32.42
Customer605,Cluster5,30.886500000000005
Customer606,Cluster6,33.0493
Customer608,Cluster8,28.633133333333333
Customer609,Cluster9,28.82456666666667
Customer61,Cluster61,30.038366666666672
Customer610,Cluster10,31.300849999999983
Customer612,Cluster12,34.27889999999999
Customer613,Cluster13,29.25055000000001
Customer615,Cluster15,31.191799999999986
Customer616,Cluster16,29.101700000000015
Customer619,Cluster19,31.266349999999996
Customer62,Cluster62,28.835949999999997
Customer620,Cluster20,33.27643333333334
Customer621,Cluster21,27.620399999999997
Customer622,Cluster22,29.00896666666667
Customer623,Cluster23,31.040000000000013
Customer624,Cluster24,30.472099999999998
Customer626,Cluster26,29.64380000000001
Customer627,Cluster27,32.261849999999995
Customer629,Cluster29,28.293900000000008
Customer63,Cluster63,28.924249999999994
Customer630,Cluster30,32.44535
Customer632,Cluster32,30.58350000000001
Customer633,Cluster33,29.087250000000004
Customer634,Cluster34,29.111549999999994
Customer635,Cluster35,29.031900000000014
Customer636,Cluster36,28.415566666666667
Customer637,Cluster37,32.00525000000001
Customer638,Cluster38,29.730799999999988
Customer639,Cluster39,33.855000000000004
Customer64,Cluster64,29.568933333333337
Customer640,Cluster40,33.09100000000001
Customer641,Cluster41,31.996599999999994
Customer643,Cluster43,30.022949999999994
Customer645,Cluster45,28.189850000000003
Customer646,Cluster46,23.893200000000007
Customer647,Cluster47,30.85903333333333
Customer648,Cluster48,31.061233333333334
Customer649,Cluster49,33.70495
Customer65,Cluster65,33.531000000000006
Customer650,Cluster50,29.303000000000004
Customer651,Cluster51,29.38594999999999
Customer652,Cluster52,32.060700000000004
Customer653,Cluster53,27.502000000000002
Customer654,Cluster54,29.057366666666667
Customer655,Cluster55,31.555666666666678
Customer656,Cluster56,25.943199999999994
Customer657,Cluster57,30.094749999999998
Customer658,Cluster58,27.755599999999998
Customer659,Cluster59,26.975850000000005
Customer660,Cluster60,30.505200000000002
Customer661,Cluster61,30.089400000000005
Customer662,Cluster62,29.025400000000005
Customer665,Cluster65,24.112999999999996
Customer666,Cluster66,32.7807
Customer667,Cluster67,35.051999999999985
Customer669,Cluster69,34.34955000000001
Customer67,Cluster67,25.373949999999994
Customer670,Cluster70,31.215350000000015
Customer672,Cluster72,29.987199999999994
Customer673,Cluster73,35.565400000000004
Customer674,Cluster74,26.732099999999996
Customer675,Cluster75,30.576240000000002
Customer677,Cluster77,28.849300000000003
Customer678,Cluster78,28.0632
Customer679,Cluster79,29.39789999999999
Customer68,Cluster68,28.302999999999994
Customer681,Cluster81,31.06225
Customer682,Cluster82,32.33240000000001
Customer683,Cluster83,30.842499999999994
Customer684,Cluster84,32.09820000000001
Customer686,Cluster86,30.38660000000001
Customer688,Cluster88,31.27769999999998
Customer690,Cluster90,30.621
Customer691,Cluster91,28.85926
Customer692,Cluster92,32.950900000000004
Customer693,Cluster93,34.629999999999995
Customer695,Cluster95,30.041200000000003
Customer696,Cluster96,29.351799999999994
Customer697,Cluster97,31.49129999999999
Customer698,Cluster98,26.8016
Customer700,Cluster100,31.973499999999998
Customer701,Cluster1,32.41395
Customer702,Cluster2,29.94420000000002
Customer703,Cluster3,28.364500000000003
Customer705,Cluster5,35.8559
Customer706,Cluster6,28.948700000000002
Customer707,Cluster7,30.065900000000003
Customer708,Cluster8,27.042699999999996
Customer71,Cluster71,28.092549999999996
Customer710,Cluster10,32.406600000000005
Customer712,Cluster12,34.099000000000004
Customer713,Cluster13,27.1131
Customer714,Cluster14,29.565275000000007
Customer716,Cluster16,30.97315
Customer717,Cluster17,28.471649999999993
Customer718,Cluster18,25.966599999999993
Customer719,Cluster19,30.534200000000006
Customer72,Cluster72,36.4452
Customer720,Cluster20,29.715199999999996
Customer722,Cluster22,28.310849999999988
Customer723,Cluster23,31.609275000000004
Customer724,Cluster24,33.4998
Customer725,Cluster25,32.5459
Customer726,Cluster26,29.82410000000001
Customer727,Cluster27,31.652299999999993
Customer728,Cluster28,31.50142499999999
Customer729,Cluster29,29.578699999999998
Customer73,Cluster73,28.688900000000018
Customer730,Cluster30,31.78035000000001
Customer731,Cluster31,30.284699999999987
Customer732,Cluster32,35.96409999999998
Customer733,Cluster33,31.33570000000001
Customer734,Cluster34,30.84875
Customer735,Cluster35,31.236066666666677
Customer736,Cluster36,30.214799999999997
Customer737,Cluster37,30.85585
Customer738,Cluster38,28.629049999999996
Customer739,Cluster39,31.35215
Customer74,Cluster74,28.411033333333336
Customer741,Cluster41,26.179900000000004
Customer742,Cluster42,30.012166666666662
Customer743,Cluster43,28.3393
Customer744,Cluster44,29.029049999999998
Customer745,Cluster45,27.4893
Customer746,Cluster46,28.762000000000008
Customer747,Cluster47,28.256349999999998
Customer748,Cluster48,28.456899999999983
Customer749,Cluster49,33.937100000000015
Customer75,Cluster75,30.01344999999999
Customer750,Cluster50,31.938600000000008
Customer751,Cluster51,30.347800000000007
Customer752,Cluster52,24.46376666666667
Customer753,Cluster53,31.378766666666667
Customer754,Cluster54,31.426033333333336
Customer755,Cluster55,26.917
Customer756,Cluster56,28.722899999999996
Customer757,Cluster57,25.8633
Customer759,Cluster59,29.181849999999997
Customer76,Cluster76,30.607499999999987
Customer760,Cluster60,29.305849999999992
Customer761,Cluster61,27.749399999999987
Customer762,Cluster62,28.69573333333334
Customer763,Cluster63,30.380399999999987
Customer764,Cluster64,26.651749999999993
Customer765,Cluster65,30.512999999999998
Customer766,Cluster66,27.39840000000001
Customer769,Cluster69,33.54140000000002
Customer77,Cluster77,32.37420000000001
Customer770,Cluster70,27.435124999999996
Customer771,Cluster71,28.612675000000003
Customer772,Cluster72,26.596350000000005
Customer773,Cluster73,31.413900000000012
Customer774,Cluster74,27.669300000000007
Customer777,Cluster77,31.02445
Customer778,Cluster78,29.736040000000003
Customer779,Cluster79,29.078400000000002
Customer78,Cluster78,26.36020000000001
Customer780,Cluster80,28.25510000000001
Customer781,Cluster81,33.655300000000004
Customer782,Cluster82,27.541799999999995
Customer783,Cluster83,28.1616
Customer784,Cluster84,29.015300000000007
Customer785,Cluster85,27.332566666666676
Customer786,Cluster86,31.433800000000005
Customer787,Cluster87,30.08535
Customer788,Cluster88,26.969399999999993
Customer789,Cluster89,31.948100000000004
Customer79,Cluster79,33.0548
Customer790,Cluster90,32.706099999999985
Customer791,Cluster91,29.86250000000002
Customer792,Cluster92,28.073700000000002
Customer793,Cluster93,32.17459999999999
Customer794,Cluster94,28.876600000000003
Customer795,Cluster95,32.54320000000002
Customer797,Cluster97,29.40370000000001
Customer798,Cluster98,28.232850000000006
Customer799,Cluster99,29.19556666666666
Customer8,Cluster8,27.074199999999987
Customer800,Cluster100,30.655649999999994
Customer801,Cluster1,30.920333333333332
Customer803,Cluster3,33.710849999999986
Customer804,Cluster4,26.980599999999985
Customer805,Cluster5,29.094899999999992
Customer806,Cluster6,28.27169999999999
Customer807,Cluster7,26.566450000000003
Customer808,Cluster8,29.897700000000004
Customer809,Cluster9,28.453900000000004
Customer81,Cluster81,27.653800000000004
Customer811,Cluster11,27.677000000000007
Customer812,Cluster12,27.700433333333336
Customer814,Cluster14,28.348233333333326
Customer815,Cluster15,31.788533333333337
Customer816,Cluster16,27.252066666666668
Customer817,Cluster17,31.1353
Customer818,Cluster18,31.224800000000005
Customer819,Cluster19,30.445600000000024
Customer820,Cluster20,31.250066666666665
Customer822,Cluster22,28.753099999999982
Customer823,Cluster23,30.861599999999992
Customer825,Cluster25,25.988999999999997
Customer826,Cluster26,27.899600000000003
Customer827,Cluster27,33.95679999999999
Customer828,Cluster28,31.39091666666667
Customer829,Cluster29,27.700400000000005
Customer83,Cluster83,27.983700000000002
Customer830,Cluster30,23.349800000000002
Customer831,Cluster31,30.318749999999987
Customer833,Cluster33,31.082300000000018
Customer834,Cluster34,28.87794999999999
Customer835,Cluster35,30.250850000000007
Customer837,Cluster37,29.804975000000002
Customer838,Cluster38,27.510699999999996
Customer84,Cluster84,29.5978
Customer840,Cluster40,29.7212
Customer841,Cluster41,30.152333333333342
Customer842,Cluster42,29.346099999999986
Customer843,Cluster43,29.554350000000003
Customer844,Cluster44,27.321249999999992
Customer845,Cluster45,28.2188
Customer846,Cluster46,27.271099999999997
Customer847,Cluster47,32.463799999999985
Customer848,Cluster48,24.85349999999999
Customer849,Cluster49,29.685649999999995
Customer85,Cluster85,27.080899999999982
Customer850,Cluster50,30.019399999999997
Customer851,Cluster51,28.672999999999988
Customer852,Cluster52,29.599833333333326
Customer853,Cluster53,29.2778
Customer854,Cluster54,28.704200000000018
Customer855,Cluster55,32.1691
Customer857,Cluster57,27.135599999999997
Customer858,Cluster58,32.0284
Customer86,Cluster86,28.754349999999995
Customer860,Cluster60,29.583
Customer861,Cluster61,32.94380000000001
Customer862,Cluster62,28.811799999999987
Customer864,Cluster64,25.30690000000001
Customer865,Cluster65,26.194499999999998
Customer866,Cluster66,26.978199999999987
Customer867,Cluster67,31.775499999999994
Customer868,Cluster68,27.777200000000004
Customer869,Cluster69,29.242939999999997
Customer87,Cluster87,28.249666666666673
Customer871,Cluster71,29.039633333333345
Customer872,Cluster72,28.916799999999995
Customer873,Cluster73,26.544599999999996
Customer874,Cluster74,32.764500000000005
Customer875,Cluster75,27.78685
Customer876,Cluster76,29.61326666666666
Customer877,Cluster77,28.015674999999995
Customer878,Cluster78,28.858299999999993
Customer879,Cluster79,28.8466
Customer88,Cluster88,33.50500000000001
Customer880,Cluster80,28.046799999999998
Customer883,Cluster83,32.0779
Customer885,Cluster85,28.17016666666667
Customer886,Cluster86,31.4127
Customer887,Cluster87,31.30185
Customer888,Cluster88,29.542900000000003
Customer889,Cluster89,33.31530000000001
Customer89,Cluster89,30.982
Customer890,Cluster90,28.493450000000006
Customer892,Cluster92,29.689666666666664
Customer893,Cluster93,32.09933333333333
Customer894,Cluster94,29.315266666666655
Customer896,Cluster96,26.325300000000002
Customer899,Cluster99,27.61960000000001
Customer9,Cluster9,32.606249999999974
Customer90,Cluster90,31.819666666666677
Customer902,Cluster2,28.112700000000004
Customer903,Cluster3,32.15483333333333
Customer904,Cluster4,29.24790000000001
Customer906,Cluster6,28.403399999999998
Customer907,Cluster7,32.46605000000001
Customer908,Cluster8,30.928
Customer91,Cluster91,28.414699999999996
Customer910,Cluster10,29.6107
Customer911,Cluster11,33.12489999999999
Customer912,Cluster12,27.864966666666664
Customer913,Cluster13,30.566100000000006
Customer915,Cluster15,30.140266666666662
Customer917,Cluster17,31.230700000000006
Customer918,Cluster18,26.956174999999995
Customer919,Cluster19,32.497899999999994
Customer92,Cluster92,29.456400000000002
Customer920,Cluster20,30.505600000000005
Customer921,Cluster21,26.874433333333332
Customer922,Cluster22,30.208550000000006
Customer923,Cluster23,29.61190000000001
Customer924,Cluster24,28.322899999999994
Customer925,Cluster25,32.8321
Customer926,Cluster26,32.44449999999999
Customer927,Cluster27,28.966049999999996
Customer928,Cluster28,25.59650000000001
Customer929,Cluster29,31.617650000000005
Customer93,Cluster93,30.096849999999993
Customer931,Cluster31,27.8346
Customer932,Cluster32,34.05529999999998
Customer933,Cluster33,35.77559999999999
Customer934,Cluster34,30.270533333333344
Customer935,Cluster35,28.483050000000013
Customer936,Cluster36,30.75489999999998
Customer937,Cluster37,29.837200000000003
Customer938,Cluster38,30.426399999999997
Customer939,Cluster39,28.373599999999993
Customer94,Cluster94,29.31322
Customer940,Cluster40,33.08379999999999
Customer943,Cluster43,30.543600000000012
Customer945,Cluster45,30.667216666666672
Customer948,Cluster48,33.49510000000001
Customer949,Cluster49,30.510833333333334
Customer95,Cluster95,28.80026666666667
Customer950,Cluster50,30.014750000000006
Customer951,Cluster51,28.167700000000004
Customer952,Cluster52,35.849799999999995
Customer953,Cluster53,31.867800000000017
Customer954,Cluster54,33.45516666666666
Customer955,Cluster55,30.330400000000004
Customer957,Cluster57,30.009133333333335
Customer96,Cluster96,27.599099999999993
Customer960,Cluster60,24.252499999999994
Customer961,Cluster61,29.53323333333333
Customer962,Cluster62,32.37155
Customer963,Cluster63,32.23576666666667
Customer964,Cluster64,31.43539999999999
Customer965,Cluster65,27.12080000000001
Customer966,Cluster66,32.01839999999999
Customer967,Cluster67,31.238599999999987
Customer968,Cluster68,27.825666666666677
Customer969,Cluster69,26.40406666666667
Customer97,Cluster97,27.82123333333334
Customer970,Cluster70,34.659399999999984
Customer972,Cluster72,31.6253
Customer973,Cluster73,29.563300000000012
Customer974,Cluster74,27.48019999999999
Customer975,Cluster75,29.3608
Customer976,Cluster76,31.344766666666676
Customer977,Cluster77,27.71293333333334
Customer978,Cluster78,28.658199999999994
Customer979,Cluster79,29.750950000000007
Customer98,Cluster98,29.601800000000004
Customer980,Cluster80,25.68466666666667
Customer981,Cluster81,26.038600000000002
Customer983,Cluster83,33.73479999999999
Customer984,Cluster84,29.739200000000007
Customer985,Cluster85,27.9558
Customer986,Cluster86,32.1582
Customer988,Cluster88,31.303600000000003
Customer989,Cluster89,29.34030000000002
Customer99,Cluster99,28.6838
Customer990,Cluster90,32.910000000000004
Customer992,Cluster92,29.352600000000006
Customer993,Cluster93,29.536299999999994
Customer994,Cluster94,28.3104
Customer995,Cluster95,31.45990000000002
Customer996,Cluster96,24.05720000000001
Customer998,Cluster98,30.438900000000018
Customer999,Cluster99,31.427600000000012
