Date,Customer_IDs,HSD_Requirement,LDO_Requirement,FO_Requirement,LSHS_Requirement,SKO_Requirement,MS_Requirement
03-01-2021,Customer1591,9,22,49,68,49,13
03-01-2021,Customer1475,9,22,49,68,49,13
03-01-2021,Customer662,9,22,49,68,49,13
03-01-2021,Customer1379,9,22,49,68,49,13
03-01-2021,Customer1594,9,22,49,68,49,13
03-01-2021,Customer352,9,22,49,68,49,13
03-01-2021,Customer1679,9,22,49,68,49,13
03-01-2021,Customer1573,9,22,49,68,49,13
03-01-2021,Customer1103,9,22,49,68,49,13
03-01-2021,Customer1098,9,22,49,68,49,13
03-01-2021,Customer1270,9,22,49,68,49,13
10-01-2021,Customer869,18,19,21,21,37,30
10-01-2021,Customer1807,18,19,21,21,37,30
10-01-2021,Customer457,18,19,21,21,37,30
10-01-2021,Customer804,18,19,21,21,37,30
10-01-2021,Customer1887,18,19,21,21,37,30
10-01-2021,Customer690,18,19,21,21,37,30
10-01-2021,Customer1869,18,19,21,21,37,30
10-01-2021,Customer38,18,19,21,21,37,30
10-01-2021,Customer695,18,19,21,21,37,30
10-01-2021,Customer964,18,19,21,21,37,30
17-01-2021,Customer1343,41,59,69,50,6,23
17-01-2021,Customer583,41,59,69,50,6,23
17-01-2021,Customer642,41,59,69,50,6,23
17-01-2021,Customer1497,41,59,69,50,6,23
17-01-2021,Customer704,41,59,69,50,6,23
17-01-2021,Customer644,41,59,69,50,6,23
17-01-2021,Customer259,41,59,69,50,6,23
17-01-2021,Customer91,41,59,69,50,6,23
17-01-2021,Customer1733,41,59,69,50,6,23
17-01-2021,Customer1255,41,59,69,50,6,23
17-01-2021,Customer1966,41,59,69,50,6,23
24-01-2021,Customer1389,9,6,30,31,55,9
24-01-2021,Customer611,9,6,30,31,55,9
24-01-2021,Customer1469,9,6,30,31,55,9
24-01-2021,Customer1195,9,6,30,31,55,9
24-01-2021,Customer126,9,6,30,31,55,9
24-01-2021,Customer1957,9,6,30,31,55,9
24-01-2021,Customer413,9,6,30,31,55,9
24-01-2021,Customer257,9,6,30,31,55,9
24-01-2021,Customer1386,9,6,30,31,55,9
24-01-2021,Customer1166,9,6,30,31,55,9
31-01-2021,Customer767,51,44,37,6,57,64
31-01-2021,Customer1219,51,44,37,6,57,64
31-01-2021,Customer888,51,44,37,6,57,64
31-01-2021,Customer185,51,44,37,6,57,64
31-01-2021,Customer11,51,44,37,6,57,64
31-01-2021,Customer159,51,44,37,6,57,64
31-01-2021,Customer484,51,44,37,6,57,64
31-01-2021,Customer514,51,44,37,6,57,64
31-01-2021,Customer536,51,44,37,6,57,64
31-01-2021,Customer194,51,44,37,6,57,64
31-01-2021,Customer1300,51,44,37,6,57,64
31-01-2021,Customer674,51,44,37,6,57,64
31-01-2021,Customer1605,51,44,37,6,57,64
07-02-2021,Customer1256,13,45,26,38,32,11
07-02-2021,Customer1917,13,45,26,38,32,11
07-02-2021,Customer1767,13,45,26,38,32,11
07-02-2021,Customer321,13,45,26,38,32,11
07-02-2021,Customer372,13,45,26,38,32,11
07-02-2021,Customer1259,13,45,26,38,32,11
07-02-2021,Customer655,13,45,26,38,32,11
07-02-2021,Customer403,13,45,26,38,32,11
07-02-2021,Customer568,13,45,26,38,32,11
07-02-2021,Customer556,13,45,26,38,32,11
07-02-2021,Customer409,13,45,26,38,32,11
14-02-2021,Customer1812,0,29,41,61,51,66
14-02-2021,Customer1853,0,29,41,61,51,66
14-02-2021,Customer707,0,29,41,61,51,66
14-02-2021,Customer352,0,29,41,61,51,66
14-02-2021,Customer1425,0,29,41,61,51,66
14-02-2021,Customer1009,0,29,41,61,51,66
14-02-2021,Customer1797,0,29,41,61,51,66
14-02-2021,Customer378,0,29,41,61,51,66
14-02-2021,Customer214,0,29,41,61,51,66
14-02-2021,Customer1813,0,29,41,61,51,66
21-02-2021,Customer174,30,36,48,17,4,35
21-02-2021,Customer1396,30,36,48,17,4,35
21-02-2021,Customer603,30,36,48,17,4,35
21-02-2021,Customer838,30,36,48,17,4,35
21-02-2021,Customer1998,30,36,48,17,4,35
21-02-2021,Customer944,30,36,48,17,4,35
21-02-2021,Customer1577,30,36,48,17,4,35
21-02-2021,Customer1116,30,36,48,17,4,35
21-02-2021,Customer820,30,36,48,17,4,35
21-02-2021,Customer1675,30,36,48,17,4,35
21-02-2021,Customer1156,30,36,48,17,4,35
21-02-2021,Customer923,30,36,48,17,4,35
21-02-2021,Customer338,30,36,48,17,4,35
28-02-2021,Customer1048,37,17,30,45,26,42
28-02-2021,Customer1743,37,17,30,45,26,42
28-02-2021,Customer57,37,17,30,45,26,42
28-02-2021,Customer93,37,17,30,45,26,42
28-02-2021,Customer1139,37,17,30,45,26,42
28-02-2021,Customer1727,37,17,30,45,26,42
28-02-2021,Customer799,37,17,30,45,26,42
28-02-2021,Customer344,37,17,30,45,26,42
28-02-2021,Customer1780,37,17,30,45,26,42
28-02-2021,Customer1405,37,17,30,45,26,42
07-03-2021,Customer1663,20,44,68,17,25,39
07-03-2021,Customer95,20,44,68,17,25,39
07-03-2021,Customer891,20,44,68,17,25,39
07-03-2021,Customer260,20,44,68,17,25,39
07-03-2021,Customer1338,20,44,68,17,25,39
07-03-2021,Customer1670,20,44,68,17,25,39
07-03-2021,Customer1993,20,44,68,17,25,39
07-03-2021,Customer1908,20,44,68,17,25,39
07-03-2021,Customer944,20,44,68,17,25,39
14-03-2021,Customer1200,16,47,8,49,59,28
14-03-2021,Customer1636,16,47,8,49,59,28
14-03-2021,Customer1765,16,47,8,49,59,28
14-03-2021,Customer1416,16,47,8,49,59,28
14-03-2021,Customer358,16,47,8,49,59,28
14-03-2021,Customer1608,16,47,8,49,59,28
14-03-2021,Customer682,16,47,8,49,59,28
14-03-2021,Customer1372,16,47,8,49,59,28
14-03-2021,Customer1529,16,47,8,49,59,28
14-03-2021,Customer1989,16,47,8,49,59,28
14-03-2021,Customer1935,16,47,8,49,59,28
21-03-2021,Customer1727,70,67,12,61,48,53
21-03-2021,Customer1079,70,67,12,61,48,53
21-03-2021,Customer1320,70,67,12,61,48,53
21-03-2021,Customer135,70,67,12,61,48,53
21-03-2021,Customer1465,70,67,12,61,48,53
21-03-2021,Customer435,70,67,12,61,48,53
21-03-2021,Customer676,70,67,12,61,48,53
21-03-2021,Customer1239,70,67,12,61,48,53
21-03-2021,Customer733,70,67,12,61,48,53
21-03-2021,Customer717,70,67,12,61,48,53
21-03-2021,Customer1705,70,67,12,61,48,53
28-03-2021,Customer1732,27,65,64,51,8,9
28-03-2021,Customer1655,27,65,64,51,8,9
28-03-2021,Customer1392,27,65,64,51,8,9
28-03-2021,Customer1559,27,65,64,51,8,9
28-03-2021,Customer1191,27,65,64,51,8,9
28-03-2021,Customer1622,27,65,64,51,8,9
28-03-2021,Customer1086,27,65,64,51,8,9
28-03-2021,Customer1076,27,65,64,51,8,9
28-03-2021,Customer641,27,65,64,51,8,9
28-03-2021,Customer637,27,65,64,51,8,9
28-03-2021,Customer1796,27,65,64,51,8,9
28-03-2021,Customer438,27,65,64,51,8,9
04-04-2021,Customer370,29,50,39,42,3,10
04-04-2021,Customer911,29,50,39,42,3,10
04-04-2021,Customer663,29,50,39,42,3,10
04-04-2021,Customer1614,29,50,39,42,3,10
04-04-2021,Customer1727,29,50,39,42,3,10
04-04-2021,Customer546,29,50,39,42,3,10
04-04-2021,Customer1443,29,50,39,42,3,10
04-04-2021,Customer1114,29,50,39,42,3,10
04-04-2021,Customer170,29,50,39,42,3,10
04-04-2021,Customer1902,29,50,39,42,3,10
11-04-2021,Customer442,58,40,13,29,68,32
11-04-2021,Customer788,58,40,13,29,68,32
11-04-2021,Customer707,58,40,13,29,68,32
11-04-2021,Customer1501,58,40,13,29,68,32
11-04-2021,Customer923,58,40,13,29,68,32
11-04-2021,Customer766,58,40,13,29,68,32
11-04-2021,Customer1068,58,40,13,29,68,32
11-04-2021,Customer1821,58,40,13,29,68,32
11-04-2021,Customer1499,58,40,13,29,68,32
11-04-2021,Customer817,58,40,13,29,68,32
11-04-2021,Customer1954,58,40,13,29,68,32
11-04-2021,Customer1115,58,40,13,29,68,32
11-04-2021,Customer1325,58,40,13,29,68,32
18-04-2021,Customer1222,48,61,14,45,30,37
18-04-2021,Customer21,48,61,14,45,30,37
18-04-2021,Customer298,48,61,14,45,30,37
18-04-2021,Customer1590,48,61,14,45,30,37
18-04-2021,Customer1345,48,61,14,45,30,37
18-04-2021,Customer283,48,61,14,45,30,37
18-04-2021,Customer1083,48,61,14,45,30,37
18-04-2021,Customer1039,48,61,14,45,30,37
18-04-2021,Customer1421,48,61,14,45,30,37
25-04-2021,Customer402,24,34,35,28,68,2
25-04-2021,Customer1920,24,34,35,28,68,2
25-04-2021,Customer1636,24,34,35,28,68,2
25-04-2021,Customer1976,24,34,35,28,68,2
25-04-2021,Customer1828,24,34,35,28,68,2
25-04-2021,Customer28,24,34,35,28,68,2
25-04-2021,Customer937,24,34,35,28,68,2
25-04-2021,Customer853,24,34,35,28,68,2
25-04-2021,Customer1059,24,34,35,28,68,2
02-05-2021,Customer808,24,42,16,31,44,67
02-05-2021,Customer615,24,42,16,31,44,67
02-05-2021,Customer406,24,42,16,31,44,67
02-05-2021,Customer983,24,42,16,31,44,67
02-05-2021,Customer1298,24,42,16,31,44,67
02-05-2021,Customer1873,24,42,16,31,44,67
02-05-2021,Customer553,24,42,16,31,44,67
02-05-2021,Customer1441,24,42,16,31,44,67
02-05-2021,Customer74,24,42,16,31,44,67
02-05-2021,Customer382,24,42,16,31,44,67
02-05-2021,Customer1146,24,42,16,31,44,67
09-05-2021,Customer1260,69,48,60,7,59,34
09-05-2021,Customer771,69,48,60,7,59,34
09-05-2021,Customer444,69,48,60,7,59,34
09-05-2021,Customer1500,69,48,60,7,59,34
09-05-2021,Customer1829,69,48,60,7,59,34
09-05-2021,Customer70,69,48,60,7,59,34
09-05-2021,Customer1437,69,48,60,7,59,34
09-05-2021,Customer1864,69,48,60,7,59,34
09-05-2021,Customer194,69,48,60,7,59,34
09-05-2021,Customer90,69,48,60,7,59,34
09-05-2021,Customer1471,69,48,60,7,59,34
16-05-2021,Customer1618,46,8,65,16,51,36
16-05-2021,Customer1414,46,8,65,16,51,36
16-05-2021,Customer273,46,8,65,16,51,36
16-05-2021,Customer1838,46,8,65,16,51,36
16-05-2021,Customer830,46,8,65,16,51,36
16-05-2021,Customer1387,46,8,65,16,51,36
16-05-2021,Customer1058,46,8,65,16,51,36
16-05-2021,Customer1594,46,8,65,16,51,36
16-05-2021,Customer1540,46,8,65,16,51,36
16-05-2021,Customer452,46,8,65,16,51,36
16-05-2021,Customer905,46,8,65,16,51,36
23-05-2021,Customer1809,63,56,42,53,58,35
23-05-2021,Customer1163,63,56,42,53,58,35
23-05-2021,Customer807,63,56,42,53,58,35
23-05-2021,Customer1920,63,56,42,53,58,35
23-05-2021,Customer474,63,56,42,53,58,35
23-05-2021,Customer1018,63,56,42,53,58,35
23-05-2021,Customer1150,63,56,42,53,58,35
23-05-2021,Customer992,63,56,42,53,58,35
23-05-2021,Customer1831,63,56,42,53,58,35
23-05-2021,Customer700,63,56,42,53,58,35
30-05-2021,Customer508,7,18,9,59,61,36
30-05-2021,Customer1984,7,18,9,59,61,36
30-05-2021,Customer1151,7,18,9,59,61,36
30-05-2021,Customer1846,7,18,9,59,61,36
30-05-2021,Customer1037,7,18,9,59,61,36
30-05-2021,Customer1506,7,18,9,59,61,36
30-05-2021,Customer283,7,18,9,59,61,36
30-05-2021,Customer438,7,18,9,59,61,36
30-05-2021,Customer313,7,18,9,59,61,36
06-06-2021,Customer444,28,44,51,38,36,48
06-06-2021,Customer894,28,44,51,38,36,48
06-06-2021,Customer1969,28,44,51,38,36,48
06-06-2021,Customer1575,28,44,51,38,36,48
06-06-2021,Customer17,28,44,51,38,36,48
06-06-2021,Customer1876,28,44,51,38,36,48
06-06-2021,Customer116,28,44,51,38,36,48
06-06-2021,Customer1030,28,44,51,38,36,48
06-06-2021,Customer57,28,44,51,38,36,48
06-06-2021,Customer338,28,44,51,38,36,48
13-06-2021,Customer1483,12,59,35,8,65,24
13-06-2021,Customer1767,12,59,35,8,65,24
13-06-2021,Customer221,12,59,35,8,65,24
13-06-2021,Customer1867,12,59,35,8,65,24
13-06-2021,Customer1093,12,59,35,8,65,24
13-06-2021,Customer1283,12,59,35,8,65,24
13-06-2021,Customer689,12,59,35,8,65,24
13-06-2021,Customer330,12,59,35,8,65,24
13-06-2021,Customer838,12,59,35,8,65,24
20-06-2021,Customer991,66,56,19,38,17,44
20-06-2021,Customer312,66,56,19,38,17,44
20-06-2021,Customer1315,66,56,19,38,17,44
20-06-2021,Customer1699,66,56,19,38,17,44
20-06-2021,Customer1254,66,56,19,38,17,44
20-06-2021,Customer1430,66,56,19,38,17,44
20-06-2021,Customer1805,66,56,19,38,17,44
20-06-2021,Customer1345,66,56,19,38,17,44
20-06-2021,Customer1243,66,56,19,38,17,44
20-06-2021,Customer1132,66,56,19,38,17,44
20-06-2021,Customer1088,66,56,19,38,17,44
27-06-2021,Customer231,21,19,34,34,45,41
27-06-2021,Customer1052,21,19,34,34,45,41
27-06-2021,Customer985,21,19,34,34,45,41
27-06-2021,Customer1497,21,19,34,34,45,41
27-06-2021,Customer1621,21,19,34,34,45,41
27-06-2021,Customer1795,21,19,34,34,45,41
27-06-2021,Customer480,21,19,34,34,45,41
27-06-2021,Customer452,21,19,34,34,45,41
27-06-2021,Customer290,21,19,34,34,45,41
27-06-2021,Customer494,21,19,34,34,45,41
27-06-2021,Customer1311,21,19,34,34,45,41
27-06-2021,Customer111,21,19,34,34,45,41
27-06-2021,Customer212,21,19,34,34,45,41
04-07-2021,Customer1890,11,30,23,40,4,26
04-07-2021,Customer807,11,30,23,40,4,26
04-07-2021,Customer993,11,30,23,40,4,26
04-07-2021,Customer472,11,30,23,40,4,26
04-07-2021,Customer127,11,30,23,40,4,26
04-07-2021,Customer1042,11,30,23,40,4,26
04-07-2021,Customer1685,11,30,23,40,4,26
04-07-2021,Customer713,11,30,23,40,4,26
04-07-2021,Customer568,11,30,23,40,4,26
04-07-2021,Customer831,11,30,23,40,4,26
04-07-2021,Customer862,11,30,23,40,4,26
11-07-2021,Customer650,58,15,24,49,45,10
11-07-2021,Customer1864,58,15,24,49,45,10
11-07-2021,Customer1007,58,15,24,49,45,10
11-07-2021,Customer806,58,15,24,49,45,10
11-07-2021,Customer43,58,15,24,49,45,10
11-07-2021,Customer1541,58,15,24,49,45,10
11-07-2021,Customer387,58,15,24,49,45,10
11-07-2021,Customer283,58,15,24,49,45,10
11-07-2021,Customer175,58,15,24,49,45,10
11-07-2021,Customer689,58,15,24,49,45,10
11-07-2021,Customer463,58,15,24,49,45,10
18-07-2021,Customer1929,34,31,3,10,26,49
18-07-2021,Customer1899,34,31,3,10,26,49
18-07-2021,Customer912,34,31,3,10,26,49
18-07-2021,Customer321,34,31,3,10,26,49
18-07-2021,Customer1798,34,31,3,10,26,49
18-07-2021,Customer470,34,31,3,10,26,49
18-07-2021,Customer1197,34,31,3,10,26,49
18-07-2021,Customer1601,34,31,3,10,26,49
18-07-2021,Customer213,34,31,3,10,26,49
18-07-2021,Customer1462,34,31,3,10,26,49
18-07-2021,Customer619,34,31,3,10,26,49
25-07-2021,Customer969,32,10,38,39,35,40
25-07-2021,Customer976,32,10,38,39,35,40
25-07-2021,Customer1593,32,10,38,39,35,40
25-07-2021,Customer1273,32,10,38,39,35,40
25-07-2021,Customer345,32,10,38,39,35,40
25-07-2021,Customer932,32,10,38,39,35,40
25-07-2021,Customer1394,32,10,38,39,35,40
25-07-2021,Customer1313,32,10,38,39,35,40
25-07-2021,Customer1529,32,10,38,39,35,40
25-07-2021,Customer1100,32,10,38,39,35,40
01-08-2021,Customer779,8,54,57,14,20,49
01-08-2021,Customer1105,8,54,57,14,20,49
01-08-2021,Customer210,8,54,57,14,20,49
01-08-2021,Customer981,8,54,57,14,20,49
01-08-2021,Customer259,8,54,57,14,20,49
01-08-2021,Customer429,8,54,57,14,20,49
01-08-2021,Customer463,8,54,57,14,20,49
01-08-2021,Customer454,8,54,57,14,20,49
01-08-2021,Customer261,8,54,57,14,20,49
08-08-2021,Customer120,7,21,66,25,18,32
08-08-2021,Customer1166,7,21,66,25,18,32
08-08-2021,Customer742,7,21,66,25,18,32
08-08-2021,Customer1264,7,21,66,25,18,32
08-08-2021,Customer1915,7,21,66,25,18,32
08-08-2021,Customer1781,7,21,66,25,18,32
08-08-2021,Customer1491,7,21,66,25,18,32
08-08-2021,Customer280,7,21,66,25,18,32
08-08-2021,Customer716,7,21,66,25,18,32
08-08-2021,Customer1540,7,21,66,25,18,32
08-08-2021,Customer1041,7,21,66,25,18,32
08-08-2021,Customer1222,7,21,66,25,18,32
08-08-2021,Customer4,7,21,66,25,18,32
15-08-2021,Customer1141,53,11,2,29,54,41
15-08-2021,Customer1353,53,11,2,29,54,41
15-08-2021,Customer646,53,11,2,29,54,41
15-08-2021,Customer633,53,11,2,29,54,41
15-08-2021,Customer1655,53,11,2,29,54,41
15-08-2021,Customer1483,53,11,2,29,54,41
15-08-2021,Customer112,53,11,2,29,54,41
15-08-2021,Customer1762,53,11,2,29,54,41
15-08-2021,Customer1391,53,11,2,29,54,41
22-08-2021,Customer944,44,52,16,22,54,64
22-08-2021,Customer778,44,52,16,22,54,64
22-08-2021,Customer5,44,52,16,22,54,64
22-08-2021,Customer328,44,52,16,22,54,64
22-08-2021,Customer1509,44,52,16,22,54,64
22-08-2021,Customer1785,44,52,16,22,54,64
22-08-2021,Customer1601,44,52,16,22,54,64
22-08-2021,Customer1811,44,52,16,22,54,64
22-08-2021,Customer1791,44,52,16,22,54,64
22-08-2021,Customer694,44,52,16,22,54,64
22-08-2021,Customer1422,44,52,16,22,54,64
22-08-2021,Customer652,44,52,16,22,54,64
29-08-2021,Customer468,33,10,44,19,55,61
29-08-2021,Customer201,33,10,44,19,55,61
29-08-2021,Customer82,33,10,44,19,55,61
29-08-2021,Customer1905,33,10,44,19,55,61
29-08-2021,Customer580,33,10,44,19,55,61
29-08-2021,Customer579,33,10,44,19,55,61
29-08-2021,Customer486,33,10,44,19,55,61
29-08-2021,Customer424,33,10,44,19,55,61
29-08-2021,Customer1073,33,10,44,19,55,61
29-08-2021,Customer505,33,10,44,19,55,61
29-08-2021,Customer287,33,10,44,19,55,61
05-09-2021,Customer772,7,19,57,58,40,53
05-09-2021,Customer1469,7,19,57,58,40,53
05-09-2021,Customer869,7,19,57,58,40,53
05-09-2021,Customer1975,7,19,57,58,40,53
05-09-2021,Customer302,7,19,57,58,40,53
05-09-2021,Customer966,7,19,57,58,40,53
05-09-2021,Customer598,7,19,57,58,40,53
05-09-2021,Customer603,7,19,57,58,40,53
05-09-2021,Customer1982,7,19,57,58,40,53
05-09-2021,Customer1640,7,19,57,58,40,53
12-09-2021,Customer140,32,4,30,6,17,13
12-09-2021,Customer1182,32,4,30,6,17,13
12-09-2021,Customer688,32,4,30,6,17,13
12-09-2021,Customer952,32,4,30,6,17,13
12-09-2021,Customer1219,32,4,30,6,17,13
12-09-2021,Customer362,32,4,30,6,17,13
12-09-2021,Customer450,32,4,30,6,17,13
12-09-2021,Customer742,32,4,30,6,17,13
12-09-2021,Customer46,32,4,30,6,17,13
19-09-2021,Customer1324,49,47,48,39,14,29
19-09-2021,Customer1396,49,47,48,39,14,29
19-09-2021,Customer81,49,47,48,39,14,29
19-09-2021,Customer1608,49,47,48,39,14,29
19-09-2021,Customer1350,49,47,48,39,14,29
19-09-2021,Customer1511,49,47,48,39,14,29
19-09-2021,Customer79,49,47,48,39,14,29
19-09-2021,Customer1252,49,47,48,39,14,29
19-09-2021,Customer150,49,47,48,39,14,29
19-09-2021,Customer683,49,47,48,39,14,29
19-09-2021,Customer461,49,47,48,39,14,29
19-09-2021,Customer1809,49,47,48,39,14,29
26-09-2021,Customer813,9,20,56,5,17,8
26-09-2021,Customer1375,9,20,56,5,17,8
26-09-2021,Customer176,9,20,56,5,17,8
26-09-2021,Customer521,9,20,56,5,17,8
26-09-2021,Customer963,9,20,56,5,17,8
26-09-2021,Customer59,9,20,56,5,17,8
26-09-2021,Customer702,9,20,56,5,17,8
26-09-2021,Customer56,9,20,56,5,17,8
26-09-2021,Customer668,9,20,56,5,17,8
26-09-2021,Customer1974,9,20,56,5,17,8
26-09-2021,Customer579,9,20,56,5,17,8
03-10-2021,Customer256,59,67,54,61,51,7
03-10-2021,Customer55,59,67,54,61,51,7
03-10-2021,Customer1001,59,67,54,61,51,7
03-10-2021,Customer567,59,67,54,61,51,7
03-10-2021,Customer1913,59,67,54,61,51,7
03-10-2021,Customer1321,59,67,54,61,51,7
03-10-2021,Customer451,59,67,54,61,51,7
03-10-2021,Customer318,59,67,54,61,51,7
03-10-2021,Customer1500,59,67,54,61,51,7
03-10-2021,Customer559,59,67,54,61,51,7
03-10-2021,Customer995,59,67,54,61,51,7
10-10-2021,Customer1067,9,67,34,15,28,26
10-10-2021,Customer1131,9,67,34,15,28,26
10-10-2021,Customer1069,9,67,34,15,28,26
10-10-2021,Customer367,9,67,34,15,28,26
10-10-2021,Customer1921,9,67,34,15,28,26
10-10-2021,Customer1971,9,67,34,15,28,26
10-10-2021,Customer1639,9,67,34,15,28,26
10-10-2021,Customer1,9,67,34,15,28,26
10-10-2021,Customer1576,9,67,34,15,28,26
10-10-2021,Customer192,9,67,34,15,28,26
10-10-2021,Customer693,9,67,34,15,28,26
10-10-2021,Customer1018,9,67,34,15,28,26
17-10-2021,Customer1026,57,65,40,35,41,56
17-10-2021,Customer370,57,65,40,35,41,56
17-10-2021,Customer289,57,65,40,35,41,56
17-10-2021,Customer1073,57,65,40,35,41,56
17-10-2021,Customer1279,57,65,40,35,41,56
17-10-2021,Customer789,57,65,40,35,41,56
17-10-2021,Customer394,57,65,40,35,41,56
17-10-2021,Customer1410,57,65,40,35,41,56
17-10-2021,Customer1116,57,65,40,35,41,56
17-10-2021,Customer731,57,65,40,35,41,56
17-10-2021,Customer953,57,65,40,35,41,56
17-10-2021,Customer91,57,65,40,35,41,56
17-10-2021,Customer1894,57,65,40,35,41,56
24-10-2021,Customer345,62,50,56,52,41,53
24-10-2021,Customer637,62,50,56,52,41,53
24-10-2021,Customer1416,62,50,56,52,41,53
24-10-2021,Customer1136,62,50,56,52,41,53
24-10-2021,Customer1003,62,50,56,52,41,53
24-10-2021,Customer1059,62,50,56,52,41,53
24-10-2021,Customer1258,62,50,56,52,41,53
24-10-2021,Customer1598,62,50,56,52,41,53
24-10-2021,Customer759,62,50,56,52,41,53
24-10-2021,Customer488,62,50,56,52,41,53
24-10-2021,Customer1242,62,50,56,52,41,53
31-10-2021,Customer410,14,0,35,61,17,26
31-10-2021,Customer311,14,0,35,61,17,26
31-10-2021,Customer1392,14,0,35,61,17,26
31-10-2021,Customer1806,14,0,35,61,17,26
31-10-2021,Customer821,14,0,35,61,17,26
31-10-2021,Customer6,14,0,35,61,17,26
31-10-2021,Customer1234,14,0,35,61,17,26
31-10-2021,Customer1416,14,0,35,61,17,26
31-10-2021,Customer385,14,0,35,61,17,26
31-10-2021,Customer924,14,0,35,61,17,26
07-11-2021,Customer1421,29,37,70,36,51,11
07-11-2021,Customer728,29,37,70,36,51,11
07-11-2021,Customer1400,29,37,70,36,51,11
07-11-2021,Customer500,29,37,70,36,51,11
07-11-2021,Customer841,29,37,70,36,51,11
07-11-2021,Customer384,29,37,70,36,51,11
07-11-2021,Customer949,29,37,70,36,51,11
07-11-2021,Customer739,29,37,70,36,51,11
07-11-2021,Customer1016,29,37,70,36,51,11
07-11-2021,Customer1538,29,37,70,36,51,11
07-11-2021,Customer1052,29,37,70,36,51,11
07-11-2021,Customer1913,29,37,70,36,51,11
14-11-2021,Customer1129,49,26,41,70,3,56
14-11-2021,Customer622,49,26,41,70,3,56
14-11-2021,Customer551,49,26,41,70,3,56
14-11-2021,Customer1530,49,26,41,70,3,56
14-11-2021,Customer765,49,26,41,70,3,56
14-11-2021,Customer536,49,26,41,70,3,56
14-11-2021,Customer646,49,26,41,70,3,56
14-11-2021,Customer1429,49,26,41,70,3,56
14-11-2021,Customer1635,49,26,41,70,3,56
14-11-2021,Customer636,49,26,41,70,3,56
14-11-2021,Customer1543,49,26,41,70,3,56
14-11-2021,Customer1355,49,26,41,70,3,56
21-11-2021,Customer173,43,53,56,8,53,40
21-11-2021,Customer1526,43,53,56,8,53,40
21-11-2021,Customer429,43,53,56,8,53,40
21-11-2021,Customer697,43,53,56,8,53,40
21-11-2021,Customer940,43,53,56,8,53,40
21-11-2021,Customer976,43,53,56,8,53,40
21-11-2021,Customer760,43,53,56,8,53,40
21-11-2021,Customer643,43,53,56,8,53,40
21-11-2021,Customer577,43,53,56,8,53,40
28-11-2021,Customer1220,39,58,13,62,33,55
28-11-2021,Customer1719,39,58,13,62,33,55
28-11-2021,Customer564,39,58,13,62,33,55
28-11-2021,Customer438,39,58,13,62,33,55
28-11-2021,Customer363,39,58,13,62,33,55
28-11-2021,Customer1981,39,58,13,62,33,55
28-11-2021,Customer1109,39,58,13,62,33,55
28-11-2021,Customer1247,39,58,13,62,33,55
28-11-2021,Customer143,39,58,13,62,33,55
28-11-2021,Customer1713,39,58,13,62,33,55
28-11-2021,Customer198,39,58,13,62,33,55
28-11-2021,Customer1032,39,58,13,62,33,55
05-12-2021,Customer17,68,66,6,50,54,15
05-12-2021,Customer1125,68,66,6,50,54,15
05-12-2021,Customer313,68,66,6,50,54,15
05-12-2021,Customer381,68,66,6,50,54,15
05-12-2021,Customer1416,68,66,6,50,54,15
05-12-2021,Customer85,68,66,6,50,54,15
05-12-2021,Customer1279,68,66,6,50,54,15
05-12-2021,Customer1726,68,66,6,50,54,15
05-12-2021,Customer1694,68,66,6,50,54,15
12-12-2021,Customer897,18,51,34,25,31,57
12-12-2021,Customer91,18,51,34,25,31,57
12-12-2021,Customer257,18,51,34,25,31,57
12-12-2021,Customer146,18,51,34,25,31,57
12-12-2021,Customer1579,18,51,34,25,31,57
12-12-2021,Customer361,18,51,34,25,31,57
12-12-2021,Customer545,18,51,34,25,31,57
12-12-2021,Customer771,18,51,34,25,31,57
12-12-2021,Customer161,18,51,34,25,31,57
12-12-2021,Customer1314,18,51,34,25,31,57
12-12-2021,Customer1063,18,51,34,25,31,57
19-12-2021,Customer1699,57,1,69,22,34,24
19-12-2021,Customer1772,57,1,69,22,34,24
19-12-2021,Customer494,57,1,69,22,34,24
19-12-2021,Customer293,57,1,69,22,34,24
19-12-2021,Customer839,57,1,69,22,34,24
19-12-2021,Customer1693,57,1,69,22,34,24
19-12-2021,Customer871,57,1,69,22,34,24
19-12-2021,Customer1075,57,1,69,22,34,24
19-12-2021,Customer1187,57,1,69,22,34,24
19-12-2021,Customer933,57,1,69,22,34,24
26-12-2021,Customer971,60,32,46,47,59,1
26-12-2021,Customer1232,60,32,46,47,59,1
26-12-2021,Customer1162,60,32,46,47,59,1
26-12-2021,Customer1125,60,32,46,47,59,1
26-12-2021,Customer1199,60,32,46,47,59,1
26-12-2021,Customer572,60,32,46,47,59,1
26-12-2021,Customer302,60,32,46,47,59,1
26-12-2021,Customer576,60,32,46,47,59,1
26-12-2021,Customer610,60,32,46,47,59,1
02-01-2022,Customer130,55,0,18,68,28,18
02-01-2022,Customer1269,55,0,18,68,28,18
02-01-2022,Customer439,55,0,18,68,28,18
02-01-2022,Customer49,55,0,18,68,28,18
02-01-2022,Customer1890,55,0,18,68,28,18
02-01-2022,Customer1380,55,0,18,68,28,18
02-01-2022,Customer365,55,0,18,68,28,18
02-01-2022,Customer1750,55,0,18,68,28,18
02-01-2022,Customer1999,55,0,18,68,28,18
02-01-2022,Customer1608,55,0,18,68,28,18
09-01-2022,Customer912,49,41,17,21,69,40
09-01-2022,Customer718,49,41,17,21,69,40
09-01-2022,Customer903,49,41,17,21,69,40
09-01-2022,Customer346,49,41,17,21,69,40
09-01-2022,Customer1768,49,41,17,21,69,40
09-01-2022,Customer285,49,41,17,21,69,40
09-01-2022,Customer600,49,41,17,21,69,40
09-01-2022,Customer794,49,41,17,21,69,40
09-01-2022,Customer294,49,41,17,21,69,40
09-01-2022,Customer1125,49,41,17,21,69,40
09-01-2022,Customer1027,49,41,17,21,69,40
09-01-2022,Customer1088,49,41,17,21,69,40
09-01-2022,Customer439,49,41,17,21,69,40
16-01-2022,Customer943,22,11,8,67,64,47
16-01-2022,Customer468,22,11,8,67,64,47
16-01-2022,Customer1935,22,11,8,67,64,47
16-01-2022,Customer338,22,11,8,67,64,47
16-01-2022,Customer720,22,11,8,67,64,47
16-01-2022,Customer978,22,11,8,67,64,47
16-01-2022,Customer1085,22,11,8,67,64,47
16-01-2022,Customer1563,22,11,8,67,64,47
16-01-2022,Customer1601,22,11,8,67,64,47
16-01-2022,Customer1918,22,11,8,67,64,47
16-01-2022,Customer159,22,11,8,67,64,47
16-01-2022,Customer258,22,11,8,67,64,47
23-01-2022,Customer1585,44,60,62,69,7,58
23-01-2022,Customer1989,44,60,62,69,7,58
23-01-2022,Customer933,44,60,62,69,7,58
23-01-2022,Customer1185,44,60,62,69,7,58
23-01-2022,Customer1118,44,60,62,69,7,58
23-01-2022,Customer432,44,60,62,69,7,58
23-01-2022,Customer914,44,60,62,69,7,58
23-01-2022,Customer448,44,60,62,69,7,58
23-01-2022,Customer863,44,60,62,69,7,58
23-01-2022,Customer1246,44,60,62,69,7,58
23-01-2022,Customer285,44,60,62,69,7,58
30-01-2022,Customer1208,68,35,39,35,47,46
30-01-2022,Customer812,68,35,39,35,47,46
30-01-2022,Customer1988,68,35,39,35,47,46
30-01-2022,Customer1061,68,35,39,35,47,46
30-01-2022,Customer1429,68,35,39,35,47,46
30-01-2022,Customer1269,68,35,39,35,47,46
30-01-2022,Customer1223,68,35,39,35,47,46
30-01-2022,Customer342,68,35,39,35,47,46
30-01-2022,Customer1911,68,35,39,35,47,46
30-01-2022,Customer213,68,35,39,35,47,46
30-01-2022,Customer1545,68,35,39,35,47,46
06-02-2022,Customer1410,4,31,13,66,9,14
06-02-2022,Customer93,4,31,13,66,9,14
06-02-2022,Customer1847,4,31,13,66,9,14
06-02-2022,Customer1277,4,31,13,66,9,14
06-02-2022,Customer968,4,31,13,66,9,14
06-02-2022,Customer345,4,31,13,66,9,14
06-02-2022,Customer355,4,31,13,66,9,14
06-02-2022,Customer1687,4,31,13,66,9,14
06-02-2022,Customer910,4,31,13,66,9,14
06-02-2022,Customer1251,4,31,13,66,9,14
13-02-2022,Customer783,5,31,66,64,30,17
13-02-2022,Customer682,5,31,66,64,30,17
13-02-2022,Customer478,5,31,66,64,30,17
13-02-2022,Customer1471,5,31,66,64,30,17
13-02-2022,Customer1218,5,31,66,64,30,17
13-02-2022,Customer244,5,31,66,64,30,17
13-02-2022,Customer295,5,31,66,64,30,17
13-02-2022,Customer1604,5,31,66,64,30,17
13-02-2022,Customer436,5,31,66,64,30,17
13-02-2022,Customer586,5,31,66,64,30,17
13-02-2022,Customer275,5,31,66,64,30,17
13-02-2022,Customer262,5,31,66,64,30,17
13-02-2022,Customer962,5,31,66,64,30,17
20-02-2022,Customer973,35,10,8,48,52,22
20-02-2022,Customer658,35,10,8,48,52,22
20-02-2022,Customer1432,35,10,8,48,52,22
20-02-2022,Customer1712,35,10,8,48,52,22
20-02-2022,Customer43,35,10,8,48,52,22
20-02-2022,Customer855,35,10,8,48,52,22
20-02-2022,Customer1428,35,10,8,48,52,22
20-02-2022,Customer1749,35,10,8,48,52,22
20-02-2022,Customer1525,35,10,8,48,52,22
20-02-2022,Customer516,35,10,8,48,52,22
20-02-2022,Customer1463,35,10,8,48,52,22
20-02-2022,Customer1034,35,10,8,48,52,22
27-02-2022,Customer716,68,6,22,36,22,69
27-02-2022,Customer232,68,6,22,36,22,69
27-02-2022,Customer1518,68,6,22,36,22,69
27-02-2022,Customer1938,68,6,22,36,22,69
27-02-2022,Customer240,68,6,22,36,22,69
27-02-2022,Customer826,68,6,22,36,22,69
27-02-2022,Customer967,68,6,22,36,22,69
27-02-2022,Customer1237,68,6,22,36,22,69
27-02-2022,Customer1870,68,6,22,36,22,69
27-02-2022,Customer1370,68,6,22,36,22,69
06-03-2022,Customer1364,68,67,8,16,41,59
06-03-2022,Customer868,68,67,8,16,41,59
06-03-2022,Customer930,68,67,8,16,41,59
06-03-2022,Customer1622,68,67,8,16,41,59
06-03-2022,Customer1046,68,67,8,16,41,59
06-03-2022,Customer599,68,67,8,16,41,59
06-03-2022,Customer1527,68,67,8,16,41,59
06-03-2022,Customer1712,68,67,8,16,41,59
06-03-2022,Customer1548,68,67,8,16,41,59
06-03-2022,Customer134,68,67,8,16,41,59
06-03-2022,Customer1016,68,67,8,16,41,59
06-03-2022,Customer1489,68,67,8,16,41,59
13-03-2022,Customer1302,55,18,9,34,55,47
13-03-2022,Customer1190,55,18,9,34,55,47
13-03-2022,Customer1767,55,18,9,34,55,47
13-03-2022,Customer829,55,18,9,34,55,47
13-03-2022,Customer1158,55,18,9,34,55,47
13-03-2022,Customer458,55,18,9,34,55,47
13-03-2022,Customer1622,55,18,9,34,55,47
13-03-2022,Customer1041,55,18,9,34,55,47
13-03-2022,Customer710,55,18,9,34,55,47
20-03-2022,Customer871,4,16,25,46,18,3
20-03-2022,Customer872,4,16,25,46,18,3
20-03-2022,Customer1728,4,16,25,46,18,3
20-03-2022,Customer1385,4,16,25,46,18,3
20-03-2022,Customer661,4,16,25,46,18,3
20-03-2022,Customer1680,4,16,25,46,18,3
20-03-2022,Customer1079,4,16,25,46,18,3
20-03-2022,Customer1539,4,16,25,46,18,3
20-03-2022,Customer228,4,16,25,46,18,3
20-03-2022,Customer479,4,16,25,46,18,3
20-03-2022,Customer93,4,16,25,46,18,3
27-03-2022,Customer16,22,4,44,14,8,43
27-03-2022,Customer438,22,4,44,14,8,43
27-03-2022,Customer517,22,4,44,14,8,43
27-03-2022,Customer906,22,4,44,14,8,43
27-03-2022,Customer255,22,4,44,14,8,43
27-03-2022,Customer997,22,4,44,14,8,43
27-03-2022,Customer1627,22,4,44,14,8,43
27-03-2022,Customer184,22,4,44,14,8,43
27-03-2022,Customer1256,22,4,44,14,8,43
27-03-2022,Customer1176,22,4,44,14,8,43
27-03-2022,Customer1935,22,4,44,14,8,43
03-04-2022,Customer1316,41,17,30,65,1,3
03-04-2022,Customer1873,41,17,30,65,1,3
03-04-2022,Customer1150,41,17,30,65,1,3
03-04-2022,Customer1483,41,17,30,65,1,3
03-04-2022,Customer1512,41,17,30,65,1,3
03-04-2022,Customer397,41,17,30,65,1,3
03-04-2022,Customer343,41,17,30,65,1,3
03-04-2022,Customer705,41,17,30,65,1,3
03-04-2022,Customer1734,41,17,30,65,1,3
10-04-2022,Customer1924,62,6,5,50,30,13
10-04-2022,Customer836,62,6,5,50,30,13
10-04-2022,Customer388,62,6,5,50,30,13
10-04-2022,Customer1364,62,6,5,50,30,13
10-04-2022,Customer316,62,6,5,50,30,13
10-04-2022,Customer1190,62,6,5,50,30,13
10-04-2022,Customer1903,62,6,5,50,30,13
10-04-2022,Customer687,62,6,5,50,30,13
10-04-2022,Customer1486,62,6,5,50,30,13
10-04-2022,Customer352,62,6,5,50,30,13
10-04-2022,Customer1489,62,6,5,50,30,13
17-04-2022,Customer1304,36,37,66,37,42,51
17-04-2022,Customer825,36,37,66,37,42,51
17-04-2022,Customer1094,36,37,66,37,42,51
17-04-2022,Customer436,36,37,66,37,42,51
17-04-2022,Customer1116,36,37,66,37,42,51
17-04-2022,Customer927,36,37,66,37,42,51
17-04-2022,Customer1165,36,37,66,37,42,51
17-04-2022,Customer180,36,37,66,37,42,51
17-04-2022,Customer363,36,37,66,37,42,51
24-04-2022,Customer128,70,56,4,48,48,67
24-04-2022,Customer74,70,56,4,48,48,67
24-04-2022,Customer28,70,56,4,48,48,67
24-04-2022,Customer1356,70,56,4,48,48,67
24-04-2022,Customer368,70,56,4,48,48,67
24-04-2022,Customer1243,70,56,4,48,48,67
24-04-2022,Customer681,70,56,4,48,48,67
24-04-2022,Customer830,70,56,4,48,48,67
24-04-2022,Customer876,70,56,4,48,48,67
24-04-2022,Customer1122,70,56,4,48,48,67
24-04-2022,Customer1853,70,56,4,48,48,67
01-05-2022,Customer905,34,5,41,20,31,38
01-05-2022,Customer561,34,5,41,20,31,38
01-05-2022,Customer1363,34,5,41,20,31,38
01-05-2022,Customer1605,34,5,41,20,31,38
01-05-2022,Customer659,34,5,41,20,31,38
01-05-2022,Customer976,34,5,41,20,31,38
01-05-2022,Customer1525,34,5,41,20,31,38
01-05-2022,Customer1470,34,5,41,20,31,38
01-05-2022,Customer1458,34,5,41,20,31,38
01-05-2022,Customer1455,34,5,41,20,31,38
01-05-2022,Customer97,34,5,41,20,31,38
01-05-2022,Customer1459,34,5,41,20,31,38
08-05-2022,Customer1449,35,8,30,5,22,57
08-05-2022,Customer666,35,8,30,5,22,57
08-05-2022,Customer1212,35,8,30,5,22,57
08-05-2022,Customer1277,35,8,30,5,22,57
08-05-2022,Customer885,35,8,30,5,22,57
08-05-2022,Customer817,35,8,30,5,22,57
08-05-2022,Customer992,35,8,30,5,22,57
08-05-2022,Customer1267,35,8,30,5,22,57
08-05-2022,Customer1068,35,8,30,5,22,57
08-05-2022,Customer851,35,8,30,5,22,57
08-05-2022,Customer287,35,8,30,5,22,57
15-05-2022,Customer1254,3,67,30,6,28,17
15-05-2022,Customer577,3,67,30,6,28,17
15-05-2022,Customer962,3,67,30,6,28,17
15-05-2022,Customer1724,3,67,30,6,28,17
15-05-2022,Customer433,3,67,30,6,28,17
15-05-2022,Customer744,3,67,30,6,28,17
15-05-2022,Customer1214,3,67,30,6,28,17
15-05-2022,Customer379,3,67,30,6,28,17
15-05-2022,Customer561,3,67,30,6,28,17
15-05-2022,Customer1462,3,67,30,6,28,17
15-05-2022,Customer851,3,67,30,6,28,17
22-05-2022,Customer1982,15,44,19,24,34,70
22-05-2022,Customer153,15,44,19,24,34,70
22-05-2022,Customer1453,15,44,19,24,34,70
22-05-2022,Customer1331,15,44,19,24,34,70
22-05-2022,Customer1191,15,44,19,24,34,70
22-05-2022,Customer38,15,44,19,24,34,70
22-05-2022,Customer1069,15,44,19,24,34,70
22-05-2022,Customer246,15,44,19,24,34,70
22-05-2022,Customer960,15,44,19,24,34,70
22-05-2022,Customer1557,15,44,19,24,34,70
22-05-2022,Customer543,15,44,19,24,34,70
22-05-2022,Customer97,15,44,19,24,34,70
29-05-2022,Customer1221,62,68,56,12,58,39
29-05-2022,Customer937,62,68,56,12,58,39
29-05-2022,Customer1881,62,68,56,12,58,39
29-05-2022,Customer1562,62,68,56,12,58,39
29-05-2022,Customer2,62,68,56,12,58,39
29-05-2022,Customer647,62,68,56,12,58,39
29-05-2022,Customer1499,62,68,56,12,58,39
29-05-2022,Customer456,62,68,56,12,58,39
29-05-2022,Customer741,62,68,56,12,58,39
29-05-2022,Customer770,62,68,56,12,58,39
29-05-2022,Customer547,62,68,56,12,58,39
05-06-2022,Customer464,23,60,42,54,46,34
05-06-2022,Customer845,23,60,42,54,46,34
05-06-2022,Customer224,23,60,42,54,46,34
05-06-2022,Customer75,23,60,42,54,46,34
05-06-2022,Customer1443,23,60,42,54,46,34
05-06-2022,Customer1376,23,60,42,54,46,34
05-06-2022,Customer1720,23,60,42,54,46,34
05-06-2022,Customer663,23,60,42,54,46,34
05-06-2022,Customer282,23,60,42,54,46,34
05-06-2022,Customer864,23,60,42,54,46,34
05-06-2022,Customer1070,23,60,42,54,46,34
05-06-2022,Customer1700,23,60,42,54,46,34
05-06-2022,Customer861,23,60,42,54,46,34
12-06-2022,Customer967,38,45,60,15,9,64
12-06-2022,Customer917,38,45,60,15,9,64
12-06-2022,Customer594,38,45,60,15,9,64
12-06-2022,Customer1996,38,45,60,15,9,64
12-06-2022,Customer1015,38,45,60,15,9,64
12-06-2022,Customer1047,38,45,60,15,9,64
12-06-2022,Customer1762,38,45,60,15,9,64
12-06-2022,Customer730,38,45,60,15,9,64
12-06-2022,Customer31,38,45,60,15,9,64
12-06-2022,Customer405,38,45,60,15,9,64
12-06-2022,Customer904,38,45,60,15,9,64
19-06-2022,Customer1860,56,7,14,47,29,3
19-06-2022,Customer1230,56,7,14,47,29,3
19-06-2022,Customer59,56,7,14,47,29,3
19-06-2022,Customer415,56,7,14,47,29,3
19-06-2022,Customer1104,56,7,14,47,29,3
19-06-2022,Customer1446,56,7,14,47,29,3
19-06-2022,Customer140,56,7,14,47,29,3
19-06-2022,Customer1066,56,7,14,47,29,3
19-06-2022,Customer1464,56,7,14,47,29,3
19-06-2022,Customer1113,56,7,14,47,29,3
19-06-2022,Customer830,56,7,14,47,29,3
26-06-2022,Customer1261,31,34,46,53,23,9
26-06-2022,Customer28,31,34,46,53,23,9
26-06-2022,Customer149,31,34,46,53,23,9
26-06-2022,Customer1833,31,34,46,53,23,9
26-06-2022,Customer609,31,34,46,53,23,9
26-06-2022,Customer1596,31,34,46,53,23,9
26-06-2022,Customer22,31,34,46,53,23,9
26-06-2022,Customer495,31,34,46,53,23,9
26-06-2022,Customer174,31,34,46,53,23,9
26-06-2022,Customer482,31,34,46,53,23,9
03-07-2022,Customer515,18,9,27,23,6,17
03-07-2022,Customer1499,18,9,27,23,6,17
03-07-2022,Customer1284,18,9,27,23,6,17
03-07-2022,Customer570,18,9,27,23,6,17
03-07-2022,Customer523,18,9,27,23,6,17
03-07-2022,Customer333,18,9,27,23,6,17
03-07-2022,Customer1714,18,9,27,23,6,17
03-07-2022,Customer891,18,9,27,23,6,17
03-07-2022,Customer1832,18,9,27,23,6,17
03-07-2022,Customer758,18,9,27,23,6,17
03-07-2022,Customer1508,18,9,27,23,6,17
03-07-2022,Customer1818,18,9,27,23,6,17
03-07-2022,Customer1344,18,9,27,23,6,17
10-07-2022,Customer1022,48,31,22,5,57,47
10-07-2022,Customer1804,48,31,22,5,57,47
10-07-2022,Customer1369,48,31,22,5,57,47
10-07-2022,Customer445,48,31,22,5,57,47
10-07-2022,Customer1324,48,31,22,5,57,47
10-07-2022,Customer1115,48,31,22,5,57,47
10-07-2022,Customer839,48,31,22,5,57,47
10-07-2022,Customer65,48,31,22,5,57,47
10-07-2022,Customer1380,48,31,22,5,57,47
10-07-2022,Customer1540,48,31,22,5,57,47
10-07-2022,Customer1226,48,31,22,5,57,47
17-07-2022,Customer512,68,61,36,52,39,38
17-07-2022,Customer696,68,61,36,52,39,38
17-07-2022,Customer1736,68,61,36,52,39,38
17-07-2022,Customer609,68,61,36,52,39,38
17-07-2022,Customer592,68,61,36,52,39,38
17-07-2022,Customer121,68,61,36,52,39,38
17-07-2022,Customer852,68,61,36,52,39,38
17-07-2022,Customer738,68,61,36,52,39,38
17-07-2022,Customer769,68,61,36,52,39,38
17-07-2022,Customer1692,68,61,36,52,39,38
24-07-2022,Customer925,33,61,12,17,65,60
24-07-2022,Customer813,33,61,12,17,65,60
24-07-2022,Customer581,33,61,12,17,65,60
24-07-2022,Customer111,33,61,12,17,65,60
24-07-2022,Customer1304,33,61,12,17,65,60
24-07-2022,Customer1326,33,61,12,17,65,60
24-07-2022,Customer1464,33,61,12,17,65,60
24-07-2022,Customer1727,33,61,12,17,65,60
24-07-2022,Customer1020,33,61,12,17,65,60
24-07-2022,Customer1847,33,61,12,17,65,60
24-07-2022,Customer52,33,61,12,17,65,60
31-07-2022,Customer767,50,8,21,69,48,27
31-07-2022,Customer1679,50,8,21,69,48,27
31-07-2022,Customer1254,50,8,21,69,48,27
31-07-2022,Customer1398,50,8,21,69,48,27
31-07-2022,Customer404,50,8,21,69,48,27
31-07-2022,Customer121,50,8,21,69,48,27
31-07-2022,Customer1935,50,8,21,69,48,27
31-07-2022,Customer1298,50,8,21,69,48,27
31-07-2022,Customer1089,50,8,21,69,48,27
31-07-2022,Customer1629,50,8,21,69,48,27
07-08-2022,Customer295,60,70,19,7,59,57
07-08-2022,Customer1598,60,70,19,7,59,57
07-08-2022,Customer148,60,70,19,7,59,57
07-08-2022,Customer802,60,70,19,7,59,57
07-08-2022,Customer849,60,70,19,7,59,57
07-08-2022,Customer49,60,70,19,7,59,57
07-08-2022,Customer746,60,70,19,7,59,57
07-08-2022,Customer1862,60,70,19,7,59,57
07-08-2022,Customer1800,60,70,19,7,59,57
07-08-2022,Customer853,60,70,19,7,59,57
07-08-2022,Customer891,60,70,19,7,59,57
07-08-2022,Customer254,60,70,19,7,59,57
14-08-2022,Customer556,8,53,25,58,47,22
14-08-2022,Customer1720,8,53,25,58,47,22
14-08-2022,Customer1763,8,53,25,58,47,22
14-08-2022,Customer1000,8,53,25,58,47,22
14-08-2022,Customer217,8,53,25,58,47,22
14-08-2022,Customer857,8,53,25,58,47,22
14-08-2022,Customer1024,8,53,25,58,47,22
14-08-2022,Customer1986,8,53,25,58,47,22
14-08-2022,Customer1450,8,53,25,58,47,22
14-08-2022,Customer629,8,53,25,58,47,22
14-08-2022,Customer881,8,53,25,58,47,22
14-08-2022,Customer1307,8,53,25,58,47,22
21-08-2022,Customer1910,36,70,56,50,23,69
21-08-2022,Customer655,36,70,56,50,23,69
21-08-2022,Customer1797,36,70,56,50,23,69
21-08-2022,Customer1911,36,70,56,50,23,69
21-08-2022,Customer511,36,70,56,50,23,69
21-08-2022,Customer1289,36,70,56,50,23,69
21-08-2022,Customer1675,36,70,56,50,23,69
21-08-2022,Customer1618,36,70,56,50,23,69
21-08-2022,Customer822,36,70,56,50,23,69
21-08-2022,Customer1420,36,70,56,50,23,69
21-08-2022,Customer315,36,70,56,50,23,69
28-08-2022,Customer702,69,22,3,64,60,11
28-08-2022,Customer409,69,22,3,64,60,11
28-08-2022,Customer1472,69,22,3,64,60,11
28-08-2022,Customer1520,69,22,3,64,60,11
28-08-2022,Customer1653,69,22,3,64,60,11
28-08-2022,Customer1537,69,22,3,64,60,11
28-08-2022,Customer364,69,22,3,64,60,11
28-08-2022,Customer1533,69,22,3,64,60,11
28-08-2022,Customer523,69,22,3,64,60,11
04-09-2022,Customer1428,54,9,23,23,18,47
04-09-2022,Customer670,54,9,23,23,18,47
04-09-2022,Customer1331,54,9,23,23,18,47
04-09-2022,Customer1449,54,9,23,23,18,47
04-09-2022,Customer1467,54,9,23,23,18,47
04-09-2022,Customer1045,54,9,23,23,18,47
04-09-2022,Customer665,54,9,23,23,18,47
04-09-2022,Customer671,54,9,23,23,18,47
04-09-2022,Customer1453,54,9,23,23,18,47
11-09-2022,Customer177,70,7,30,5,38,19
11-09-2022,Customer975,70,7,30,5,38,19
11-09-2022,Customer577,70,7,30,5,38,19
11-09-2022,Customer718,70,7,30,5,38,19
11-09-2022,Customer1501,70,7,30,5,38,19
11-09-2022,Customer1382,70,7,30,5,38,19
11-09-2022,Customer1027,70,7,30,5,38,19
11-09-2022,Customer597,70,7,30,5,38,19
11-09-2022,Customer40,70,7,30,5,38,19
11-09-2022,Customer411,70,7,30,5,38,19
18-09-2022,Customer981,16,44,36,41,40,4
18-09-2022,Customer462,16,44,36,41,40,4
18-09-2022,Customer714,16,44,36,41,40,4
18-09-2022,Customer95,16,44,36,41,40,4
18-09-2022,Customer188,16,44,36,41,40,4
18-09-2022,Customer493,16,44,36,41,40,4
18-09-2022,Customer730,16,44,36,41,40,4
18-09-2022,Customer742,16,44,36,41,40,4
18-09-2022,Customer1784,16,44,36,41,40,4
18-09-2022,Customer1379,16,44,36,41,40,4
18-09-2022,Customer872,16,44,36,41,40,4
25-09-2022,Customer236,28,2,53,54,12,36
25-09-2022,Customer388,28,2,53,54,12,36
25-09-2022,Customer1770,28,2,53,54,12,36
25-09-2022,Customer1872,28,2,53,54,12,36
25-09-2022,Customer308,28,2,53,54,12,36
25-09-2022,Customer1389,28,2,53,54,12,36
25-09-2022,Customer1539,28,2,53,54,12,36
25-09-2022,Customer574,28,2,53,54,12,36
25-09-2022,Customer282,28,2,53,54,12,36
25-09-2022,Customer982,28,2,53,54,12,36
25-09-2022,Customer1388,28,2,53,54,12,36
02-10-2022,Customer208,20,18,37,1,0,25
02-10-2022,Customer1806,20,18,37,1,0,25
02-10-2022,Customer1692,20,18,37,1,0,25
02-10-2022,Customer157,20,18,37,1,0,25
02-10-2022,Customer823,20,18,37,1,0,25
02-10-2022,Customer407,20,18,37,1,0,25
02-10-2022,Customer1134,20,18,37,1,0,25
02-10-2022,Customer294,20,18,37,1,0,25
02-10-2022,Customer1702,20,18,37,1,0,25
02-10-2022,Customer509,20,18,37,1,0,25
02-10-2022,Customer406,20,18,37,1,0,25
02-10-2022,Customer739,20,18,37,1,0,25
02-10-2022,Customer1326,20,18,37,1,0,25
09-10-2022,Customer876,32,60,65,0,5,60
09-10-2022,Customer137,32,60,65,0,5,60
09-10-2022,Customer884,32,60,65,0,5,60
09-10-2022,Customer40,32,60,65,0,5,60
09-10-2022,Customer1134,32,60,65,0,5,60
09-10-2022,Customer1540,32,60,65,0,5,60
09-10-2022,Customer1112,32,60,65,0,5,60
09-10-2022,Customer1296,32,60,65,0,5,60
09-10-2022,Customer607,32,60,65,0,5,60
09-10-2022,Customer1797,32,60,65,0,5,60
09-10-2022,Customer350,32,60,65,0,5,60
09-10-2022,Customer474,32,60,65,0,5,60
16-10-2022,Customer1850,28,46,50,51,31,64
16-10-2022,Customer1134,28,46,50,51,31,64
16-10-2022,Customer46,28,46,50,51,31,64
16-10-2022,Customer1606,28,46,50,51,31,64
16-10-2022,Customer1321,28,46,50,51,31,64
16-10-2022,Customer1142,28,46,50,51,31,64
16-10-2022,Customer26,28,46,50,51,31,64
16-10-2022,Customer1216,28,46,50,51,31,64
16-10-2022,Customer223,28,46,50,51,31,64
16-10-2022,Customer834,28,46,50,51,31,64
16-10-2022,Customer1982,28,46,50,51,31,64
16-10-2022,Customer1807,28,46,50,51,31,64
16-10-2022,Customer1854,28,46,50,51,31,64
23-10-2022,Customer1590,68,51,51,17,0,20
23-10-2022,Customer1696,68,51,51,17,0,20
23-10-2022,Customer942,68,51,51,17,0,20
23-10-2022,Customer1452,68,51,51,17,0,20
23-10-2022,Customer1164,68,51,51,17,0,20
23-10-2022,Customer1286,68,51,51,17,0,20
23-10-2022,Customer132,68,51,51,17,0,20
23-10-2022,Customer645,68,51,51,17,0,20
23-10-2022,Customer120,68,51,51,17,0,20
23-10-2022,Customer620,68,51,51,17,0,20
30-10-2022,Customer1280,62,27,36,18,14,5
30-10-2022,Customer1270,62,27,36,18,14,5
30-10-2022,Customer934,62,27,36,18,14,5
30-10-2022,Customer781,62,27,36,18,14,5
30-10-2022,Customer878,62,27,36,18,14,5
30-10-2022,Customer134,62,27,36,18,14,5
30-10-2022,Customer1551,62,27,36,18,14,5
30-10-2022,Customer1282,62,27,36,18,14,5
30-10-2022,Customer1487,62,27,36,18,14,5
06-11-2022,Customer958,23,27,66,40,13,29
06-11-2022,Customer1157,23,27,66,40,13,29
06-11-2022,Customer156,23,27,66,40,13,29
06-11-2022,Customer323,23,27,66,40,13,29
06-11-2022,Customer1728,23,27,66,40,13,29
06-11-2022,Customer1744,23,27,66,40,13,29
06-11-2022,Customer221,23,27,66,40,13,29
06-11-2022,Customer1759,23,27,66,40,13,29
06-11-2022,Customer1255,23,27,66,40,13,29
06-11-2022,Customer408,23,27,66,40,13,29
06-11-2022,Customer649,23,27,66,40,13,29
13-11-2022,Customer1423,29,49,31,53,66,39
13-11-2022,Customer562,29,49,31,53,66,39
13-11-2022,Customer394,29,49,31,53,66,39
13-11-2022,Customer1673,29,49,31,53,66,39
13-11-2022,Customer1254,29,49,31,53,66,39
13-11-2022,Customer1580,29,49,31,53,66,39
13-11-2022,Customer1185,29,49,31,53,66,39
13-11-2022,Customer310,29,49,31,53,66,39
13-11-2022,Customer1738,29,49,31,53,66,39
13-11-2022,Customer476,29,49,31,53,66,39
20-11-2022,Customer1770,6,33,56,56,20,52
20-11-2022,Customer589,6,33,56,56,20,52
20-11-2022,Customer1649,6,33,56,56,20,52
20-11-2022,Customer1377,6,33,56,56,20,52
20-11-2022,Customer43,6,33,56,56,20,52
20-11-2022,Customer721,6,33,56,56,20,52
20-11-2022,Customer725,6,33,56,56,20,52
20-11-2022,Customer1938,6,33,56,56,20,52
20-11-2022,Customer347,6,33,56,56,20,52
20-11-2022,Customer1879,6,33,56,56,20,52
27-11-2022,Customer1980,25,43,12,65,64,31
27-11-2022,Customer1890,25,43,12,65,64,31
27-11-2022,Customer1968,25,43,12,65,64,31
27-11-2022,Customer1207,25,43,12,65,64,31
27-11-2022,Customer816,25,43,12,65,64,31
27-11-2022,Customer1352,25,43,12,65,64,31
27-11-2022,Customer1741,25,43,12,65,64,31
27-11-2022,Customer1826,25,43,12,65,64,31
27-11-2022,Customer781,25,43,12,65,64,31
27-11-2022,Customer349,25,43,12,65,64,31
27-11-2022,Customer1050,25,43,12,65,64,31
27-11-2022,Customer1,25,43,12,65,64,31
04-12-2022,Customer744,14,17,9,62,54,29
04-12-2022,Customer633,14,17,9,62,54,29
04-12-2022,Customer263,14,17,9,62,54,29
04-12-2022,Customer1928,14,17,9,62,54,29
04-12-2022,Customer635,14,17,9,62,54,29
04-12-2022,Customer1621,14,17,9,62,54,29
04-12-2022,Customer1551,14,17,9,62,54,29
04-12-2022,Customer19,14,17,9,62,54,29
04-12-2022,Customer1206,14,17,9,62,54,29
04-12-2022,Customer1361,14,17,9,62,54,29
04-12-2022,Customer122,14,17,9,62,54,29
04-12-2022,Customer407,14,17,9,62,54,29
04-12-2022,Customer1244,14,17,9,62,54,29
11-12-2022,Customer1892,20,67,69,67,44,19
11-12-2022,Customer66,20,67,69,67,44,19
11-12-2022,Customer861,20,67,69,67,44,19
11-12-2022,Customer325,20,67,69,67,44,19
11-12-2022,Customer1350,20,67,69,67,44,19
11-12-2022,Customer322,20,67,69,67,44,19
11-12-2022,Customer1323,20,67,69,67,44,19
11-12-2022,Customer1592,20,67,69,67,44,19
11-12-2022,Customer304,20,67,69,67,44,19
11-12-2022,Customer243,20,67,69,67,44,19
18-12-2022,Customer1798,30,31,60,39,25,38
18-12-2022,Customer21,30,31,60,39,25,38
18-12-2022,Customer409,30,31,60,39,25,38
18-12-2022,Customer838,30,31,60,39,25,38
18-12-2022,Customer1158,30,31,60,39,25,38
18-12-2022,Customer1206,30,31,60,39,25,38
18-12-2022,Customer1281,30,31,60,39,25,38
18-12-2022,Customer1196,30,31,60,39,25,38
18-12-2022,Customer1733,30,31,60,39,25,38
18-12-2022,Customer1839,30,31,60,39,25,38
25-12-2022,Customer647,67,56,25,70,12,18
25-12-2022,Customer518,67,56,25,70,12,18
25-12-2022,Customer984,67,56,25,70,12,18
25-12-2022,Customer72,67,56,25,70,12,18
25-12-2022,Customer758,67,56,25,70,12,18
25-12-2022,Customer1699,67,56,25,70,12,18
25-12-2022,Customer1909,67,56,25,70,12,18
25-12-2022,Customer1502,67,56,25,70,12,18
25-12-2022,Customer1188,67,56,25,70,12,18
25-12-2022,Customer96,67,56,25,70,12,18
25-12-2022,Customer675,67,56,25,70,12,18
25-12-2022,Customer890,67,56,25,70,12,18
25-12-2022,Customer1040,67,56,25,70,12,18
01-01-2023,Customer195,22,62,7,67,16,28
01-01-2023,Customer333,22,62,7,67,16,28
01-01-2023,Customer1833,22,62,7,67,16,28
01-01-2023,Customer1389,22,62,7,67,16,28
01-01-2023,Customer1598,22,62,7,67,16,28
01-01-2023,Customer1808,22,62,7,67,16,28
01-01-2023,Customer1932,22,62,7,67,16,28
01-01-2023,Customer1825,22,62,7,67,16,28
01-01-2023,Customer671,22,62,7,67,16,28
01-01-2023,Customer1492,22,62,7,67,16,28
08-01-2023,Customer748,4,19,33,64,50,10
08-01-2023,Customer184,4,19,33,64,50,10
08-01-2023,Customer1086,4,19,33,64,50,10
08-01-2023,Customer957,4,19,33,64,50,10
08-01-2023,Customer941,4,19,33,64,50,10
08-01-2023,Customer1976,4,19,33,64,50,10
08-01-2023,Customer982,4,19,33,64,50,10
08-01-2023,Customer1891,4,19,33,64,50,10
08-01-2023,Customer1852,4,19,33,64,50,10
15-01-2023,Customer894,1,55,4,14,5,40
15-01-2023,Customer902,1,55,4,14,5,40
15-01-2023,Customer1555,1,55,4,14,5,40
15-01-2023,Customer1574,1,55,4,14,5,40
15-01-2023,Customer23,1,55,4,14,5,40
15-01-2023,Customer592,1,55,4,14,5,40
15-01-2023,Customer1556,1,55,4,14,5,40
15-01-2023,Customer1182,1,55,4,14,5,40
15-01-2023,Customer624,1,55,4,14,5,40
22-01-2023,Customer865,27,60,41,6,18,36
22-01-2023,Customer1171,27,60,41,6,18,36
22-01-2023,Customer1410,27,60,41,6,18,36
22-01-2023,Customer71,27,60,41,6,18,36
22-01-2023,Customer214,27,60,41,6,18,36
22-01-2023,Customer1016,27,60,41,6,18,36
22-01-2023,Customer1,27,60,41,6,18,36
22-01-2023,Customer1079,27,60,41,6,18,36
22-01-2023,Customer975,27,60,41,6,18,36
22-01-2023,Customer309,27,60,41,6,18,36
22-01-2023,Customer1048,27,60,41,6,18,36
22-01-2023,Customer999,27,60,41,6,18,36
29-01-2023,Customer984,4,31,5,35,5,22
29-01-2023,Customer1014,4,31,5,35,5,22
29-01-2023,Customer1207,4,31,5,35,5,22
29-01-2023,Customer59,4,31,5,35,5,22
29-01-2023,Customer395,4,31,5,35,5,22
29-01-2023,Customer914,4,31,5,35,5,22
29-01-2023,Customer1364,4,31,5,35,5,22
29-01-2023,Customer749,4,31,5,35,5,22
29-01-2023,Customer1557,4,31,5,35,5,22
29-01-2023,Customer525,4,31,5,35,5,22
29-01-2023,Customer567,4,31,5,35,5,22
29-01-2023,Customer1116,4,31,5,35,5,22
05-02-2023,Customer723,17,52,0,7,70,25
05-02-2023,Customer1280,17,52,0,7,70,25
05-02-2023,Customer1879,17,52,0,7,70,25
05-02-2023,Customer1213,17,52,0,7,70,25
05-02-2023,Customer1892,17,52,0,7,70,25
05-02-2023,Customer955,17,52,0,7,70,25
05-02-2023,Customer1627,17,52,0,7,70,25
05-02-2023,Customer58,17,52,0,7,70,25
05-02-2023,Customer1110,17,52,0,7,70,25
05-02-2023,Customer943,17,52,0,7,70,25
05-02-2023,Customer147,17,52,0,7,70,25
05-02-2023,Customer1233,17,52,0,7,70,25
05-02-2023,Customer946,17,52,0,7,70,25
12-02-2023,Customer1087,32,65,58,0,10,40
12-02-2023,Customer1436,32,65,58,0,10,40
12-02-2023,Customer1787,32,65,58,0,10,40
12-02-2023,Customer929,32,65,58,0,10,40
12-02-2023,Customer1939,32,65,58,0,10,40
12-02-2023,Customer1192,32,65,58,0,10,40
12-02-2023,Customer1423,32,65,58,0,10,40
12-02-2023,Customer1219,32,65,58,0,10,40
12-02-2023,Customer1008,32,65,58,0,10,40
19-02-2023,Customer213,55,36,11,32,14,28
19-02-2023,Customer57,55,36,11,32,14,28
19-02-2023,Customer1898,55,36,11,32,14,28
19-02-2023,Customer1761,55,36,11,32,14,28
19-02-2023,Customer75,55,36,11,32,14,28
19-02-2023,Customer951,55,36,11,32,14,28
19-02-2023,Customer71,55,36,11,32,14,28
19-02-2023,Customer1319,55,36,11,32,14,28
19-02-2023,Customer66,55,36,11,32,14,28
19-02-2023,Customer1881,55,36,11,32,14,28
19-02-2023,Customer1571,55,36,11,32,14,28
19-02-2023,Customer360,55,36,11,32,14,28
19-02-2023,Customer749,55,36,11,32,14,28
26-02-2023,Customer823,48,18,39,5,31,23
26-02-2023,Customer1415,48,18,39,5,31,23
26-02-2023,Customer1790,48,18,39,5,31,23
26-02-2023,Customer1488,48,18,39,5,31,23
26-02-2023,Customer1825,48,18,39,5,31,23
26-02-2023,Customer591,48,18,39,5,31,23
26-02-2023,Customer517,48,18,39,5,31,23
26-02-2023,Customer159,48,18,39,5,31,23
26-02-2023,Customer1145,48,18,39,5,31,23
26-02-2023,Customer769,48,18,39,5,31,23
05-03-2023,Customer1789,0,48,41,40,59,20
05-03-2023,Customer122,0,48,41,40,59,20
05-03-2023,Customer314,0,48,41,40,59,20
05-03-2023,Customer70,0,48,41,40,59,20
05-03-2023,Customer1966,0,48,41,40,59,20
05-03-2023,Customer526,0,48,41,40,59,20
05-03-2023,Customer1162,0,48,41,40,59,20
05-03-2023,Customer721,0,48,41,40,59,20
05-03-2023,Customer577,0,48,41,40,59,20
12-03-2023,Customer797,34,58,34,3,16,55
12-03-2023,Customer1891,34,58,34,3,16,55
12-03-2023,Customer1098,34,58,34,3,16,55
12-03-2023,Customer1348,34,58,34,3,16,55
12-03-2023,Customer1479,34,58,34,3,16,55
12-03-2023,Customer1394,34,58,34,3,16,55
12-03-2023,Customer1680,34,58,34,3,16,55
12-03-2023,Customer364,34,58,34,3,16,55
12-03-2023,Customer1180,34,58,34,3,16,55
12-03-2023,Customer1542,34,58,34,3,16,55
19-03-2023,Customer1746,41,70,0,62,9,45
19-03-2023,Customer202,41,70,0,62,9,45
19-03-2023,Customer972,41,70,0,62,9,45
19-03-2023,Customer494,41,70,0,62,9,45
19-03-2023,Customer1961,41,70,0,62,9,45
19-03-2023,Customer1352,41,70,0,62,9,45
19-03-2023,Customer1735,41,70,0,62,9,45
19-03-2023,Customer1900,41,70,0,62,9,45
19-03-2023,Customer466,41,70,0,62,9,45
19-03-2023,Customer409,41,70,0,62,9,45
19-03-2023,Customer885,41,70,0,62,9,45
19-03-2023,Customer1456,41,70,0,62,9,45
19-03-2023,Customer1933,41,70,0,62,9,45
26-03-2023,Customer526,21,29,32,41,12,4
26-03-2023,Customer575,21,29,32,41,12,4
26-03-2023,Customer522,21,29,32,41,12,4
26-03-2023,Customer204,21,29,32,41,12,4
26-03-2023,Customer1478,21,29,32,41,12,4
26-03-2023,Customer1704,21,29,32,41,12,4
26-03-2023,Customer473,21,29,32,41,12,4
26-03-2023,Customer889,21,29,32,41,12,4
26-03-2023,Customer541,21,29,32,41,12,4
26-03-2023,Customer1237,21,29,32,41,12,4
26-03-2023,Customer402,21,29,32,41,12,4
26-03-2023,Customer1389,21,29,32,41,12,4
26-03-2023,Customer1023,21,29,32,41,12,4
02-04-2023,Customer341,8,34,1,57,26,41
02-04-2023,Customer1659,8,34,1,57,26,41
02-04-2023,Customer1053,8,34,1,57,26,41
02-04-2023,Customer245,8,34,1,57,26,41
02-04-2023,Customer361,8,34,1,57,26,41
02-04-2023,Customer782,8,34,1,57,26,41
02-04-2023,Customer331,8,34,1,57,26,41
02-04-2023,Customer875,8,34,1,57,26,41
02-04-2023,Customer1231,8,34,1,57,26,41
02-04-2023,Customer363,8,34,1,57,26,41
09-04-2023,Customer576,10,3,25,67,44,60
09-04-2023,Customer1922,10,3,25,67,44,60
09-04-2023,Customer1740,10,3,25,67,44,60
09-04-2023,Customer1585,10,3,25,67,44,60
09-04-2023,Customer468,10,3,25,67,44,60
09-04-2023,Customer154,10,3,25,67,44,60
09-04-2023,Customer1328,10,3,25,67,44,60
09-04-2023,Customer24,10,3,25,67,44,60
09-04-2023,Customer230,10,3,25,67,44,60
09-04-2023,Customer1887,10,3,25,67,44,60
16-04-2023,Customer584,57,69,60,27,66,14
16-04-2023,Customer1090,57,69,60,27,66,14
16-04-2023,Customer787,57,69,60,27,66,14
16-04-2023,Customer1996,57,69,60,27,66,14
16-04-2023,Customer839,57,69,60,27,66,14
16-04-2023,Customer1457,57,69,60,27,66,14
16-04-2023,Customer607,57,69,60,27,66,14
16-04-2023,Customer151,57,69,60,27,66,14
16-04-2023,Customer1592,57,69,60,27,66,14
16-04-2023,Customer635,57,69,60,27,66,14
23-04-2023,Customer1014,21,7,54,49,30,23
23-04-2023,Customer1641,21,7,54,49,30,23
23-04-2023,Customer522,21,7,54,49,30,23
23-04-2023,Customer256,21,7,54,49,30,23
23-04-2023,Customer989,21,7,54,49,30,23
23-04-2023,Customer1667,21,7,54,49,30,23
23-04-2023,Customer1098,21,7,54,49,30,23
23-04-2023,Customer582,21,7,54,49,30,23
23-04-2023,Customer1181,21,7,54,49,30,23
23-04-2023,Customer1726,21,7,54,49,30,23
30-04-2023,Customer785,66,45,4,6,20,68
30-04-2023,Customer1567,66,45,4,6,20,68
30-04-2023,Customer169,66,45,4,6,20,68
30-04-2023,Customer1603,66,45,4,6,20,68
30-04-2023,Customer1917,66,45,4,6,20,68
30-04-2023,Customer1243,66,45,4,6,20,68
30-04-2023,Customer911,66,45,4,6,20,68
30-04-2023,Customer92,66,45,4,6,20,68
30-04-2023,Customer669,66,45,4,6,20,68
07-05-2023,Customer1229,61,57,19,2,20,68
07-05-2023,Customer152,61,57,19,2,20,68
07-05-2023,Customer1889,61,57,19,2,20,68
07-05-2023,Customer1816,61,57,19,2,20,68
07-05-2023,Customer1903,61,57,19,2,20,68
07-05-2023,Customer1995,61,57,19,2,20,68
07-05-2023,Customer289,61,57,19,2,20,68
07-05-2023,Customer1407,61,57,19,2,20,68
07-05-2023,Customer1625,61,57,19,2,20,68
14-05-2023,Customer1647,66,18,4,23,6,4
14-05-2023,Customer547,66,18,4,23,6,4
14-05-2023,Customer1907,66,18,4,23,6,4
14-05-2023,Customer717,66,18,4,23,6,4
14-05-2023,Customer698,66,18,4,23,6,4
14-05-2023,Customer1266,66,18,4,23,6,4
14-05-2023,Customer744,66,18,4,23,6,4
14-05-2023,Customer990,66,18,4,23,6,4
14-05-2023,Customer726,66,18,4,23,6,4
14-05-2023,Customer704,66,18,4,23,6,4
21-05-2023,Customer888,32,70,45,44,11,18
21-05-2023,Customer462,32,70,45,44,11,18
21-05-2023,Customer1303,32,70,45,44,11,18
21-05-2023,Customer1905,32,70,45,44,11,18
21-05-2023,Customer946,32,70,45,44,11,18
21-05-2023,Customer5,32,70,45,44,11,18
21-05-2023,Customer218,32,70,45,44,11,18
21-05-2023,Customer1423,32,70,45,44,11,18
21-05-2023,Customer568,32,70,45,44,11,18
28-05-2023,Customer277,41,16,54,70,10,12
28-05-2023,Customer1397,41,16,54,70,10,12
28-05-2023,Customer988,41,16,54,70,10,12
28-05-2023,Customer436,41,16,54,70,10,12
28-05-2023,Customer407,41,16,54,70,10,12
28-05-2023,Customer1519,41,16,54,70,10,12
28-05-2023,Customer1670,41,16,54,70,10,12
28-05-2023,Customer1979,41,16,54,70,10,12
28-05-2023,Customer835,41,16,54,70,10,12
28-05-2023,Customer521,41,16,54,70,10,12
28-05-2023,Customer747,41,16,54,70,10,12
04-06-2023,Customer1832,53,1,29,43,6,58
04-06-2023,Customer1472,53,1,29,43,6,58
04-06-2023,Customer216,53,1,29,43,6,58
04-06-2023,Customer496,53,1,29,43,6,58
04-06-2023,Customer867,53,1,29,43,6,58
04-06-2023,Customer1889,53,1,29,43,6,58
04-06-2023,Customer1276,53,1,29,43,6,58
04-06-2023,Customer278,53,1,29,43,6,58
04-06-2023,Customer855,53,1,29,43,6,58
04-06-2023,Customer536,53,1,29,43,6,58
04-06-2023,Customer514,53,1,29,43,6,58
04-06-2023,Customer1696,53,1,29,43,6,58
11-06-2023,Customer133,5,27,24,21,32,53
11-06-2023,Customer689,5,27,24,21,32,53
11-06-2023,Customer1857,5,27,24,21,32,53
11-06-2023,Customer550,5,27,24,21,32,53
11-06-2023,Customer1640,5,27,24,21,32,53
11-06-2023,Customer650,5,27,24,21,32,53
11-06-2023,Customer1421,5,27,24,21,32,53
11-06-2023,Customer1644,5,27,24,21,32,53
11-06-2023,Customer25,5,27,24,21,32,53
11-06-2023,Customer17,5,27,24,21,32,53
18-06-2023,Customer888,54,57,67,64,49,13
18-06-2023,Customer1682,54,57,67,64,49,13
18-06-2023,Customer99,54,57,67,64,49,13
18-06-2023,Customer1716,54,57,67,64,49,13
18-06-2023,Customer1702,54,57,67,64,49,13
18-06-2023,Customer1165,54,57,67,64,49,13
18-06-2023,Customer12,54,57,67,64,49,13
18-06-2023,Customer817,54,57,67,64,49,13
18-06-2023,Customer739,54,57,67,64,49,13
18-06-2023,Customer1542,54,57,67,64,49,13
25-06-2023,Customer1717,52,8,21,21,26,58
25-06-2023,Customer846,52,8,21,21,26,58
25-06-2023,Customer1880,52,8,21,21,26,58
25-06-2023,Customer1281,52,8,21,21,26,58
25-06-2023,Customer1715,52,8,21,21,26,58
25-06-2023,Customer1148,52,8,21,21,26,58
25-06-2023,Customer747,52,8,21,21,26,58
25-06-2023,Customer1108,52,8,21,21,26,58
25-06-2023,Customer320,52,8,21,21,26,58
25-06-2023,Customer1634,52,8,21,21,26,58
25-06-2023,Customer1059,52,8,21,21,26,58
25-06-2023,Customer211,52,8,21,21,26,58
02-07-2023,Customer987,50,60,51,1,56,27
02-07-2023,Customer626,50,60,51,1,56,27
02-07-2023,Customer460,50,60,51,1,56,27
02-07-2023,Customer1775,50,60,51,1,56,27
02-07-2023,Customer1624,50,60,51,1,56,27
02-07-2023,Customer158,50,60,51,1,56,27
02-07-2023,Customer1592,50,60,51,1,56,27
02-07-2023,Customer1564,50,60,51,1,56,27
02-07-2023,Customer320,50,60,51,1,56,27
09-07-2023,Customer829,38,20,0,38,41,31
09-07-2023,Customer143,38,20,0,38,41,31
09-07-2023,Customer1109,38,20,0,38,41,31
09-07-2023,Customer1979,38,20,0,38,41,31
09-07-2023,Customer1432,38,20,0,38,41,31
09-07-2023,Customer1871,38,20,0,38,41,31
09-07-2023,Customer310,38,20,0,38,41,31
09-07-2023,Customer1308,38,20,0,38,41,31
09-07-2023,Customer1045,38,20,0,38,41,31
09-07-2023,Customer1753,38,20,0,38,41,31
09-07-2023,Customer1518,38,20,0,38,41,31
09-07-2023,Customer146,38,20,0,38,41,31
09-07-2023,Customer169,38,20,0,38,41,31
16-07-2023,Customer194,69,52,2,53,0,44
16-07-2023,Customer167,69,52,2,53,0,44
16-07-2023,Customer1793,69,52,2,53,0,44
16-07-2023,Customer467,69,52,2,53,0,44
16-07-2023,Customer672,69,52,2,53,0,44
16-07-2023,Customer1578,69,52,2,53,0,44
16-07-2023,Customer533,69,52,2,53,0,44
16-07-2023,Customer1275,69,52,2,53,0,44
16-07-2023,Customer109,69,52,2,53,0,44
23-07-2023,Customer1738,4,20,60,44,15,24
23-07-2023,Customer856,4,20,60,44,15,24
23-07-2023,Customer374,4,20,60,44,15,24
23-07-2023,Customer1505,4,20,60,44,15,24
23-07-2023,Customer1522,4,20,60,44,15,24
23-07-2023,Customer1695,4,20,60,44,15,24
23-07-2023,Customer543,4,20,60,44,15,24
23-07-2023,Customer1825,4,20,60,44,15,24
23-07-2023,Customer864,4,20,60,44,15,24
23-07-2023,Customer25,4,20,60,44,15,24
23-07-2023,Customer1137,4,20,60,44,15,24
30-07-2023,Customer288,45,36,11,68,14,60
30-07-2023,Customer1458,45,36,11,68,14,60
30-07-2023,Customer1995,45,36,11,68,14,60
30-07-2023,Customer1597,45,36,11,68,14,60
30-07-2023,Customer1115,45,36,11,68,14,60
30-07-2023,Customer310,45,36,11,68,14,60
30-07-2023,Customer1132,45,36,11,68,14,60
30-07-2023,Customer1532,45,36,11,68,14,60
30-07-2023,Customer1216,45,36,11,68,14,60
30-07-2023,Customer847,45,36,11,68,14,60
30-07-2023,Customer1705,45,36,11,68,14,60
06-08-2023,Customer396,50,47,28,5,40,14
06-08-2023,Customer1435,50,47,28,5,40,14
06-08-2023,Customer180,50,47,28,5,40,14
06-08-2023,Customer437,50,47,28,5,40,14
06-08-2023,Customer5,50,47,28,5,40,14
06-08-2023,Customer343,50,47,28,5,40,14
06-08-2023,Customer1339,50,47,28,5,40,14
06-08-2023,Customer104,50,47,28,5,40,14
06-08-2023,Customer906,50,47,28,5,40,14
06-08-2023,Customer1234,50,47,28,5,40,14
06-08-2023,Customer510,50,47,28,5,40,14
06-08-2023,Customer1529,50,47,28,5,40,14
06-08-2023,Customer909,50,47,28,5,40,14
13-08-2023,Customer1662,35,57,26,13,22,33
13-08-2023,Customer324,35,57,26,13,22,33
13-08-2023,Customer53,35,57,26,13,22,33
13-08-2023,Customer132,35,57,26,13,22,33
13-08-2023,Customer1595,35,57,26,13,22,33
13-08-2023,Customer1229,35,57,26,13,22,33
13-08-2023,Customer1997,35,57,26,13,22,33
13-08-2023,Customer1899,35,57,26,13,22,33
13-08-2023,Customer893,35,57,26,13,22,33
13-08-2023,Customer1475,35,57,26,13,22,33
13-08-2023,Customer38,35,57,26,13,22,33
13-08-2023,Customer4,35,57,26,13,22,33
20-08-2023,Customer751,68,60,2,2,65,49
20-08-2023,Customer298,68,60,2,2,65,49
20-08-2023,Customer150,68,60,2,2,65,49
20-08-2023,Customer1824,68,60,2,2,65,49
20-08-2023,Customer1294,68,60,2,2,65,49
20-08-2023,Customer1910,68,60,2,2,65,49
20-08-2023,Customer557,68,60,2,2,65,49
20-08-2023,Customer533,68,60,2,2,65,49
20-08-2023,Customer306,68,60,2,2,65,49
20-08-2023,Customer1526,68,60,2,2,65,49
20-08-2023,Customer100,68,60,2,2,65,49
27-08-2023,Customer63,5,39,5,27,38,42
27-08-2023,Customer308,5,39,5,27,38,42
27-08-2023,Customer65,5,39,5,27,38,42
27-08-2023,Customer1540,5,39,5,27,38,42
27-08-2023,Customer1196,5,39,5,27,38,42
27-08-2023,Customer1644,5,39,5,27,38,42
27-08-2023,Customer899,5,39,5,27,38,42
27-08-2023,Customer390,5,39,5,27,38,42
27-08-2023,Customer1493,5,39,5,27,38,42
27-08-2023,Customer839,5,39,5,27,38,42
27-08-2023,Customer1618,5,39,5,27,38,42
27-08-2023,Customer930,5,39,5,27,38,42
03-09-2023,Customer139,5,16,48,40,55,49
03-09-2023,Customer1488,5,16,48,40,55,49
03-09-2023,Customer1768,5,16,48,40,55,49
03-09-2023,Customer15,5,16,48,40,55,49
03-09-2023,Customer1070,5,16,48,40,55,49
03-09-2023,Customer103,5,16,48,40,55,49
03-09-2023,Customer1288,5,16,48,40,55,49
03-09-2023,Customer304,5,16,48,40,55,49
03-09-2023,Customer880,5,16,48,40,55,49
03-09-2023,Customer146,5,16,48,40,55,49
03-09-2023,Customer1546,5,16,48,40,55,49
03-09-2023,Customer1295,5,16,48,40,55,49
10-09-2023,Customer1988,52,47,70,25,24,4
10-09-2023,Customer1470,52,47,70,25,24,4
10-09-2023,Customer273,52,47,70,25,24,4
10-09-2023,Customer1509,52,47,70,25,24,4
10-09-2023,Customer39,52,47,70,25,24,4
10-09-2023,Customer1289,52,47,70,25,24,4
10-09-2023,Customer807,52,47,70,25,24,4
10-09-2023,Customer1180,52,47,70,25,24,4
10-09-2023,Customer661,52,47,70,25,24,4
10-09-2023,Customer222,52,47,70,25,24,4
10-09-2023,Customer1821,52,47,70,25,24,4
17-09-2023,Customer720,10,55,31,6,2,59
17-09-2023,Customer902,10,55,31,6,2,59
17-09-2023,Customer1495,10,55,31,6,2,59
17-09-2023,Customer1363,10,55,31,6,2,59
17-09-2023,Customer664,10,55,31,6,2,59
17-09-2023,Customer1683,10,55,31,6,2,59
17-09-2023,Customer127,10,55,31,6,2,59
17-09-2023,Customer227,10,55,31,6,2,59
17-09-2023,Customer102,10,55,31,6,2,59
17-09-2023,Customer379,10,55,31,6,2,59
17-09-2023,Customer1581,10,55,31,6,2,59
17-09-2023,Customer610,10,55,31,6,2,59
24-09-2023,Customer1541,26,52,14,34,63,22
24-09-2023,Customer887,26,52,14,34,63,22
24-09-2023,Customer1150,26,52,14,34,63,22
24-09-2023,Customer1942,26,52,14,34,63,22
24-09-2023,Customer1950,26,52,14,34,63,22
24-09-2023,Customer666,26,52,14,34,63,22
24-09-2023,Customer821,26,52,14,34,63,22
24-09-2023,Customer1537,26,52,14,34,63,22
24-09-2023,Customer1590,26,52,14,34,63,22
24-09-2023,Customer38,26,52,14,34,63,22
24-09-2023,Customer871,26,52,14,34,63,22
01-10-2023,Customer1483,9,63,7,34,19,26
01-10-2023,Customer1481,9,63,7,34,19,26
01-10-2023,Customer662,9,63,7,34,19,26
01-10-2023,Customer1649,9,63,7,34,19,26
01-10-2023,Customer1839,9,63,7,34,19,26
01-10-2023,Customer1390,9,63,7,34,19,26
01-10-2023,Customer1217,9,63,7,34,19,26
01-10-2023,Customer904,9,63,7,34,19,26
01-10-2023,Customer730,9,63,7,34,19,26
08-10-2023,Customer217,35,36,20,55,31,5
08-10-2023,Customer897,35,36,20,55,31,5
08-10-2023,Customer1104,35,36,20,55,31,5
08-10-2023,Customer1487,35,36,20,55,31,5
08-10-2023,Customer302,35,36,20,55,31,5
08-10-2023,Customer1780,35,36,20,55,31,5
08-10-2023,Customer304,35,36,20,55,31,5
08-10-2023,Customer610,35,36,20,55,31,5
08-10-2023,Customer1839,35,36,20,55,31,5
08-10-2023,Customer1726,35,36,20,55,31,5
15-10-2023,Customer1135,50,60,39,10,61,57
15-10-2023,Customer408,50,60,39,10,61,57
15-10-2023,Customer57,50,60,39,10,61,57
15-10-2023,Customer1558,50,60,39,10,61,57
15-10-2023,Customer963,50,60,39,10,61,57
15-10-2023,Customer364,50,60,39,10,61,57
15-10-2023,Customer153,50,60,39,10,61,57
15-10-2023,Customer643,50,60,39,10,61,57
15-10-2023,Customer603,50,60,39,10,61,57
22-10-2023,Customer720,0,40,62,68,21,57
22-10-2023,Customer1263,0,40,62,68,21,57
22-10-2023,Customer1963,0,40,62,68,21,57
22-10-2023,Customer1457,0,40,62,68,21,57
22-10-2023,Customer521,0,40,62,68,21,57
22-10-2023,Customer1372,0,40,62,68,21,57
22-10-2023,Customer645,0,40,62,68,21,57
22-10-2023,Customer727,0,40,62,68,21,57
22-10-2023,Customer92,0,40,62,68,21,57
29-10-2023,Customer200,32,28,33,9,24,33
29-10-2023,Customer281,32,28,33,9,24,33
29-10-2023,Customer381,32,28,33,9,24,33
29-10-2023,Customer703,32,28,33,9,24,33
29-10-2023,Customer1748,32,28,33,9,24,33
29-10-2023,Customer321,32,28,33,9,24,33
29-10-2023,Customer941,32,28,33,9,24,33
29-10-2023,Customer1530,32,28,33,9,24,33
29-10-2023,Customer648,32,28,33,9,24,33
29-10-2023,Customer1974,32,28,33,9,24,33
29-10-2023,Customer733,32,28,33,9,24,33
29-10-2023,Customer382,32,28,33,9,24,33
29-10-2023,Customer1814,32,28,33,9,24,33
05-11-2023,Customer1617,34,26,39,30,54,65
05-11-2023,Customer272,34,26,39,30,54,65
05-11-2023,Customer1271,34,26,39,30,54,65
05-11-2023,Customer1634,34,26,39,30,54,65
05-11-2023,Customer1093,34,26,39,30,54,65
05-11-2023,Customer1656,34,26,39,30,54,65
05-11-2023,Customer1898,34,26,39,30,54,65
05-11-2023,Customer1983,34,26,39,30,54,65
05-11-2023,Customer1795,34,26,39,30,54,65
05-11-2023,Customer1990,34,26,39,30,54,65
05-11-2023,Customer646,34,26,39,30,54,65
05-11-2023,Customer1262,34,26,39,30,54,65
12-11-2023,Customer1394,11,21,61,24,47,36
12-11-2023,Customer1511,11,21,61,24,47,36
12-11-2023,Customer374,11,21,61,24,47,36
12-11-2023,Customer1069,11,21,61,24,47,36
12-11-2023,Customer1626,11,21,61,24,47,36
12-11-2023,Customer1449,11,21,61,24,47,36
12-11-2023,Customer3,11,21,61,24,47,36
12-11-2023,Customer423,11,21,61,24,47,36
12-11-2023,Customer943,11,21,61,24,47,36
12-11-2023,Customer1953,11,21,61,24,47,36
12-11-2023,Customer484,11,21,61,24,47,36
12-11-2023,Customer384,11,21,61,24,47,36
19-11-2023,Customer1086,2,13,60,5,62,56
19-11-2023,Customer572,2,13,60,5,62,56
19-11-2023,Customer281,2,13,60,5,62,56
19-11-2023,Customer1200,2,13,60,5,62,56
19-11-2023,Customer764,2,13,60,5,62,56
19-11-2023,Customer1724,2,13,60,5,62,56
19-11-2023,Customer172,2,13,60,5,62,56
19-11-2023,Customer266,2,13,60,5,62,56
19-11-2023,Customer406,2,13,60,5,62,56
26-11-2023,Customer994,22,0,67,63,55,39
26-11-2023,Customer1464,22,0,67,63,55,39
26-11-2023,Customer1746,22,0,67,63,55,39
26-11-2023,Customer402,22,0,67,63,55,39
26-11-2023,Customer1586,22,0,67,63,55,39
26-11-2023,Customer1368,22,0,67,63,55,39
26-11-2023,Customer1378,22,0,67,63,55,39
26-11-2023,Customer435,22,0,67,63,55,39
26-11-2023,Customer291,22,0,67,63,55,39
26-11-2023,Customer1850,22,0,67,63,55,39
26-11-2023,Customer726,22,0,67,63,55,39
03-12-2023,Customer359,22,36,31,54,24,11
03-12-2023,Customer695,22,36,31,54,24,11
03-12-2023,Customer1155,22,36,31,54,24,11
03-12-2023,Customer773,22,36,31,54,24,11
03-12-2023,Customer1121,22,36,31,54,24,11
03-12-2023,Customer1568,22,36,31,54,24,11
03-12-2023,Customer1509,22,36,31,54,24,11
03-12-2023,Customer548,22,36,31,54,24,11
03-12-2023,Customer186,22,36,31,54,24,11
03-12-2023,Customer673,22,36,31,54,24,11
03-12-2023,Customer1795,22,36,31,54,24,11
10-12-2023,Customer180,24,67,70,28,52,45
10-12-2023,Customer951,24,67,70,28,52,45
10-12-2023,Customer1324,24,67,70,28,52,45
10-12-2023,Customer1197,24,67,70,28,52,45
10-12-2023,Customer207,24,67,70,28,52,45
10-12-2023,Customer475,24,67,70,28,52,45
10-12-2023,Customer1473,24,67,70,28,52,45
10-12-2023,Customer1501,24,67,70,28,52,45
10-12-2023,Customer567,24,67,70,28,52,45
17-12-2023,Customer928,29,59,34,18,7,18
17-12-2023,Customer1032,29,59,34,18,7,18
17-12-2023,Customer1655,29,59,34,18,7,18
17-12-2023,Customer623,29,59,34,18,7,18
17-12-2023,Customer1743,29,59,34,18,7,18
17-12-2023,Customer1964,29,59,34,18,7,18
17-12-2023,Customer569,29,59,34,18,7,18
17-12-2023,Customer1451,29,59,34,18,7,18
17-12-2023,Customer1136,29,59,34,18,7,18
17-12-2023,Customer798,29,59,34,18,7,18
17-12-2023,Customer1241,29,59,34,18,7,18
17-12-2023,Customer1354,29,59,34,18,7,18
17-12-2023,Customer463,29,59,34,18,7,18
24-12-2023,Customer1509,34,23,27,18,22,55
24-12-2023,Customer889,34,23,27,18,22,55
24-12-2023,Customer1802,34,23,27,18,22,55
24-12-2023,Customer1694,34,23,27,18,22,55
24-12-2023,Customer952,34,23,27,18,22,55
24-12-2023,Customer1960,34,23,27,18,22,55
24-12-2023,Customer1520,34,23,27,18,22,55
24-12-2023,Customer134,34,23,27,18,22,55
24-12-2023,Customer842,34,23,27,18,22,55
24-12-2023,Customer1120,34,23,27,18,22,55
24-12-2023,Customer456,34,23,27,18,22,55
24-12-2023,Customer829,34,23,27,18,22,55
24-12-2023,Customer1036,34,23,27,18,22,55
31-12-2023,Customer1332,35,21,29,66,60,11
31-12-2023,Customer1005,35,21,29,66,60,11
31-12-2023,Customer1938,35,21,29,66,60,11
31-12-2023,Customer99,35,21,29,66,60,11
31-12-2023,Customer1200,35,21,29,66,60,11
31-12-2023,Customer1382,35,21,29,66,60,11
31-12-2023,Customer504,35,21,29,66,60,11
31-12-2023,Customer358,35,21,29,66,60,11
31-12-2023,Customer910,35,21,29,66,60,11
31-12-2023,Customer265,35,21,29,66,60,11
